<?xml version="1.0" encoding="UTF-8" standalone="no" ?>
<gpx xmlns="http://www.topografix.com/GPX/1/1" xmlns:gpxtrx="http://www.garmin.com/xmlschemas/GpxExtensions/v3" xmlns:gpxtpx="http://www.garmin.com/xmlschemas/TrackPointExtension/v1" xmlns:gpxx="http://www.garmin.com/xmlschemas/GpxExtensions/v3" creator="Hiking Logger v3.9.0 b315" version="1.1" xmlns:xsi="http://www.w3.org/2001/XMLSchema-instance" xsi:schemaLocation="http://www.topografix.com/GPX/1/1 http://www.topografix.com/GPX/1/1/gpx.xsd http://www.garmin.com/xmlschemas/TrackPointExtension/v1 http://www.garmin.com/xmlschemas/TrackPointExtensionv1.xsd http://www.garmin.com/xmlschemas/GpxExtensions/v3 http://www8.garmin.com/xmlschemas/GpxExtensionsv3.xsd">
<metadata>
<name><![CDATA[0909 山搜統整路線]]></name>
<link href="www.ccmedia.com.tw">
<text>Hiking Logger</text>
</link>
<time>2025-09-10T00:49:59Z</time>
</metadata>
<wpt lat="25.278467" lon="121.51599">
<ele>45</ele>
<time>2025-09-09T02:57:19Z</time>
<name><![CDATA[01]]></name>
<sym>Information</sym>
</wpt>
<wpt lat="25.278488" lon="121.52692">
<ele>66</ele>
<time>2025-09-09T04:41:58Z</time>
<name><![CDATA[02]]></name>
<sym>Information</sym>
</wpt>
<wpt lat="25.277844" lon="121.518227">
<ele>53.9</ele>
<time>2025-09-09T01:58:05Z</time>
<name><![CDATA[001]]></name>
</wpt>
<wpt lat="25.277855" lon="121.519884">
<ele>45.6</ele>
<time>2025-09-09T02:04:03Z</time>
<name><![CDATA[002]]></name>
</wpt>
<wpt lat="25.279814" lon="121.520818">
<ele>54.3</ele>
<time>2025-09-09T02:16:19Z</time>
<name><![CDATA[003]]></name>
</wpt>
<wpt lat="25.280137" lon="121.525395">
<ele>54.1</ele>
<time>2025-09-09T04:28:55Z</time>
<name><![CDATA[004]]></name>
</wpt>
<wpt lat="25.278322" lon="121.525989">
<ele>74.8</ele>
<time>2025-09-09T04:44:48Z</time>
<name><![CDATA[005]]></name>
</wpt>
<wpt lat="25.278394" lon="121.525166">
<ele>59.8</ele>
<time>2025-09-09T04:58:43Z</time>
<name><![CDATA[006]]></name>
</wpt>
<trk>
<name><![CDATA[2025-09-09_09-58-18]]></name>
<extensions>
<gpxx:TrackExtension>
<gpxx:DisplayColor>Red</gpxx:DisplayColor>
</gpxx:TrackExtension>
</extensions>
<trkseg>
<trkpt lat="25.278185" lon="121.51807">
<ele>43</ele>
<time>2025-09-09T01:58:20Z</time>
</trkpt>
<trkpt lat="25.277864" lon="121.51818">
<ele>45</ele>
<time>2025-09-09T01:58:35Z</time>
</trkpt>
<trkpt lat="25.277908" lon="121.51814">
<ele>45</ele>
<time>2025-09-09T01:59:00Z</time>
</trkpt>
<trkpt lat="25.277962" lon="121.51822">
<ele>45</ele>
<time>2025-09-09T01:59:25Z</time>
</trkpt>
<trkpt lat="25.278011" lon="121.51828">
<ele>44</ele>
<time>2025-09-09T01:59:45Z</time>
</trkpt>
<trkpt lat="25.27805" lon="121.51837">
<ele>44</ele>
<time>2025-09-09T01:59:55Z</time>
</trkpt>
<trkpt lat="25.27809" lon="121.51844">
<ele>45</ele>
<time>2025-09-09T02:00:05Z</time>
</trkpt>
<trkpt lat="25.278095" lon="121.518585">
<ele>46</ele>
<time>2025-09-09T02:00:20Z</time>
</trkpt>
<trkpt lat="25.278116" lon="121.518684">
<ele>47</ele>
<time>2025-09-09T02:00:30Z</time>
</trkpt>
<trkpt lat="25.278131" lon="121.51884">
<ele>47</ele>
<time>2025-09-09T02:00:45Z</time>
</trkpt>
<trkpt lat="25.278143" lon="121.5189">
<ele>48</ele>
<time>2025-09-09T02:01:40Z</time>
</trkpt>
<trkpt lat="25.278091" lon="121.51896">
<ele>48</ele>
<time>2025-09-09T02:01:50Z</time>
</trkpt>
<trkpt lat="25.27802" lon="121.51906">
<ele>48</ele>
<time>2025-09-09T02:02:05Z</time>
</trkpt>
<trkpt lat="25.277994" lon="121.51921">
<ele>49</ele>
<time>2025-09-09T02:02:20Z</time>
</trkpt>
<trkpt lat="25.277948" lon="121.51938">
<ele>48</ele>
<time>2025-09-09T02:02:35Z</time>
</trkpt>
<trkpt lat="25.277876" lon="121.519424">
<ele>47</ele>
<time>2025-09-09T02:02:55Z</time>
</trkpt>
<trkpt lat="25.277914" lon="121.51951">
<ele>47</ele>
<time>2025-09-09T02:03:15Z</time>
</trkpt>
<trkpt lat="25.277943" lon="121.519615">
<ele>46</ele>
<time>2025-09-09T02:03:25Z</time>
</trkpt>
<trkpt lat="25.277988" lon="121.51977">
<ele>45</ele>
<time>2025-09-09T02:03:40Z</time>
</trkpt>
<trkpt lat="25.27801" lon="121.51985">
<ele>43</ele>
<time>2025-09-09T02:03:55Z</time>
</trkpt>
<trkpt lat="25.277967" lon="121.519875">
<ele>42</ele>
<time>2025-09-09T02:04:10Z</time>
</trkpt>
<trkpt lat="25.277874" lon="121.51983">
<ele>42</ele>
<time>2025-09-09T02:04:25Z</time>
</trkpt>
<trkpt lat="25.277847" lon="121.51976">
<ele>43</ele>
<time>2025-09-09T02:04:35Z</time>
</trkpt>
<trkpt lat="25.277843" lon="121.51983">
<ele>41</ele>
<time>2025-09-09T02:08:10Z</time>
</trkpt>
<trkpt lat="25.277897" lon="121.51989">
<ele>41</ele>
<time>2025-09-09T02:08:25Z</time>
</trkpt>
<trkpt lat="25.27797" lon="121.519875">
<ele>42</ele>
<time>2025-09-09T02:08:40Z</time>
</trkpt>
<trkpt lat="25.278078" lon="121.519936">
<ele>41</ele>
<time>2025-09-09T02:08:55Z</time>
</trkpt>
<trkpt lat="25.278143" lon="121.51998">
<ele>39</ele>
<time>2025-09-09T02:09:05Z</time>
</trkpt>
<trkpt lat="25.27822" lon="121.51999">
<ele>39</ele>
<time>2025-09-09T02:09:15Z</time>
</trkpt>
<trkpt lat="25.278326" lon="121.52">
<ele>38</ele>
<time>2025-09-09T02:09:30Z</time>
</trkpt>
<trkpt lat="25.27836" lon="121.52006">
<ele>37</ele>
<time>2025-09-09T02:10:10Z</time>
</trkpt>
<trkpt lat="25.278404" lon="121.52001">
<ele>37</ele>
<time>2025-09-09T02:10:30Z</time>
</trkpt>
<trkpt lat="25.278494" lon="121.51999">
<ele>37</ele>
<time>2025-09-09T02:10:40Z</time>
</trkpt>
<trkpt lat="25.278572" lon="121.51999">
<ele>36</ele>
<time>2025-09-09T02:10:55Z</time>
</trkpt>
<trkpt lat="25.27862" lon="121.51997">
<ele>36</ele>
<time>2025-09-09T02:11:25Z</time>
</trkpt>
<trkpt lat="25.278717" lon="121.51994">
<ele>36</ele>
<time>2025-09-09T02:11:35Z</time>
</trkpt>
<trkpt lat="25.2788" lon="121.51991">
<ele>37</ele>
<time>2025-09-09T02:11:50Z</time>
</trkpt>
<trkpt lat="25.278902" lon="121.51989">
<ele>37</ele>
<time>2025-09-09T02:12:00Z</time>
</trkpt>
<trkpt lat="25.278994" lon="121.51987">
<ele>37</ele>
<time>2025-09-09T02:12:15Z</time>
</trkpt>
<trkpt lat="25.279148" lon="121.51982">
<ele>38</ele>
<time>2025-09-09T02:12:30Z</time>
</trkpt>
<trkpt lat="25.279242" lon="121.5199">
<ele>34</ele>
<time>2025-09-09T02:12:45Z</time>
</trkpt>
<trkpt lat="25.27928" lon="121.52001">
<ele>32</ele>
<time>2025-09-09T02:12:55Z</time>
</trkpt>
<trkpt lat="25.279291" lon="121.52014">
<ele>34</ele>
<time>2025-09-09T02:13:10Z</time>
</trkpt>
<trkpt lat="25.279186" lon="121.52017">
<ele>36</ele>
<time>2025-09-09T02:13:25Z</time>
</trkpt>
<trkpt lat="25.279287" lon="121.52014">
<ele>34</ele>
<time>2025-09-09T02:13:40Z</time>
</trkpt>
<trkpt lat="25.279448" lon="121.520164">
<ele>33</ele>
<time>2025-09-09T02:13:55Z</time>
</trkpt>
<trkpt lat="25.27951" lon="121.52019">
<ele>33</ele>
<time>2025-09-09T02:14:05Z</time>
</trkpt>
<trkpt lat="25.279604" lon="121.520226">
<ele>33</ele>
<time>2025-09-09T02:14:20Z</time>
</trkpt>
<trkpt lat="25.279654" lon="121.52026">
<ele>34</ele>
<time>2025-09-09T02:14:35Z</time>
</trkpt>
<trkpt lat="25.279688" lon="121.52034">
<ele>36</ele>
<time>2025-09-09T02:14:50Z</time>
</trkpt>
<trkpt lat="25.279758" lon="121.5204">
<ele>38</ele>
<time>2025-09-09T02:15:05Z</time>
</trkpt>
<trkpt lat="25.27983" lon="121.52044">
<ele>41</ele>
<time>2025-09-09T02:15:15Z</time>
</trkpt>
<trkpt lat="25.279964" lon="121.52034">
<ele>41</ele>
<time>2025-09-09T02:15:30Z</time>
</trkpt>
<trkpt lat="25.280064" lon="121.5203">
<ele>40</ele>
<time>2025-09-09T02:15:45Z</time>
</trkpt>
<trkpt lat="25.280144" lon="121.52026">
<ele>38</ele>
<time>2025-09-09T02:16:00Z</time>
</trkpt>
<trkpt lat="25.280224" lon="121.52025">
<ele>37</ele>
<time>2025-09-09T02:16:10Z</time>
</trkpt>
<trkpt lat="25.28028" lon="121.52029">
<ele>37</ele>
<time>2025-09-09T02:18:20Z</time>
</trkpt>
<trkpt lat="25.280348" lon="121.52036">
<ele>37</ele>
<time>2025-09-09T02:18:30Z</time>
</trkpt>
<trkpt lat="25.280378" lon="121.52042">
<ele>38</ele>
<time>2025-09-09T02:18:40Z</time>
</trkpt>
<trkpt lat="25.280432" lon="121.52039">
<ele>36</ele>
<time>2025-09-09T02:19:20Z</time>
</trkpt>
<trkpt lat="25.2805" lon="121.52038">
<ele>34</ele>
<time>2025-09-09T02:19:50Z</time>
</trkpt>
<trkpt lat="25.280458" lon="121.52048">
<ele>37</ele>
<time>2025-09-09T02:20:16Z</time>
</trkpt>
<trkpt lat="25.280499" lon="121.52041">
<ele>34</ele>
<time>2025-09-09T02:20:35Z</time>
</trkpt>
<trkpt lat="25.28059" lon="121.520424">
<ele>32</ele>
<time>2025-09-09T02:20:57Z</time>
</trkpt>
<trkpt lat="25.280617" lon="121.520515">
<ele>34</ele>
<time>2025-09-09T02:21:12Z</time>
</trkpt>
<trkpt lat="25.280708" lon="121.520546">
<ele>32</ele>
<time>2025-09-09T02:21:37Z</time>
</trkpt>
<trkpt lat="25.280668" lon="121.520615">
<ele>34</ele>
<time>2025-09-09T02:21:52Z</time>
</trkpt>
<trkpt lat="25.28068" lon="121.520676">
<ele>34</ele>
<time>2025-09-09T02:22:02Z</time>
</trkpt>
<trkpt lat="25.28067" lon="121.52077">
<ele>35</ele>
<time>2025-09-09T02:22:17Z</time>
</trkpt>
<trkpt lat="25.280764" lon="121.5208">
<ele>33</ele>
<time>2025-09-09T02:22:27Z</time>
</trkpt>
<trkpt lat="25.280798" lon="121.52087">
<ele>32</ele>
<time>2025-09-09T02:22:42Z</time>
</trkpt>
<trkpt lat="25.280771" lon="121.52091">
<ele>34</ele>
<time>2025-09-09T02:23:12Z</time>
</trkpt>
<trkpt lat="25.280842" lon="121.52093">
<ele>32</ele>
<time>2025-09-09T02:23:47Z</time>
</trkpt>
<trkpt lat="25.280888" lon="121.52094">
<ele>30</ele>
<time>2025-09-09T02:24:32Z</time>
</trkpt>
<trkpt lat="25.280838" lon="121.52096">
<ele>32</ele>
<time>2025-09-09T02:24:42Z</time>
</trkpt>
<trkpt lat="25.280884" lon="121.52094">
<ele>30</ele>
<time>2025-09-09T02:25:07Z</time>
</trkpt>
<trkpt lat="25.280926" lon="121.52104">
<ele>29</ele>
<time>2025-09-09T02:25:17Z</time>
</trkpt>
<trkpt lat="25.280909" lon="121.521194">
<ele>29</ele>
<time>2025-09-09T02:25:32Z</time>
</trkpt>
<trkpt lat="25.28086" lon="121.5213">
<ele>29</ele>
<time>2025-09-09T02:25:47Z</time>
</trkpt>
<trkpt lat="25.280823" lon="121.52137">
<ele>30</ele>
<time>2025-09-09T02:25:57Z</time>
</trkpt>
<trkpt lat="25.280767" lon="121.52148">
<ele>29</ele>
<time>2025-09-09T02:26:12Z</time>
</trkpt>
<trkpt lat="25.280714" lon="121.52148">
<ele>30</ele>
<time>2025-09-09T02:26:27Z</time>
</trkpt>
<trkpt lat="25.280653" lon="121.52145">
<ele>32</ele>
<time>2025-09-09T02:26:42Z</time>
</trkpt>
<trkpt lat="25.280605" lon="121.521416">
<ele>33</ele>
<time>2025-09-09T02:26:52Z</time>
</trkpt>
<trkpt lat="25.28051" lon="121.52145">
<ele>35</ele>
<time>2025-09-09T02:27:07Z</time>
</trkpt>
<trkpt lat="25.280392" lon="121.521484">
<ele>36</ele>
<time>2025-09-09T02:27:22Z</time>
</trkpt>
<trkpt lat="25.280336" lon="121.5215">
<ele>37</ele>
<time>2025-09-09T02:27:32Z</time>
</trkpt>
<trkpt lat="25.280273" lon="121.52153">
<ele>38</ele>
<time>2025-09-09T02:28:27Z</time>
</trkpt>
<trkpt lat="25.280264" lon="121.52158">
<ele>37</ele>
<time>2025-09-09T02:29:07Z</time>
</trkpt>
<trkpt lat="25.280294" lon="121.521545">
<ele>37</ele>
<time>2025-09-09T02:29:22Z</time>
</trkpt>
<trkpt lat="25.280348" lon="121.521484">
<ele>37</ele>
<time>2025-09-09T02:30:07Z</time>
</trkpt>
<trkpt lat="25.280369" lon="121.52137">
<ele>39</ele>
<time>2025-09-09T02:30:22Z</time>
</trkpt>
<trkpt lat="25.280518" lon="121.52129">
<ele>38</ele>
<time>2025-09-09T02:30:37Z</time>
</trkpt>
<trkpt lat="25.280624" lon="121.52129">
<ele>36</ele>
<time>2025-09-09T02:30:52Z</time>
</trkpt>
<trkpt lat="25.280697" lon="121.52123">
<ele>35</ele>
<time>2025-09-09T02:31:02Z</time>
</trkpt>
<trkpt lat="25.280733" lon="121.521164">
<ele>36</ele>
<time>2025-09-09T02:31:12Z</time>
</trkpt>
<trkpt lat="25.280775" lon="121.52112">
<ele>36</ele>
<time>2025-09-09T02:31:27Z</time>
</trkpt>
<trkpt lat="25.280746" lon="121.521065">
<ele>36</ele>
<time>2025-09-09T02:31:52Z</time>
</trkpt>
<trkpt lat="25.280708" lon="121.52093">
<ele>36</ele>
<time>2025-09-09T02:32:07Z</time>
</trkpt>
<trkpt lat="25.280645" lon="121.52087">
<ele>37</ele>
<time>2025-09-09T02:32:17Z</time>
</trkpt>
<trkpt lat="25.280579" lon="121.52075">
<ele>38</ele>
<time>2025-09-09T02:32:32Z</time>
</trkpt>
<trkpt lat="25.280537" lon="121.52065">
<ele>38</ele>
<time>2025-09-09T02:32:47Z</time>
</trkpt>
<trkpt lat="25.28056" lon="121.5205">
<ele>35</ele>
<time>2025-09-09T02:33:02Z</time>
</trkpt>
<trkpt lat="25.28057" lon="121.52044">
<ele>33</ele>
<time>2025-09-09T02:33:17Z</time>
</trkpt>
<trkpt lat="25.280518" lon="121.52042">
<ele>34</ele>
<time>2025-09-09T02:33:32Z</time>
</trkpt>
<trkpt lat="25.28041" lon="121.52047">
<ele>38</ele>
<time>2025-09-09T02:33:47Z</time>
</trkpt>
<trkpt lat="25.280304" lon="121.52037">
<ele>39</ele>
<time>2025-09-09T02:34:02Z</time>
</trkpt>
<trkpt lat="25.280247" lon="121.5203">
<ele>38</ele>
<time>2025-09-09T02:34:17Z</time>
</trkpt>
<trkpt lat="25.280252" lon="121.52022">
<ele>36</ele>
<time>2025-09-09T02:34:27Z</time>
</trkpt>
<trkpt lat="25.280233" lon="121.520164">
<ele>35</ele>
<time>2025-09-09T02:34:37Z</time>
</trkpt>
<trkpt lat="25.28017" lon="121.52019">
<ele>36</ele>
<time>2025-09-09T02:35:02Z</time>
</trkpt>
<trkpt lat="25.280157" lon="121.52026">
<ele>38</ele>
<time>2025-09-09T02:35:12Z</time>
</trkpt>
<trkpt lat="25.280073" lon="121.52029">
<ele>39</ele>
<time>2025-09-09T02:35:22Z</time>
</trkpt>
<trkpt lat="25.280022" lon="121.520294">
<ele>40</ele>
<time>2025-09-09T02:35:57Z</time>
</trkpt>
<trkpt lat="25.279974" lon="121.52035">
<ele>41</ele>
<time>2025-09-09T02:36:07Z</time>
</trkpt>
<trkpt lat="25.279922" lon="121.52042">
<ele>42</ele>
<time>2025-09-09T02:36:22Z</time>
</trkpt>
<trkpt lat="25.279858" lon="121.52043">
<ele>41</ele>
<time>2025-09-09T02:36:32Z</time>
</trkpt>
<trkpt lat="25.279757" lon="121.52037">
<ele>37</ele>
<time>2025-09-09T02:36:47Z</time>
</trkpt>
<trkpt lat="25.279715" lon="121.52034">
<ele>36</ele>
<time>2025-09-09T02:37:02Z</time>
</trkpt>
<trkpt lat="25.27966" lon="121.52032">
<ele>36</ele>
<time>2025-09-09T02:37:22Z</time>
</trkpt>
<trkpt lat="25.279625" lon="121.52029">
<ele>35</ele>
<time>2025-09-09T02:37:42Z</time>
</trkpt>
<trkpt lat="25.279547" lon="121.52025">
<ele>34</ele>
<time>2025-09-09T02:38:12Z</time>
</trkpt>
<trkpt lat="25.27943" lon="121.52017">
<ele>34</ele>
<time>2025-09-09T02:38:27Z</time>
</trkpt>
<trkpt lat="25.279356" lon="121.520096">
<ele>33</ele>
<time>2025-09-09T02:38:42Z</time>
</trkpt>
<trkpt lat="25.279285" lon="121.52005">
<ele>32</ele>
<time>2025-09-09T02:38:57Z</time>
</trkpt>
<trkpt lat="25.279272" lon="121.51996">
<ele>32</ele>
<time>2025-09-09T02:39:12Z</time>
</trkpt>
<trkpt lat="25.279263" lon="121.51989">
<ele>34</ele>
<time>2025-09-09T02:39:32Z</time>
</trkpt>
<trkpt lat="25.279242" lon="121.519806">
<ele>36</ele>
<time>2025-09-09T02:39:42Z</time>
</trkpt>
<trkpt lat="25.279264" lon="121.51987">
<ele>34</ele>
<time>2025-09-09T02:40:02Z</time>
</trkpt>
<trkpt lat="25.279282" lon="121.51993">
<ele>33</ele>
<time>2025-09-09T02:40:17Z</time>
</trkpt>
<trkpt lat="25.279236" lon="121.51992">
<ele>34</ele>
<time>2025-09-09T02:40:37Z</time>
</trkpt>
<trkpt lat="25.279291" lon="121.51995">
<ele>32</ele>
<time>2025-09-09T02:40:52Z</time>
</trkpt>
<trkpt lat="25.27933" lon="121.51992">
<ele>32</ele>
<time>2025-09-09T02:41:07Z</time>
</trkpt>
<trkpt lat="25.279333" lon="121.51999">
<ele>31</ele>
<time>2025-09-09T02:42:17Z</time>
</trkpt>
<trkpt lat="25.279371" lon="121.51994">
<ele>31</ele>
<time>2025-09-09T02:42:47Z</time>
</trkpt>
<trkpt lat="25.279417" lon="121.51998">
<ele>30</ele>
<time>2025-09-09T02:43:57Z</time>
</trkpt>
<trkpt lat="25.27946" lon="121.51996">
<ele>29</ele>
<time>2025-09-09T02:44:37Z</time>
</trkpt>
<trkpt lat="25.279425" lon="121.51993">
<ele>30</ele>
<time>2025-09-09T02:46:27Z</time>
</trkpt>
<trkpt lat="25.279518" lon="121.51994">
<ele>28</ele>
<time>2025-09-09T02:46:57Z</time>
</trkpt>
<trkpt lat="25.279566" lon="121.51999">
<ele>27</ele>
<time>2025-09-09T02:47:17Z</time>
</trkpt>
<trkpt lat="25.279505" lon="121.51997">
<ele>28</ele>
<time>2025-09-09T02:47:27Z</time>
</trkpt>
<trkpt lat="25.279457" lon="121.51991">
<ele>30</ele>
<time>2025-09-09T02:47:42Z</time>
</trkpt>
<trkpt lat="25.279457" lon="121.51997">
<ele>29</ele>
<time>2025-09-09T02:47:52Z</time>
</trkpt>
<trkpt lat="25.279448" lon="121.52002">
<ele>30</ele>
<time>2025-09-09T02:48:17Z</time>
</trkpt>
<trkpt lat="25.279497" lon="121.52001">
<ele>28</ele>
<time>2025-09-09T02:48:57Z</time>
</trkpt>
<trkpt lat="25.27952" lon="121.51995">
<ele>28</ele>
<time>2025-09-09T02:49:47Z</time>
</trkpt>
<trkpt lat="25.279474" lon="121.51998">
<ele>29</ele>
<time>2025-09-09T02:50:17Z</time>
</trkpt>
<trkpt lat="25.279459" lon="121.520035">
<ele>30</ele>
<time>2025-09-09T02:51:15Z</time>
</trkpt>
<trkpt lat="25.279404" lon="121.52003">
<ele>30</ele>
<time>2025-09-09T02:51:25Z</time>
</trkpt>
<trkpt lat="25.279308" lon="121.52006">
<ele>32</ele>
<time>2025-09-09T02:51:45Z</time>
</trkpt>
<trkpt lat="25.279394" lon="121.52007">
<ele>32</ele>
<time>2025-09-09T02:51:55Z</time>
</trkpt>
<trkpt lat="25.279388" lon="121.52016">
<ele>33</ele>
<time>2025-09-09T02:52:15Z</time>
</trkpt>
<trkpt lat="25.279333" lon="121.52007">
<ele>32</ele>
<time>2025-09-09T02:52:30Z</time>
</trkpt>
<trkpt lat="25.279274" lon="121.519936">
<ele>33</ele>
<time>2025-09-09T02:52:45Z</time>
</trkpt>
<trkpt lat="25.279238" lon="121.51984">
<ele>35</ele>
<time>2025-09-09T02:52:55Z</time>
</trkpt>
<trkpt lat="25.27932" lon="121.51969">
<ele>36</ele>
<time>2025-09-09T02:53:10Z</time>
</trkpt>
<trkpt lat="25.279434" lon="121.51959">
<ele>36</ele>
<time>2025-09-09T02:53:25Z</time>
</trkpt>
<trkpt lat="25.279554" lon="121.51946">
<ele>34</ele>
<time>2025-09-09T02:53:40Z</time>
</trkpt>
<trkpt lat="25.279646" lon="121.519356">
<ele>34</ele>
<time>2025-09-09T02:53:55Z</time>
</trkpt>
<trkpt lat="25.279686" lon="121.51927">
<ele>35</ele>
<time>2025-09-09T02:54:10Z</time>
</trkpt>
<trkpt lat="25.27983" lon="121.519165">
<ele>31</ele>
<time>2025-09-09T02:54:25Z</time>
</trkpt>
<trkpt lat="25.280027" lon="121.51916">
<ele>23</ele>
<time>2025-09-09T02:54:40Z</time>
</trkpt>
<trkpt lat="25.280146" lon="121.5191">
<ele>23</ele>
<time>2025-09-09T02:54:55Z</time>
</trkpt>
<trkpt lat="25.280323" lon="121.51907">
<ele>22</ele>
<time>2025-09-09T02:55:10Z</time>
</trkpt>
<trkpt lat="25.280489" lon="121.519">
<ele>24</ele>
<time>2025-09-09T02:55:25Z</time>
</trkpt>
<trkpt lat="25.280628" lon="121.51899">
<ele>25</ele>
<time>2025-09-09T02:55:40Z</time>
</trkpt>
<trkpt lat="25.280775" lon="121.51903">
<ele>25</ele>
<time>2025-09-09T02:55:55Z</time>
</trkpt>
<trkpt lat="25.280863" lon="121.51908">
<ele>24</ele>
<time>2025-09-09T02:56:05Z</time>
</trkpt>
<trkpt lat="25.28102" lon="121.51915">
<ele>22</ele>
<time>2025-09-09T02:56:20Z</time>
</trkpt>
<trkpt lat="25.281158" lon="121.51921">
<ele>21</ele>
<time>2025-09-09T02:56:35Z</time>
</trkpt>
<trkpt lat="25.281303" lon="121.51927">
<ele>21</ele>
<time>2025-09-09T02:56:50Z</time>
</trkpt>
<trkpt lat="25.28141" lon="121.519325">
<ele>20</ele>
<time>2025-09-09T02:57:00Z</time>
</trkpt>
<trkpt lat="25.28155" lon="121.519394">
<ele>19</ele>
<time>2025-09-09T02:57:15Z</time>
</trkpt>
<trkpt lat="25.281656" lon="121.51945">
<ele>19</ele>
<time>2025-09-09T02:57:30Z</time>
</trkpt>
<trkpt lat="25.281746" lon="121.51951">
<ele>18</ele>
<time>2025-09-09T02:57:40Z</time>
</trkpt>
<trkpt lat="25.281832" lon="121.519615">
<ele>17</ele>
<time>2025-09-09T02:57:55Z</time>
</trkpt>
<trkpt lat="25.28188" lon="121.51968">
<ele>17</ele>
<time>2025-09-09T02:58:10Z</time>
</trkpt>
<trkpt lat="25.28183" lon="121.51975">
<ele>15</ele>
<time>2025-09-09T02:58:35Z</time>
</trkpt>
<trkpt lat="25.281761" lon="121.519775">
<ele>14</ele>
<time>2025-09-09T02:58:45Z</time>
</trkpt>
<trkpt lat="25.281767" lon="121.51972">
<ele>15</ele>
<time>2025-09-09T02:59:00Z</time>
</trkpt>
<trkpt lat="25.281698" lon="121.51967">
<ele>15</ele>
<time>2025-09-09T02:59:10Z</time>
</trkpt>
<trkpt lat="25.281593" lon="121.5196">
<ele>15</ele>
<time>2025-09-09T02:59:25Z</time>
</trkpt>
<trkpt lat="25.281504" lon="121.51957">
<ele>15</ele>
<time>2025-09-09T02:59:35Z</time>
</trkpt>
<trkpt lat="25.281414" lon="121.51958">
<ele>14</ele>
<time>2025-09-09T02:59:45Z</time>
</trkpt>
<trkpt lat="25.281322" lon="121.519554">
<ele>14</ele>
<time>2025-09-09T02:59:55Z</time>
</trkpt>
<trkpt lat="25.281252" lon="121.51951">
<ele>15</ele>
<time>2025-09-09T03:00:05Z</time>
</trkpt>
<trkpt lat="25.281115" lon="121.51949">
<ele>14</ele>
<time>2025-09-09T03:00:20Z</time>
</trkpt>
<trkpt lat="25.281069" lon="121.51951">
<ele>14</ele>
<time>2025-09-09T03:00:40Z</time>
</trkpt>
<trkpt lat="25.281094" lon="121.51946">
<ele>15</ele>
<time>2025-09-09T03:01:05Z</time>
</trkpt>
<trkpt lat="25.281136" lon="121.51949">
<ele>14</ele>
<time>2025-09-09T03:01:25Z</time>
</trkpt>
<trkpt lat="25.281183" lon="121.51951">
<ele>14</ele>
<time>2025-09-09T03:01:40Z</time>
</trkpt>
<trkpt lat="25.281221" lon="121.51954">
<ele>14</ele>
<time>2025-09-09T03:02:00Z</time>
</trkpt>
<trkpt lat="25.28131" lon="121.51954">
<ele>14</ele>
<time>2025-09-09T03:02:15Z</time>
</trkpt>
<trkpt lat="25.281353" lon="121.519585">
<ele>13</ele>
<time>2025-09-09T03:02:25Z</time>
</trkpt>
<trkpt lat="25.281414" lon="121.51961">
<ele>13</ele>
<time>2025-09-09T03:02:35Z</time>
</trkpt>
<trkpt lat="25.281511" lon="121.51959">
<ele>14</ele>
<time>2025-09-09T03:02:50Z</time>
</trkpt>
<trkpt lat="25.281626" lon="121.51962">
<ele>15</ele>
<time>2025-09-09T03:03:05Z</time>
</trkpt>
<trkpt lat="25.281696" lon="121.51966">
<ele>15</ele>
<time>2025-09-09T03:03:15Z</time>
</trkpt>
<trkpt lat="25.281786" lon="121.519775">
<ele>14</ele>
<time>2025-09-09T03:03:30Z</time>
</trkpt>
<trkpt lat="25.28182" lon="121.519875">
<ele>12</ele>
<time>2025-09-09T03:03:45Z</time>
</trkpt>
<trkpt lat="25.281853" lon="121.51993">
<ele>12</ele>
<time>2025-09-09T03:04:00Z</time>
</trkpt>
<trkpt lat="25.281862" lon="121.52001">
<ele>10</ele>
<time>2025-09-09T03:04:10Z</time>
</trkpt>
<trkpt lat="25.281889" lon="121.52014">
<ele>9</ele>
<time>2025-09-09T03:04:25Z</time>
</trkpt>
<trkpt lat="25.281933" lon="121.52025">
<ele>8</ele>
<time>2025-09-09T03:04:40Z</time>
</trkpt>
<trkpt lat="25.28199" lon="121.52031">
<ele>8</ele>
<time>2025-09-09T03:04:50Z</time>
</trkpt>
<trkpt lat="25.282011" lon="121.52037">
<ele>7</ele>
<time>2025-09-09T03:05:10Z</time>
</trkpt>
<trkpt lat="25.282024" lon="121.52044">
<ele>6</ele>
<time>2025-09-09T03:05:20Z</time>
</trkpt>
<trkpt lat="25.281986" lon="121.52049">
<ele>6</ele>
<time>2025-09-09T03:05:40Z</time>
</trkpt>
<trkpt lat="25.282034" lon="121.52049">
<ele>6</ele>
<time>2025-09-09T03:05:50Z</time>
</trkpt>
<trkpt lat="25.28203" lon="121.5204">
<ele>7</ele>
<time>2025-09-09T03:06:00Z</time>
</trkpt>
<trkpt lat="25.281956" lon="121.520294">
<ele>8</ele>
<time>2025-09-09T03:06:10Z</time>
</trkpt>
<trkpt lat="25.281921" lon="121.52021">
<ele>9</ele>
<time>2025-09-09T03:06:35Z</time>
</trkpt>
<trkpt lat="25.281885" lon="121.520096">
<ele>10</ele>
<time>2025-09-09T03:06:50Z</time>
</trkpt>
<trkpt lat="25.281855" lon="121.519966">
<ele>11</ele>
<time>2025-09-09T03:07:10Z</time>
</trkpt>
<trkpt lat="25.281818" lon="121.51987">
<ele>13</ele>
<time>2025-09-09T03:07:20Z</time>
</trkpt>
<trkpt lat="25.281857" lon="121.51991">
<ele>12</ele>
<time>2025-09-09T03:10:00Z</time>
</trkpt>
<trkpt lat="25.281872" lon="121.51996">
<ele>12</ele>
<time>2025-09-09T03:10:15Z</time>
</trkpt>
<trkpt lat="25.281868" lon="121.52003">
<ele>10</ele>
<time>2025-09-09T03:10:25Z</time>
</trkpt>
<trkpt lat="25.281881" lon="121.52011">
<ele>10</ele>
<time>2025-09-09T03:10:40Z</time>
</trkpt>
<trkpt lat="25.281898" lon="121.52022">
<ele>8</ele>
<time>2025-09-09T03:10:50Z</time>
</trkpt>
<trkpt lat="25.281927" lon="121.52028">
<ele>8</ele>
<time>2025-09-09T03:12:00Z</time>
</trkpt>
<trkpt lat="25.281897" lon="121.520226">
<ele>8</ele>
<time>2025-09-09T03:14:05Z</time>
</trkpt>
<trkpt lat="25.281889" lon="121.52013">
<ele>9</ele>
<time>2025-09-09T03:14:15Z</time>
</trkpt>
<trkpt lat="25.281843" lon="121.51998">
<ele>11</ele>
<time>2025-09-09T03:14:30Z</time>
</trkpt>
<trkpt lat="25.281805" lon="121.51986">
<ele>13</ele>
<time>2025-09-09T03:14:45Z</time>
</trkpt>
<trkpt lat="25.281834" lon="121.51993">
<ele>12</ele>
<time>2025-09-09T03:15:50Z</time>
</trkpt>
<trkpt lat="25.281858" lon="121.52001">
<ele>10</ele>
<time>2025-09-09T03:16:00Z</time>
</trkpt>
<trkpt lat="25.281876" lon="121.520164">
<ele>9</ele>
<time>2025-09-09T03:16:15Z</time>
</trkpt>
<trkpt lat="25.281952" lon="121.52026">
<ele>8</ele>
<time>2025-09-09T03:16:30Z</time>
</trkpt>
<trkpt lat="25.281916" lon="121.52017">
<ele>9</ele>
<time>2025-09-09T03:16:45Z</time>
</trkpt>
<trkpt lat="25.281881" lon="121.52006">
<ele>10</ele>
<time>2025-09-09T03:16:55Z</time>
</trkpt>
<trkpt lat="25.281837" lon="121.5199">
<ele>12</ele>
<time>2025-09-09T03:17:10Z</time>
</trkpt>
<trkpt lat="25.281809" lon="121.51981">
<ele>14</ele>
<time>2025-09-09T03:17:25Z</time>
</trkpt>
<trkpt lat="25.281782" lon="121.51976">
<ele>14</ele>
<time>2025-09-09T03:17:45Z</time>
</trkpt>
<trkpt lat="25.28167" lon="121.51966">
<ele>15</ele>
<time>2025-09-09T03:18:00Z</time>
</trkpt>
<trkpt lat="25.281574" lon="121.5196">
<ele>15</ele>
<time>2025-09-09T03:18:15Z</time>
</trkpt>
<trkpt lat="25.281418" lon="121.519615">
<ele>12</ele>
<time>2025-09-09T03:18:30Z</time>
</trkpt>
<trkpt lat="25.281363" lon="121.519646">
<ele>11</ele>
<time>2025-09-09T03:18:45Z</time>
</trkpt>
<trkpt lat="25.281334" lon="121.51969">
<ele>10</ele>
<time>2025-09-09T03:19:55Z</time>
</trkpt>
<trkpt lat="25.281376" lon="121.51972">
<ele>9</ele>
<time>2025-09-09T03:20:20Z</time>
</trkpt>
<trkpt lat="25.281353" lon="121.519775">
<ele>9</ele>
<time>2025-09-09T03:21:25Z</time>
</trkpt>
<trkpt lat="25.2814" lon="121.51977">
<ele>9</ele>
<time>2025-09-09T03:21:40Z</time>
</trkpt>
<trkpt lat="25.281351" lon="121.51972">
<ele>9</ele>
<time>2025-09-09T03:22:10Z</time>
</trkpt>
<trkpt lat="25.281343" lon="121.51965">
<ele>11</ele>
<time>2025-09-09T03:22:35Z</time>
</trkpt>
<trkpt lat="25.28137" lon="121.51961">
<ele>12</ele>
<time>2025-09-09T03:22:50Z</time>
</trkpt>
<trkpt lat="25.281456" lon="121.51958">
<ele>14</ele>
<time>2025-09-09T03:23:15Z</time>
</trkpt>
<trkpt lat="25.281574" lon="121.51956">
<ele>16</ele>
<time>2025-09-09T03:23:30Z</time>
</trkpt>
<trkpt lat="25.281647" lon="121.51961">
<ele>16</ele>
<time>2025-09-09T03:23:45Z</time>
</trkpt>
<trkpt lat="25.281748" lon="121.51966">
<ele>16</ele>
<time>2025-09-09T03:23:55Z</time>
</trkpt>
<trkpt lat="25.281834" lon="121.51976">
<ele>15</ele>
<time>2025-09-09T03:24:10Z</time>
</trkpt>
<trkpt lat="25.28186" lon="121.51988">
<ele>13</ele>
<time>2025-09-09T03:24:25Z</time>
</trkpt>
<trkpt lat="25.281942" lon="121.5199">
<ele>14</ele>
<time>2025-09-09T03:25:15Z</time>
</trkpt>
<trkpt lat="25.282068" lon="121.51991">
<ele>14</ele>
<time>2025-09-09T03:25:30Z</time>
</trkpt>
<trkpt lat="25.282173" lon="121.51993">
<ele>14</ele>
<time>2025-09-09T03:25:40Z</time>
</trkpt>
<trkpt lat="25.282282" lon="121.51998">
<ele>14</ele>
<time>2025-09-09T03:25:55Z</time>
</trkpt>
<trkpt lat="25.28239" lon="121.52">
<ele>13</ele>
<time>2025-09-09T03:26:05Z</time>
</trkpt>
<trkpt lat="25.282507" lon="121.52007">
<ele>12</ele>
<time>2025-09-09T03:26:20Z</time>
</trkpt>
<trkpt lat="25.282589" lon="121.520096">
<ele>12</ele>
<time>2025-09-09T03:26:35Z</time>
</trkpt>
<trkpt lat="25.28266" lon="121.52003">
<ele>12</ele>
<time>2025-09-09T03:26:45Z</time>
</trkpt>
<trkpt lat="25.282717" lon="121.51993">
<ele>13</ele>
<time>2025-09-09T03:27:00Z</time>
</trkpt>
<trkpt lat="25.282782" lon="121.51987">
<ele>13</ele>
<time>2025-09-09T03:27:10Z</time>
</trkpt>
<trkpt lat="25.282885" lon="121.51978">
<ele>13</ele>
<time>2025-09-09T03:27:25Z</time>
</trkpt>
<trkpt lat="25.2829" lon="121.51974">
<ele>13</ele>
<time>2025-09-09T03:27:45Z</time>
</trkpt>
<trkpt lat="25.28295" lon="121.51968">
<ele>13</ele>
<time>2025-09-09T03:28:00Z</time>
</trkpt>
<trkpt lat="25.282845" lon="121.519646">
<ele>14</ele>
<time>2025-09-09T03:28:20Z</time>
</trkpt>
<trkpt lat="25.282837" lon="121.519356">
<ele>15</ele>
<time>2025-09-09T03:29:24Z</time>
</trkpt>
<trkpt lat="25.282864" lon="121.5194">
<ele>15</ele>
<time>2025-09-09T03:29:41Z</time>
</trkpt>
<trkpt lat="25.283028" lon="121.519424">
<ele>13</ele>
<time>2025-09-09T03:30:20Z</time>
</trkpt>
<trkpt lat="25.282793" lon="121.51946">
<ele>15</ele>
<time>2025-09-09T03:30:30Z</time>
</trkpt>
<trkpt lat="25.28283" lon="121.519585">
<ele>14</ele>
<time>2025-09-09T03:30:40Z</time>
</trkpt>
<trkpt lat="25.28282" lon="121.51968">
<ele>14</ele>
<time>2025-09-09T03:30:55Z</time>
</trkpt>
<trkpt lat="25.282896" lon="121.519714">
<ele>14</ele>
<time>2025-09-09T03:31:10Z</time>
</trkpt>
<trkpt lat="25.282907" lon="121.519775">
<ele>13</ele>
<time>2025-09-09T03:32:25Z</time>
</trkpt>
<trkpt lat="25.28292" lon="121.51972">
<ele>13</ele>
<time>2025-09-09T03:33:15Z</time>
</trkpt>
<trkpt lat="25.28289" lon="121.51977">
<ele>13</ele>
<time>2025-09-09T03:34:00Z</time>
</trkpt>
<trkpt lat="25.282944" lon="121.51976">
<ele>13</ele>
<time>2025-09-09T03:35:55Z</time>
</trkpt>
<trkpt lat="25.282913" lon="121.51971">
<ele>14</ele>
<time>2025-09-09T03:36:30Z</time>
</trkpt>
<trkpt lat="25.282902" lon="121.51976">
<ele>13</ele>
<time>2025-09-09T03:36:55Z</time>
</trkpt>
<trkpt lat="25.28286" lon="121.51979">
<ele>13</ele>
<time>2025-09-09T03:37:20Z</time>
</trkpt>
<trkpt lat="25.282866" lon="121.51974">
<ele>14</ele>
<time>2025-09-09T03:37:30Z</time>
</trkpt>
<trkpt lat="25.282892" lon="121.51978">
<ele>13</ele>
<time>2025-09-09T03:37:45Z</time>
</trkpt>
<trkpt lat="25.282852" lon="121.51976">
<ele>13</ele>
<time>2025-09-09T03:40:28Z</time>
</trkpt>
<trkpt lat="25.2829" lon="121.519745">
<ele>13</ele>
<time>2025-09-09T03:42:43Z</time>
</trkpt>
<trkpt lat="25.282804" lon="121.51976">
<ele>14</ele>
<time>2025-09-09T03:42:58Z</time>
</trkpt>
<trkpt lat="25.282818" lon="121.519684">
<ele>14</ele>
<time>2025-09-09T03:43:13Z</time>
</trkpt>
<trkpt lat="25.282766" lon="121.519745">
<ele>14</ele>
<time>2025-09-09T03:43:56Z</time>
</trkpt>
<trkpt lat="25.282879" lon="121.51974">
<ele>14</ele>
<time>2025-09-09T03:44:08Z</time>
</trkpt>
<trkpt lat="25.28288" lon="121.51968">
<ele>14</ele>
<time>2025-09-09T03:45:08Z</time>
</trkpt>
<trkpt lat="25.282927" lon="121.51972">
<ele>13</ele>
<time>2025-09-09T03:45:33Z</time>
</trkpt>
<trkpt lat="25.282927" lon="121.519646">
<ele>14</ele>
<time>2025-09-09T03:45:48Z</time>
</trkpt>
<trkpt lat="25.282917" lon="121.51975">
<ele>13</ele>
<time>2025-09-09T03:46:03Z</time>
</trkpt>
<trkpt lat="25.282852" lon="121.51979">
<ele>13</ele>
<time>2025-09-09T03:46:18Z</time>
</trkpt>
<trkpt lat="25.28279" lon="121.51988">
<ele>13</ele>
<time>2025-09-09T03:46:33Z</time>
</trkpt>
<trkpt lat="25.282711" lon="121.51998">
<ele>12</ele>
<time>2025-09-09T03:46:48Z</time>
</trkpt>
<trkpt lat="25.282688" lon="121.52016">
<ele>11</ele>
<time>2025-09-09T03:47:03Z</time>
</trkpt>
<trkpt lat="25.282763" lon="121.52022">
<ele>10</ele>
<time>2025-09-09T03:47:13Z</time>
</trkpt>
<trkpt lat="25.282858" lon="121.52035">
<ele>9</ele>
<time>2025-09-09T03:47:28Z</time>
</trkpt>
<trkpt lat="25.28296" lon="121.52047">
<ele>8</ele>
<time>2025-09-09T03:47:43Z</time>
</trkpt>
<trkpt lat="25.283041" lon="121.52055">
<ele>8</ele>
<time>2025-09-09T03:47:53Z</time>
</trkpt>
<trkpt lat="25.283106" lon="121.52067">
<ele>8</ele>
<time>2025-09-09T03:48:08Z</time>
</trkpt>
<trkpt lat="25.283163" lon="121.52073">
<ele>8</ele>
<time>2025-09-09T03:48:18Z</time>
</trkpt>
<trkpt lat="25.283298" lon="121.52081">
<ele>7</ele>
<time>2025-09-09T03:48:33Z</time>
</trkpt>
<trkpt lat="25.28333" lon="121.520874">
<ele>8</ele>
<time>2025-09-09T03:48:43Z</time>
</trkpt>
<trkpt lat="25.283188" lon="121.520905">
<ele>9</ele>
<time>2025-09-09T03:48:58Z</time>
</trkpt>
<trkpt lat="25.283108" lon="121.52091">
<ele>10</ele>
<time>2025-09-09T03:49:08Z</time>
</trkpt>
<trkpt lat="25.283157" lon="121.5209">
<ele>9</ele>
<time>2025-09-09T03:49:23Z</time>
</trkpt>
<trkpt lat="25.283155" lon="121.52096">
<ele>10</ele>
<time>2025-09-09T03:49:38Z</time>
</trkpt>
<trkpt lat="25.283102" lon="121.52096">
<ele>11</ele>
<time>2025-09-09T03:49:53Z</time>
</trkpt>
<trkpt lat="25.283113" lon="121.52101">
<ele>12</ele>
<time>2025-09-09T03:50:23Z</time>
</trkpt>
<trkpt lat="25.283152" lon="121.52104">
<ele>12</ele>
<time>2025-09-09T03:50:59Z</time>
</trkpt>
<trkpt lat="25.283121" lon="121.52099">
<ele>11</ele>
<time>2025-09-09T03:51:28Z</time>
</trkpt>
<trkpt lat="25.283133" lon="121.52091">
<ele>9</ele>
<time>2025-09-09T03:52:03Z</time>
</trkpt>
<trkpt lat="25.28316" lon="121.52083">
<ele>8</ele>
<time>2025-09-09T03:52:18Z</time>
</trkpt>
<trkpt lat="25.283066" lon="121.52095">
<ele>11</ele>
<time>2025-09-09T03:52:33Z</time>
</trkpt>
<trkpt lat="25.28301" lon="121.52107">
<ele>14</ele>
<time>2025-09-09T03:52:45Z</time>
</trkpt>
<trkpt lat="25.28295" lon="121.52119">
<ele>19</ele>
<time>2025-09-09T03:52:59Z</time>
</trkpt>
<trkpt lat="25.28304" lon="121.52111">
<ele>15</ele>
<time>2025-09-09T03:53:13Z</time>
</trkpt>
<trkpt lat="25.283068" lon="121.52099">
<ele>12</ele>
<time>2025-09-09T03:53:23Z</time>
</trkpt>
<trkpt lat="25.2831" lon="121.52103">
<ele>12</ele>
<time>2025-09-09T03:53:58Z</time>
</trkpt>
<trkpt lat="25.283054" lon="121.52102">
<ele>13</ele>
<time>2025-09-09T03:54:13Z</time>
</trkpt>
<trkpt lat="25.283112" lon="121.52104">
<ele>13</ele>
<time>2025-09-09T03:54:33Z</time>
</trkpt>
<trkpt lat="25.283146" lon="121.520966">
<ele>11</ele>
<time>2025-09-09T03:54:43Z</time>
</trkpt>
<trkpt lat="25.283112" lon="121.52091">
<ele>10</ele>
<time>2025-09-09T03:54:53Z</time>
</trkpt>
<trkpt lat="25.283123" lon="121.52086">
<ele>8</ele>
<time>2025-09-09T03:55:08Z</time>
</trkpt>
<trkpt lat="25.283167" lon="121.52089">
<ele>9</ele>
<time>2025-09-09T03:55:28Z</time>
</trkpt>
<trkpt lat="25.28324" lon="121.52093">
<ele>9</ele>
<time>2025-09-09T03:55:43Z</time>
</trkpt>
<trkpt lat="25.283617" lon="121.52071">
<ele>6</ele>
<time>2025-09-09T03:56:15Z</time>
</trkpt>
<trkpt lat="25.283594" lon="121.52076">
<ele>6</ele>
<time>2025-09-09T03:56:33Z</time>
</trkpt>
<trkpt lat="25.28363" lon="121.52073">
<ele>6</ele>
<time>2025-09-09T03:56:43Z</time>
</trkpt>
<trkpt lat="25.283688" lon="121.52066">
<ele>5</ele>
<time>2025-09-09T03:56:53Z</time>
</trkpt>
<trkpt lat="25.28378" lon="121.52069">
<ele>5</ele>
<time>2025-09-09T03:57:08Z</time>
</trkpt>
<trkpt lat="25.2838" lon="121.520645">
<ele>5</ele>
<time>2025-09-09T03:57:43Z</time>
</trkpt>
<trkpt lat="25.283741" lon="121.52067">
<ele>5</ele>
<time>2025-09-09T03:59:38Z</time>
</trkpt>
<trkpt lat="25.283693" lon="121.52072">
<ele>5</ele>
<time>2025-09-09T03:59:53Z</time>
</trkpt>
<trkpt lat="25.283628" lon="121.52083">
<ele>6</ele>
<time>2025-09-09T04:00:18Z</time>
</trkpt>
<trkpt lat="25.28357" lon="121.52082">
<ele>6</ele>
<time>2025-09-09T04:00:48Z</time>
</trkpt>
<trkpt lat="25.283491" lon="121.52079">
<ele>6</ele>
<time>2025-09-09T04:00:58Z</time>
</trkpt>
<trkpt lat="25.283363" lon="121.520775">
<ele>7</ele>
<time>2025-09-09T04:01:13Z</time>
</trkpt>
<trkpt lat="25.283333" lon="121.52082">
<ele>7</ele>
<time>2025-09-09T04:01:33Z</time>
</trkpt>
<trkpt lat="25.283255" lon="121.52089">
<ele>8</ele>
<time>2025-09-09T04:01:43Z</time>
</trkpt>
<trkpt lat="25.28316" lon="121.52089">
<ele>9</ele>
<time>2025-09-09T04:01:53Z</time>
</trkpt>
<trkpt lat="25.283043" lon="121.52092">
<ele>10</ele>
<time>2025-09-09T04:02:08Z</time>
</trkpt>
<trkpt lat="25.282976" lon="121.52096">
<ele>11</ele>
<time>2025-09-09T04:02:23Z</time>
</trkpt>
<trkpt lat="25.282871" lon="121.52106">
<ele>13</ele>
<time>2025-09-09T04:02:38Z</time>
</trkpt>
<trkpt lat="25.282732" lon="121.5211">
<ele>14</ele>
<time>2025-09-09T04:02:53Z</time>
</trkpt>
<trkpt lat="25.28266" lon="121.52117">
<ele>17</ele>
<time>2025-09-09T04:03:08Z</time>
</trkpt>
<trkpt lat="25.282618" lon="121.52119">
<ele>17</ele>
<time>2025-09-09T04:03:28Z</time>
</trkpt>
<trkpt lat="25.282578" lon="121.5211">
<ele>13</ele>
<time>2025-09-09T04:03:43Z</time>
</trkpt>
<trkpt lat="25.282541" lon="121.52118">
<ele>16</ele>
<time>2025-09-09T04:04:03Z</time>
</trkpt>
<trkpt lat="25.282478" lon="121.521286">
<ele>19</ele>
<time>2025-09-09T04:04:18Z</time>
</trkpt>
<trkpt lat="25.282423" lon="121.521355">
<ele>21</ele>
<time>2025-09-09T04:04:28Z</time>
</trkpt>
<trkpt lat="25.282362" lon="121.52141">
<ele>21</ele>
<time>2025-09-09T04:04:38Z</time>
</trkpt>
<trkpt lat="25.282299" lon="121.52147">
<ele>21</ele>
<time>2025-09-09T04:04:48Z</time>
</trkpt>
<trkpt lat="25.282156" lon="121.52158">
<ele>20</ele>
<time>2025-09-09T04:05:03Z</time>
</trkpt>
<trkpt lat="25.282019" lon="121.52164">
<ele>18</ele>
<time>2025-09-09T04:05:18Z</time>
</trkpt>
<trkpt lat="25.281921" lon="121.521675">
<ele>17</ele>
<time>2025-09-09T04:05:28Z</time>
</trkpt>
<trkpt lat="25.281813" lon="121.52175">
<ele>17</ele>
<time>2025-09-09T04:05:43Z</time>
</trkpt>
<trkpt lat="25.281761" lon="121.52174">
<ele>16</ele>
<time>2025-09-09T04:06:13Z</time>
</trkpt>
<trkpt lat="25.281708" lon="121.52182">
<ele>18</ele>
<time>2025-09-09T04:06:38Z</time>
</trkpt>
<trkpt lat="25.281599" lon="121.521935">
<ele>20</ele>
<time>2025-09-09T04:06:53Z</time>
</trkpt>
<trkpt lat="25.281511" lon="121.52199">
<ele>19</ele>
<time>2025-09-09T04:07:03Z</time>
</trkpt>
<trkpt lat="25.281471" lon="121.52205">
<ele>20</ele>
<time>2025-09-09T04:07:13Z</time>
</trkpt>
<trkpt lat="25.28139" lon="121.522194">
<ele>21</ele>
<time>2025-09-09T04:07:28Z</time>
</trkpt>
<trkpt lat="25.281324" lon="121.52219">
<ele>21</ele>
<time>2025-09-09T04:08:08Z</time>
</trkpt>
<trkpt lat="25.281239" lon="121.522194">
<ele>20</ele>
<time>2025-09-09T04:08:18Z</time>
</trkpt>
<trkpt lat="25.281136" lon="121.522095">
<ele>18</ele>
<time>2025-09-09T04:08:28Z</time>
</trkpt>
<trkpt lat="25.280994" lon="121.52208">
<ele>19</ele>
<time>2025-09-09T04:08:43Z</time>
</trkpt>
<trkpt lat="25.280941" lon="121.52216">
<ele>21</ele>
<time>2025-09-09T04:08:53Z</time>
</trkpt>
<trkpt lat="25.28082" lon="121.52223">
<ele>23</ele>
<time>2025-09-09T04:09:08Z</time>
</trkpt>
<trkpt lat="25.280731" lon="121.52227">
<ele>25</ele>
<time>2025-09-09T04:09:23Z</time>
</trkpt>
<trkpt lat="25.280611" lon="121.5223">
<ele>26</ele>
<time>2025-09-09T04:09:38Z</time>
</trkpt>
<trkpt lat="25.2805" lon="121.52239">
<ele>30</ele>
<time>2025-09-09T04:09:53Z</time>
</trkpt>
<trkpt lat="25.280453" lon="121.52244">
<ele>32</ele>
<time>2025-09-09T04:10:08Z</time>
</trkpt>
<trkpt lat="25.280502" lon="121.52251">
<ele>33</ele>
<time>2025-09-09T04:10:23Z</time>
</trkpt>
<trkpt lat="25.28054" lon="121.522545">
<ele>34</ele>
<time>2025-09-09T04:10:38Z</time>
</trkpt>
<trkpt lat="25.280514" lon="121.52261">
<ele>35</ele>
<time>2025-09-09T04:10:58Z</time>
</trkpt>
<trkpt lat="25.280382" lon="121.52253">
<ele>34</ele>
<time>2025-09-09T04:11:13Z</time>
</trkpt>
<trkpt lat="25.280321" lon="121.5225">
<ele>34</ele>
<time>2025-09-09T04:11:23Z</time>
</trkpt>
<trkpt lat="25.280268" lon="121.522484">
<ele>34</ele>
<time>2025-09-09T04:11:38Z</time>
</trkpt>
<trkpt lat="25.280378" lon="121.52255">
<ele>34</ele>
<time>2025-09-09T04:11:53Z</time>
</trkpt>
<trkpt lat="25.280462" lon="121.5226">
<ele>35</ele>
<time>2025-09-09T04:12:03Z</time>
</trkpt>
<trkpt lat="25.280504" lon="121.52268">
<ele>36</ele>
<time>2025-09-09T04:12:13Z</time>
</trkpt>
<trkpt lat="25.280478" lon="121.522804">
<ele>37</ele>
<time>2025-09-09T04:12:28Z</time>
</trkpt>
<trkpt lat="25.280443" lon="121.52289">
<ele>38</ele>
<time>2025-09-09T04:12:38Z</time>
</trkpt>
<trkpt lat="25.280394" lon="121.523">
<ele>39</ele>
<time>2025-09-09T04:12:53Z</time>
</trkpt>
<trkpt lat="25.280313" lon="121.523">
<ele>39</ele>
<time>2025-09-09T04:13:13Z</time>
</trkpt>
<trkpt lat="25.280182" lon="121.52294">
<ele>40</ele>
<time>2025-09-09T04:13:28Z</time>
</trkpt>
<trkpt lat="25.280098" lon="121.522835">
<ele>39</ele>
<time>2025-09-09T04:13:43Z</time>
</trkpt>
<trkpt lat="25.280052" lon="121.52277">
<ele>39</ele>
<time>2025-09-09T04:14:08Z</time>
</trkpt>
<trkpt lat="25.279964" lon="121.52272">
<ele>39</ele>
<time>2025-09-09T04:14:18Z</time>
</trkpt>
<trkpt lat="25.279892" lon="121.5227">
<ele>39</ele>
<time>2025-09-09T04:14:28Z</time>
</trkpt>
<trkpt lat="25.279766" lon="121.52265">
<ele>39</ele>
<time>2025-09-09T04:14:43Z</time>
</trkpt>
<trkpt lat="25.279676" lon="121.52269">
<ele>41</ele>
<time>2025-09-09T04:14:53Z</time>
</trkpt>
<trkpt lat="25.279606" lon="121.52264">
<ele>41</ele>
<time>2025-09-09T04:15:08Z</time>
</trkpt>
<trkpt lat="25.279533" lon="121.5226">
<ele>40</ele>
<time>2025-09-09T04:15:23Z</time>
</trkpt>
<trkpt lat="25.27942" lon="121.522514">
<ele>39</ele>
<time>2025-09-09T04:15:38Z</time>
</trkpt>
<trkpt lat="25.279346" lon="121.522484">
<ele>39</ele>
<time>2025-09-09T04:15:48Z</time>
</trkpt>
<trkpt lat="25.27927" lon="121.522415">
<ele>41</ele>
<time>2025-09-09T04:16:03Z</time>
</trkpt>
<trkpt lat="25.279152" lon="121.52237">
<ele>42</ele>
<time>2025-09-09T04:16:13Z</time>
</trkpt>
<trkpt lat="25.279116" lon="121.52246">
<ele>42</ele>
<time>2025-09-09T04:16:28Z</time>
</trkpt>
<trkpt lat="25.279163" lon="121.52246">
<ele>41</ele>
<time>2025-09-09T04:16:38Z</time>
</trkpt>
<trkpt lat="25.27923" lon="121.52245">
<ele>41</ele>
<time>2025-09-09T04:16:48Z</time>
</trkpt>
<trkpt lat="25.279354" lon="121.522446">
<ele>40</ele>
<time>2025-09-09T04:17:03Z</time>
</trkpt>
<trkpt lat="25.279465" lon="121.522545">
<ele>39</ele>
<time>2025-09-09T04:17:18Z</time>
</trkpt>
<trkpt lat="25.279594" lon="121.52264">
<ele>41</ele>
<time>2025-09-09T04:17:33Z</time>
</trkpt>
<trkpt lat="25.279696" lon="121.52266">
<ele>40</ele>
<time>2025-09-09T04:17:48Z</time>
</trkpt>
<trkpt lat="25.279825" lon="121.522675">
<ele>39</ele>
<time>2025-09-09T04:18:03Z</time>
</trkpt>
<trkpt lat="25.279915" lon="121.522705">
<ele>39</ele>
<time>2025-09-09T04:18:13Z</time>
</trkpt>
<trkpt lat="25.280052" lon="121.52278">
<ele>39</ele>
<time>2025-09-09T04:18:28Z</time>
</trkpt>
<trkpt lat="25.280115" lon="121.52286">
<ele>39</ele>
<time>2025-09-09T04:18:38Z</time>
</trkpt>
<trkpt lat="25.280214" lon="121.52297">
<ele>40</ele>
<time>2025-09-09T04:18:53Z</time>
</trkpt>
<trkpt lat="25.280283" lon="121.52301">
<ele>40</ele>
<time>2025-09-09T04:19:08Z</time>
</trkpt>
<trkpt lat="25.280373" lon="121.52299">
<ele>39</ele>
<time>2025-09-09T04:19:18Z</time>
</trkpt>
<trkpt lat="25.280434" lon="121.522964">
<ele>38</ele>
<time>2025-09-09T04:19:28Z</time>
</trkpt>
<trkpt lat="25.280502" lon="121.52297">
<ele>38</ele>
<time>2025-09-09T04:19:43Z</time>
</trkpt>
<trkpt lat="25.28057" lon="121.52299">
<ele>37</ele>
<time>2025-09-09T04:19:58Z</time>
</trkpt>
<trkpt lat="25.280636" lon="121.523026">
<ele>36</ele>
<time>2025-09-09T04:20:18Z</time>
</trkpt>
<trkpt lat="25.28065" lon="121.52307">
<ele>36</ele>
<time>2025-09-09T04:20:38Z</time>
</trkpt>
<trkpt lat="25.280664" lon="121.523125">
<ele>36</ele>
<time>2025-09-09T04:20:48Z</time>
</trkpt>
<trkpt lat="25.28058" lon="121.523224">
<ele>37</ele>
<time>2025-09-09T04:21:03Z</time>
</trkpt>
<trkpt lat="25.280499" lon="121.52334">
<ele>38</ele>
<time>2025-09-09T04:21:18Z</time>
</trkpt>
<trkpt lat="25.28051" lon="121.52339">
<ele>38</ele>
<time>2025-09-09T04:21:28Z</time>
</trkpt>
<trkpt lat="25.280561" lon="121.523506">
<ele>38</ele>
<time>2025-09-09T04:21:38Z</time>
</trkpt>
<trkpt lat="25.280615" lon="121.52361">
<ele>38</ele>
<time>2025-09-09T04:21:53Z</time>
</trkpt>
<trkpt lat="25.280603" lon="121.523735">
<ele>39</ele>
<time>2025-09-09T04:22:08Z</time>
</trkpt>
<trkpt lat="25.280544" lon="121.52384">
<ele>39</ele>
<time>2025-09-09T04:22:23Z</time>
</trkpt>
<trkpt lat="25.280634" lon="121.52393">
<ele>41</ele>
<time>2025-09-09T04:22:38Z</time>
</trkpt>
<trkpt lat="25.2807" lon="121.52398">
<ele>42</ele>
<time>2025-09-09T04:22:53Z</time>
</trkpt>
<trkpt lat="25.280718" lon="121.52403">
<ele>43</ele>
<time>2025-09-09T04:23:03Z</time>
</trkpt>
<trkpt lat="25.280653" lon="121.524124">
<ele>43</ele>
<time>2025-09-09T04:23:18Z</time>
</trkpt>
<trkpt lat="25.280577" lon="121.5242">
<ele>43</ele>
<time>2025-09-09T04:23:28Z</time>
</trkpt>
<trkpt lat="25.280508" lon="121.52418">
<ele>42</ele>
<time>2025-09-09T04:23:38Z</time>
</trkpt>
<trkpt lat="25.28037" lon="121.52407">
<ele>41</ele>
<time>2025-09-09T04:23:53Z</time>
</trkpt>
<trkpt lat="25.28025" lon="121.52407">
<ele>42</ele>
<time>2025-09-09T04:24:08Z</time>
</trkpt>
<trkpt lat="25.280237" lon="121.524216">
<ele>42</ele>
<time>2025-09-09T04:24:23Z</time>
</trkpt>
<trkpt lat="25.280228" lon="121.52437">
<ele>44</ele>
<time>2025-09-09T04:24:38Z</time>
</trkpt>
<trkpt lat="25.280184" lon="121.52443">
<ele>45</ele>
<time>2025-09-09T04:24:48Z</time>
</trkpt>
<trkpt lat="25.280151" lon="121.52455">
<ele>46</ele>
<time>2025-09-09T04:25:03Z</time>
</trkpt>
<trkpt lat="25.280148" lon="121.52467">
<ele>47</ele>
<time>2025-09-09T04:25:18Z</time>
</trkpt>
<trkpt lat="25.28019" lon="121.52475">
<ele>47</ele>
<time>2025-09-09T04:25:33Z</time>
</trkpt>
<trkpt lat="25.280275" lon="121.52476">
<ele>47</ele>
<time>2025-09-09T04:25:48Z</time>
</trkpt>
<trkpt lat="25.280231" lon="121.524925">
<ele>49</ele>
<time>2025-09-09T04:26:03Z</time>
</trkpt>
<trkpt lat="25.280176" lon="121.52508">
<ele>50</ele>
<time>2025-09-09T04:26:18Z</time>
</trkpt>
<trkpt lat="25.280111" lon="121.52514">
<ele>51</ele>
<time>2025-09-09T04:26:33Z</time>
</trkpt>
<trkpt lat="25.280111" lon="121.5252">
<ele>51</ele>
<time>2025-09-09T04:27:08Z</time>
</trkpt>
<trkpt lat="25.28015" lon="121.52524">
<ele>52</ele>
<time>2025-09-09T04:27:23Z</time>
</trkpt>
<trkpt lat="25.28015" lon="121.52531">
<ele>53</ele>
<time>2025-09-09T04:27:38Z</time>
</trkpt>
<trkpt lat="25.280191" lon="121.525345">
<ele>54</ele>
<time>2025-09-09T04:27:53Z</time>
</trkpt>
<trkpt lat="25.280128" lon="121.52533">
<ele>53</ele>
<time>2025-09-09T04:28:23Z</time>
</trkpt>
<trkpt lat="25.280096" lon="121.52527">
<ele>52</ele>
<time>2025-09-09T04:28:53Z</time>
</trkpt>
<trkpt lat="25.280016" lon="121.5252">
<ele>50</ele>
<time>2025-09-09T04:29:03Z</time>
</trkpt>
<trkpt lat="25.279987" lon="121.52514">
<ele>50</ele>
<time>2025-09-09T04:29:13Z</time>
</trkpt>
<trkpt lat="25.279943" lon="121.52506">
<ele>50</ele>
<time>2025-09-09T04:29:23Z</time>
</trkpt>
<trkpt lat="25.279879" lon="121.525055">
<ele>51</ele>
<time>2025-09-09T04:29:38Z</time>
</trkpt>
<trkpt lat="25.279823" lon="121.52511">
<ele>52</ele>
<time>2025-09-09T04:29:58Z</time>
</trkpt>
<trkpt lat="25.279776" lon="121.52518">
<ele>52</ele>
<time>2025-09-09T04:30:13Z</time>
</trkpt>
<trkpt lat="25.279741" lon="121.52521">
<ele>53</ele>
<time>2025-09-09T04:30:28Z</time>
</trkpt>
<trkpt lat="25.279692" lon="121.52516">
<ele>53</ele>
<time>2025-09-09T04:30:53Z</time>
</trkpt>
<trkpt lat="25.279636" lon="121.52513">
<ele>54</ele>
<time>2025-09-09T04:31:03Z</time>
</trkpt>
<trkpt lat="25.279526" lon="121.52513">
<ele>54</ele>
<time>2025-09-09T04:31:13Z</time>
</trkpt>
<trkpt lat="25.279396" lon="121.5251">
<ele>54</ele>
<time>2025-09-09T04:31:28Z</time>
</trkpt>
<trkpt lat="25.279325" lon="121.52507">
<ele>54</ele>
<time>2025-09-09T04:31:38Z</time>
</trkpt>
<trkpt lat="25.279234" lon="121.52512">
<ele>54</ele>
<time>2025-09-09T04:31:53Z</time>
</trkpt>
<trkpt lat="25.279268" lon="121.52516">
<ele>54</ele>
<time>2025-09-09T04:32:38Z</time>
</trkpt>
<trkpt lat="25.27944" lon="121.52512">
<ele>54</ele>
<time>2025-09-09T04:32:53Z</time>
</trkpt>
<trkpt lat="25.279516" lon="121.52512">
<ele>54</ele>
<time>2025-09-09T04:33:03Z</time>
</trkpt>
<trkpt lat="25.279634" lon="121.52517">
<ele>53</ele>
<time>2025-09-09T04:33:18Z</time>
</trkpt>
<trkpt lat="25.279762" lon="121.5252">
<ele>52</ele>
<time>2025-09-09T04:33:33Z</time>
</trkpt>
<trkpt lat="25.279772" lon="121.52515">
<ele>53</ele>
<time>2025-09-09T04:33:43Z</time>
</trkpt>
<trkpt lat="25.279844" lon="121.52507">
<ele>52</ele>
<time>2025-09-09T04:33:53Z</time>
</trkpt>
<trkpt lat="25.279913" lon="121.525024">
<ele>50</ele>
<time>2025-09-09T04:34:08Z</time>
</trkpt>
<trkpt lat="25.279945" lon="121.525085">
<ele>50</ele>
<time>2025-09-09T04:34:23Z</time>
</trkpt>
<trkpt lat="25.280005" lon="121.52518">
<ele>50</ele>
<time>2025-09-09T04:34:33Z</time>
</trkpt>
<trkpt lat="25.280043" lon="121.52525">
<ele>51</ele>
<time>2025-09-09T04:34:43Z</time>
</trkpt>
<trkpt lat="25.280079" lon="121.52533">
<ele>52</ele>
<time>2025-09-09T04:34:53Z</time>
</trkpt>
<trkpt lat="25.280186" lon="121.52539">
<ele>54</ele>
<time>2025-09-09T04:35:08Z</time>
</trkpt>
<trkpt lat="25.28025" lon="121.525375">
<ele>54</ele>
<time>2025-09-09T04:35:23Z</time>
</trkpt>
<trkpt lat="25.28026" lon="121.525475">
<ele>55</ele>
<time>2025-09-09T04:35:38Z</time>
</trkpt>
<trkpt lat="25.280306" lon="121.52551">
<ele>55</ele>
<time>2025-09-09T04:35:48Z</time>
</trkpt>
<trkpt lat="25.280348" lon="121.525566">
<ele>56</ele>
<time>2025-09-09T04:35:58Z</time>
</trkpt>
<trkpt lat="25.280306" lon="121.52561">
<ele>56</ele>
<time>2025-09-09T04:36:13Z</time>
</trkpt>
<trkpt lat="25.280254" lon="121.52566">
<ele>56</ele>
<time>2025-09-09T04:36:23Z</time>
</trkpt>
<trkpt lat="25.280201" lon="121.5258">
<ele>57</ele>
<time>2025-09-09T04:36:38Z</time>
</trkpt>
<trkpt lat="25.280132" lon="121.52593">
<ele>57</ele>
<time>2025-09-09T04:36:53Z</time>
</trkpt>
<trkpt lat="25.280092" lon="121.52604">
<ele>58</ele>
<time>2025-09-09T04:37:03Z</time>
</trkpt>
<trkpt lat="25.28006" lon="121.52613">
<ele>59</ele>
<time>2025-09-09T04:37:18Z</time>
</trkpt>
<trkpt lat="25.28003" lon="121.52623">
<ele>59</ele>
<time>2025-09-09T04:37:28Z</time>
</trkpt>
<trkpt lat="25.279942" lon="121.52634">
<ele>61</ele>
<time>2025-09-09T04:37:43Z</time>
</trkpt>
<trkpt lat="25.279902" lon="121.5264">
<ele>61</ele>
<time>2025-09-09T04:37:53Z</time>
</trkpt>
<trkpt lat="25.279835" lon="121.526474">
<ele>63</ele>
<time>2025-09-09T04:38:03Z</time>
</trkpt>
<trkpt lat="25.279726" lon="121.526566">
<ele>65</ele>
<time>2025-09-09T04:38:18Z</time>
</trkpt>
<trkpt lat="25.279612" lon="121.52664">
<ele>67</ele>
<time>2025-09-09T04:38:33Z</time>
</trkpt>
<trkpt lat="25.279552" lon="121.526665">
<ele>68</ele>
<time>2025-09-09T04:38:43Z</time>
</trkpt>
<trkpt lat="25.27946" lon="121.52671">
<ele>69</ele>
<time>2025-09-09T04:38:58Z</time>
</trkpt>
<trkpt lat="25.279352" lon="121.52679">
<ele>69</ele>
<time>2025-09-09T04:39:13Z</time>
</trkpt>
<trkpt lat="25.279243" lon="121.52684">
<ele>70</ele>
<time>2025-09-09T04:39:28Z</time>
</trkpt>
<trkpt lat="25.279173" lon="121.52687">
<ele>71</ele>
<time>2025-09-09T04:39:38Z</time>
</trkpt>
<trkpt lat="25.279068" lon="121.52701">
<ele>70</ele>
<time>2025-09-09T04:39:53Z</time>
</trkpt>
<trkpt lat="25.27897" lon="121.52711">
<ele>70</ele>
<time>2025-09-09T04:40:08Z</time>
</trkpt>
<trkpt lat="25.27886" lon="121.527214">
<ele>70</ele>
<time>2025-09-09T04:40:23Z</time>
</trkpt>
<trkpt lat="25.278751" lon="121.5273">
<ele>69</ele>
<time>2025-09-09T04:40:38Z</time>
</trkpt>
<trkpt lat="25.278648" lon="121.527275">
<ele>69</ele>
<time>2025-09-09T04:40:53Z</time>
</trkpt>
<trkpt lat="25.278564" lon="121.52727">
<ele>69</ele>
<time>2025-09-09T04:41:03Z</time>
</trkpt>
<trkpt lat="25.278423" lon="121.52731">
<ele>69</ele>
<time>2025-09-09T04:41:18Z</time>
</trkpt>
<trkpt lat="25.278292" lon="121.527214">
<ele>70</ele>
<time>2025-09-09T04:41:33Z</time>
</trkpt>
<trkpt lat="25.27817" lon="121.52715">
<ele>70</ele>
<time>2025-09-09T04:41:48Z</time>
</trkpt>
<trkpt lat="25.278088" lon="121.52714">
<ele>70</ele>
<time>2025-09-09T04:42:03Z</time>
</trkpt>
<trkpt lat="25.277994" lon="121.52709">
<ele>71</ele>
<time>2025-09-09T04:42:18Z</time>
</trkpt>
<trkpt lat="25.277975" lon="121.52705">
<ele>72</ele>
<time>2025-09-09T04:42:33Z</time>
</trkpt>
<trkpt lat="25.278028" lon="121.52702">
<ele>72</ele>
<time>2025-09-09T04:42:43Z</time>
</trkpt>
<trkpt lat="25.27802" lon="121.52694">
<ele>72</ele>
<time>2025-09-09T04:42:53Z</time>
</trkpt>
<trkpt lat="25.278032" lon="121.526886">
<ele>72</ele>
<time>2025-09-09T04:43:03Z</time>
</trkpt>
<trkpt lat="25.278055" lon="121.526794">
<ele>73</ele>
<time>2025-09-09T04:43:18Z</time>
</trkpt>
<trkpt lat="25.278046" lon="121.52667">
<ele>73</ele>
<time>2025-09-09T04:43:28Z</time>
</trkpt>
<trkpt lat="25.278019" lon="121.52659">
<ele>73</ele>
<time>2025-09-09T04:43:38Z</time>
</trkpt>
<trkpt lat="25.278048" lon="121.52652">
<ele>73</ele>
<time>2025-09-09T04:43:48Z</time>
</trkpt>
<trkpt lat="25.278126" lon="121.526405">
<ele>73</ele>
<time>2025-09-09T04:44:03Z</time>
</trkpt>
<trkpt lat="25.278177" lon="121.52634">
<ele>72</ele>
<time>2025-09-09T04:44:13Z</time>
</trkpt>
<trkpt lat="25.278221" lon="121.52616">
<ele>72</ele>
<time>2025-09-09T04:44:28Z</time>
</trkpt>
<trkpt lat="25.278276" lon="121.52603">
<ele>71</ele>
<time>2025-09-09T04:44:38Z</time>
</trkpt>
<trkpt lat="25.278303" lon="121.52595">
<ele>71</ele>
<time>2025-09-09T04:44:53Z</time>
</trkpt>
<trkpt lat="25.278355" lon="121.52593">
<ele>70</ele>
<time>2025-09-09T04:45:38Z</time>
</trkpt>
<trkpt lat="25.278353" lon="121.52587">
<ele>70</ele>
<time>2025-09-09T04:45:48Z</time>
</trkpt>
<trkpt lat="25.278316" lon="121.52583">
<ele>70</ele>
<time>2025-09-09T04:46:58Z</time>
</trkpt>
<trkpt lat="25.27835" lon="121.525764">
<ele>69</ele>
<time>2025-09-09T04:47:08Z</time>
</trkpt>
<trkpt lat="25.27833" lon="121.52563">
<ele>68</ele>
<time>2025-09-09T04:47:23Z</time>
</trkpt>
<trkpt lat="25.278217" lon="121.52552">
<ele>66</ele>
<time>2025-09-09T04:47:38Z</time>
</trkpt>
<trkpt lat="25.278255" lon="121.52556">
<ele>66</ele>
<time>2025-09-09T04:47:58Z</time>
</trkpt>
<trkpt lat="25.278297" lon="121.525604">
<ele>67</ele>
<time>2025-09-09T04:48:08Z</time>
</trkpt>
<trkpt lat="25.278349" lon="121.52565">
<ele>68</ele>
<time>2025-09-09T04:48:18Z</time>
</trkpt>
<trkpt lat="25.278366" lon="121.525764">
<ele>69</ele>
<time>2025-09-09T04:48:43Z</time>
</trkpt>
<trkpt lat="25.278349" lon="121.52569">
<ele>68</ele>
<time>2025-09-09T04:49:33Z</time>
</trkpt>
<trkpt lat="25.278286" lon="121.52558">
<ele>67</ele>
<time>2025-09-09T04:49:48Z</time>
</trkpt>
<trkpt lat="25.278307" lon="121.52549">
<ele>66</ele>
<time>2025-09-09T04:49:58Z</time>
</trkpt>
<trkpt lat="25.278265" lon="121.52552">
<ele>66</ele>
<time>2025-09-09T04:50:33Z</time>
</trkpt>
<trkpt lat="25.278223" lon="121.52548">
<ele>65</ele>
<time>2025-09-09T04:50:48Z</time>
</trkpt>
<trkpt lat="25.27817" lon="121.52545">
<ele>65</ele>
<time>2025-09-09T04:50:58Z</time>
</trkpt>
<trkpt lat="25.278116" lon="121.52549">
<ele>65</ele>
<time>2025-09-09T04:51:18Z</time>
</trkpt>
<trkpt lat="25.27811" lon="121.52542">
<ele>65</ele>
<time>2025-09-09T04:51:33Z</time>
</trkpt>
<trkpt lat="25.27816" lon="121.5254">
<ele>65</ele>
<time>2025-09-09T04:51:48Z</time>
</trkpt>
<trkpt lat="25.278229" lon="121.52538">
<ele>64</ele>
<time>2025-09-09T04:52:58Z</time>
</trkpt>
<trkpt lat="25.278276" lon="121.52539">
<ele>65</ele>
<time>2025-09-09T04:54:28Z</time>
</trkpt>
<trkpt lat="25.278324" lon="121.52538">
<ele>64</ele>
<time>2025-09-09T04:56:23Z</time>
</trkpt>
<trkpt lat="25.278378" lon="121.525444">
<ele>65</ele>
<time>2025-09-09T04:56:48Z</time>
</trkpt>
<trkpt lat="25.2784" lon="121.5254">
<ele>64</ele>
<time>2025-09-09T04:57:38Z</time>
</trkpt>
<trkpt lat="25.27841" lon="121.52534">
<ele>63</ele>
<time>2025-09-09T04:57:53Z</time>
</trkpt>
<trkpt lat="25.278395" lon="121.52526">
<ele>62</ele>
<time>2025-09-09T04:58:03Z</time>
</trkpt>
<trkpt lat="25.278332" lon="121.52521">
<ele>63</ele>
<time>2025-09-09T04:58:43Z</time>
</trkpt>
<trkpt lat="25.27828" lon="121.52517">
<ele>63</ele>
<time>2025-09-09T04:58:53Z</time>
</trkpt>
<trkpt lat="25.278349" lon="121.52513">
<ele>63</ele>
<time>2025-09-09T04:59:23Z</time>
</trkpt>
<trkpt lat="25.278349" lon="121.52507">
<ele>63</ele>
<time>2025-09-09T04:59:38Z</time>
</trkpt>
<trkpt lat="25.278236" lon="121.52501">
<ele>63</ele>
<time>2025-09-09T04:59:53Z</time>
</trkpt>
<trkpt lat="25.278173" lon="121.52506">
<ele>64</ele>
<time>2025-09-09T05:00:03Z</time>
</trkpt>
<trkpt lat="25.278255" lon="121.52502">
<ele>63</ele>
<time>2025-09-09T05:00:28Z</time>
</trkpt>
<trkpt lat="25.278313" lon="121.524994">
<ele>63</ele>
<time>2025-09-09T05:00:38Z</time>
</trkpt>
<trkpt lat="25.27835" lon="121.52495">
<ele>63</ele>
<time>2025-09-09T05:01:03Z</time>
</trkpt>
<trkpt lat="25.278326" lon="121.52488">
<ele>63</ele>
<time>2025-09-09T05:02:03Z</time>
</trkpt>
<trkpt lat="25.278358" lon="121.5248">
<ele>63</ele>
<time>2025-09-09T05:02:18Z</time>
</trkpt>
<trkpt lat="25.278402" lon="121.52478">
<ele>63</ele>
<time>2025-09-09T05:02:53Z</time>
</trkpt>
<trkpt lat="25.278486" lon="121.524796">
<ele>63</ele>
<time>2025-09-09T05:03:08Z</time>
</trkpt>
<trkpt lat="25.278505" lon="121.52471">
<ele>63</ele>
<time>2025-09-09T05:03:28Z</time>
</trkpt>
<trkpt lat="25.27856" lon="121.52467">
<ele>62</ele>
<time>2025-09-09T05:03:43Z</time>
</trkpt>
<trkpt lat="25.278568" lon="121.52462">
<ele>61</ele>
<time>2025-09-09T05:04:03Z</time>
</trkpt>
<trkpt lat="25.278627" lon="121.524574">
<ele>60</ele>
<time>2025-09-09T05:04:18Z</time>
</trkpt>
<trkpt lat="25.278637" lon="121.52452">
<ele>59</ele>
<time>2025-09-09T05:04:43Z</time>
</trkpt>
<trkpt lat="25.278692" lon="121.52453">
<ele>59</ele>
<time>2025-09-09T05:05:18Z</time>
</trkpt>
<trkpt lat="25.278738" lon="121.52451">
<ele>59</ele>
<time>2025-09-09T05:05:33Z</time>
</trkpt>
<trkpt lat="25.278782" lon="121.5245">
<ele>58</ele>
<time>2025-09-09T05:05:48Z</time>
</trkpt>
<trkpt lat="25.278875" lon="121.52456">
<ele>59</ele>
<time>2025-09-09T05:06:03Z</time>
</trkpt>
<trkpt lat="25.278927" lon="121.52457">
<ele>59</ele>
<time>2025-09-09T05:06:13Z</time>
</trkpt>
<trkpt lat="25.279" lon="121.52456">
<ele>58</ele>
<time>2025-09-09T05:06:28Z</time>
</trkpt>
<trkpt lat="25.27906" lon="121.52451">
<ele>57</ele>
<time>2025-09-09T05:06:43Z</time>
</trkpt>
<trkpt lat="25.279135" lon="121.52452">
<ele>57</ele>
<time>2025-09-09T05:06:58Z</time>
</trkpt>
<trkpt lat="25.279226" lon="121.52451">
<ele>57</ele>
<time>2025-09-09T05:07:13Z</time>
</trkpt>
<trkpt lat="25.279272" lon="121.52447">
<ele>56</ele>
<time>2025-09-09T05:07:23Z</time>
</trkpt>
<trkpt lat="25.27931" lon="121.52443">
<ele>56</ele>
<time>2025-09-09T05:07:48Z</time>
</trkpt>
<trkpt lat="25.279337" lon="121.52438">
<ele>55</ele>
<time>2025-09-09T05:08:03Z</time>
</trkpt>
<trkpt lat="25.27938" lon="121.52437">
<ele>55</ele>
<time>2025-09-09T05:08:13Z</time>
</trkpt>
<trkpt lat="25.27936" lon="121.524315">
<ele>55</ele>
<time>2025-09-09T05:08:23Z</time>
</trkpt>
<trkpt lat="25.279411" lon="121.52429">
<ele>54</ele>
<time>2025-09-09T05:08:43Z</time>
</trkpt>
<trkpt lat="25.279478" lon="121.52429">
<ele>54</ele>
<time>2025-09-09T05:08:58Z</time>
</trkpt>
<trkpt lat="25.279562" lon="121.524254">
<ele>54</ele>
<time>2025-09-09T05:09:13Z</time>
</trkpt>
<trkpt lat="25.279638" lon="121.52426">
<ele>54</ele>
<time>2025-09-09T05:09:23Z</time>
</trkpt>
<trkpt lat="25.279705" lon="121.524254">
<ele>54</ele>
<time>2025-09-09T05:09:43Z</time>
</trkpt>
<trkpt lat="25.27975" lon="121.52426">
<ele>53</ele>
<time>2025-09-09T05:09:58Z</time>
</trkpt>
<trkpt lat="25.279827" lon="121.52427">
<ele>52</ele>
<time>2025-09-09T05:10:08Z</time>
</trkpt>
<trkpt lat="25.279846" lon="121.52422">
<ele>51</ele>
<time>2025-09-09T05:10:23Z</time>
</trkpt>
<trkpt lat="25.279882" lon="121.52416">
<ele>51</ele>
<time>2025-09-09T05:10:43Z</time>
</trkpt>
<trkpt lat="25.279915" lon="121.52411">
<ele>50</ele>
<time>2025-09-09T05:10:58Z</time>
</trkpt>
<trkpt lat="25.279911" lon="121.52406">
<ele>50</ele>
<time>2025-09-09T05:11:13Z</time>
</trkpt>
<trkpt lat="25.279903" lon="121.523994">
<ele>50</ele>
<time>2025-09-09T05:11:33Z</time>
</trkpt>
<trkpt lat="25.279953" lon="121.52395">
<ele>49</ele>
<time>2025-09-09T05:11:48Z</time>
</trkpt>
<trkpt lat="25.279997" lon="121.52392">
<ele>49</ele>
<time>2025-09-09T05:12:13Z</time>
</trkpt>
<trkpt lat="25.280025" lon="121.52387">
<ele>48</ele>
<time>2025-09-09T05:12:33Z</time>
</trkpt>
<trkpt lat="25.280073" lon="121.52386">
<ele>47</ele>
<time>2025-09-09T05:12:48Z</time>
</trkpt>
<trkpt lat="25.280127" lon="121.52385">
<ele>45</ele>
<time>2025-09-09T05:13:18Z</time>
</trkpt>
<trkpt lat="25.280169" lon="121.52382">
<ele>44</ele>
<time>2025-09-09T05:13:38Z</time>
</trkpt>
<trkpt lat="25.280205" lon="121.52378">
<ele>43</ele>
<time>2025-09-09T05:13:53Z</time>
</trkpt>
<trkpt lat="25.280237" lon="121.52382">
<ele>43</ele>
<time>2025-09-09T05:14:08Z</time>
</trkpt>
<trkpt lat="25.28027" lon="121.52388">
<ele>42</ele>
<time>2025-09-09T05:14:38Z</time>
</trkpt>
<trkpt lat="25.280264" lon="121.52394">
<ele>42</ele>
<time>2025-09-09T05:15:28Z</time>
</trkpt>
<trkpt lat="25.28016" lon="121.52391">
<ele>45</ele>
<time>2025-09-09T05:16:28Z</time>
</trkpt>
<trkpt lat="25.28021" lon="121.52393">
<ele>44</ele>
<time>2025-09-09T05:16:43Z</time>
</trkpt>
<trkpt lat="25.280254" lon="121.52398">
<ele>42</ele>
<time>2025-09-09T05:17:13Z</time>
</trkpt>
<trkpt lat="25.280302" lon="121.523964">
<ele>42</ele>
<time>2025-09-09T05:18:13Z</time>
</trkpt>
<trkpt lat="25.280313" lon="121.52391">
<ele>42</ele>
<time>2025-09-09T05:18:33Z</time>
</trkpt>
<trkpt lat="25.28032" lon="121.52386">
<ele>42</ele>
<time>2025-09-09T05:18:48Z</time>
</trkpt>
<trkpt lat="25.280323" lon="121.5238">
<ele>41</ele>
<time>2025-09-09T05:19:03Z</time>
</trkpt>
<trkpt lat="25.280327" lon="121.52374">
<ele>41</ele>
<time>2025-09-09T05:19:28Z</time>
</trkpt>
<trkpt lat="25.28031" lon="121.5237">
<ele>42</ele>
<time>2025-09-09T05:20:18Z</time>
</trkpt>
<trkpt lat="25.280357" lon="121.52371">
<ele>41</ele>
<time>2025-09-09T05:21:48Z</time>
</trkpt>
<trkpt lat="25.280323" lon="121.523674">
<ele>41</ele>
<time>2025-09-09T05:22:53Z</time>
</trkpt>
<trkpt lat="25.280352" lon="121.52363">
<ele>41</ele>
<time>2025-09-09T05:26:38Z</time>
</trkpt>
<trkpt lat="25.280396" lon="121.52357">
<ele>40</ele>
<time>2025-09-09T05:26:53Z</time>
</trkpt>
<trkpt lat="25.2804" lon="121.523476">
<ele>40</ele>
<time>2025-09-09T05:27:18Z</time>
</trkpt>
<trkpt lat="25.280443" lon="121.52339">
<ele>39</ele>
<time>2025-09-09T05:27:33Z</time>
</trkpt>
<trkpt lat="25.280487" lon="121.52336">
<ele>38</ele>
<time>2025-09-09T05:27:48Z</time>
</trkpt>
<trkpt lat="25.280516" lon="121.52332">
<ele>38</ele>
<time>2025-09-09T05:28:08Z</time>
</trkpt>
<trkpt lat="25.280546" lon="121.52322">
<ele>38</ele>
<time>2025-09-09T05:28:18Z</time>
</trkpt>
<trkpt lat="25.28065" lon="121.52312">
<ele>36</ele>
<time>2025-09-09T05:28:33Z</time>
</trkpt>
<trkpt lat="25.280708" lon="121.52306">
<ele>35</ele>
<time>2025-09-09T05:28:48Z</time>
</trkpt>
<trkpt lat="25.280636" lon="121.523056">
<ele>36</ele>
<time>2025-09-09T05:30:58Z</time>
</trkpt>
<trkpt lat="25.280558" lon="121.523056">
<ele>38</ele>
<time>2025-09-09T05:31:08Z</time>
</trkpt>
<trkpt lat="25.280441" lon="121.52299">
<ele>38</ele>
<time>2025-09-09T05:31:23Z</time>
</trkpt>
<trkpt lat="25.280376" lon="121.52302">
<ele>39</ele>
<time>2025-09-09T05:31:33Z</time>
</trkpt>
<trkpt lat="25.280254" lon="121.52299">
<ele>40</ele>
<time>2025-09-09T05:31:48Z</time>
</trkpt>
<trkpt lat="25.280134" lon="121.522934">
<ele>40</ele>
<time>2025-09-09T05:32:03Z</time>
</trkpt>
<trkpt lat="25.280064" lon="121.522804">
<ele>39</ele>
<time>2025-09-09T05:32:18Z</time>
</trkpt>
<trkpt lat="25.280039" lon="121.52275">
<ele>39</ele>
<time>2025-09-09T05:32:43Z</time>
</trkpt>
<trkpt lat="25.279978" lon="121.52272">
<ele>39</ele>
<time>2025-09-09T05:33:03Z</time>
</trkpt>
<trkpt lat="25.27986" lon="121.52272">
<ele>40</ele>
<time>2025-09-09T05:33:18Z</time>
</trkpt>
<trkpt lat="25.279724" lon="121.52273">
<ele>42</ele>
<time>2025-09-09T05:33:33Z</time>
</trkpt>
<trkpt lat="25.279612" lon="121.52269">
<ele>42</ele>
<time>2025-09-09T05:33:43Z</time>
</trkpt>
<trkpt lat="25.279543" lon="121.52262">
<ele>41</ele>
<time>2025-09-09T05:33:53Z</time>
</trkpt>
<trkpt lat="25.279434" lon="121.52249">
<ele>38</ele>
<time>2025-09-09T05:34:08Z</time>
</trkpt>
<trkpt lat="25.279333" lon="121.52246">
<ele>40</ele>
<time>2025-09-09T05:34:18Z</time>
</trkpt>
<trkpt lat="25.279215" lon="121.52241">
<ele>42</ele>
<time>2025-09-09T05:34:33Z</time>
</trkpt>
<trkpt lat="25.27913" lon="121.52237">
<ele>43</ele>
<time>2025-09-09T05:34:43Z</time>
</trkpt>
<trkpt lat="25.279053" lon="121.522385">
<ele>43</ele>
<time>2025-09-09T05:34:58Z</time>
</trkpt>
<trkpt lat="25.279016" lon="121.52245">
<ele>43</ele>
<time>2025-09-09T05:35:13Z</time>
</trkpt>
<trkpt lat="25.278961" lon="121.52246">
<ele>43</ele>
<time>2025-09-09T05:35:33Z</time>
</trkpt>
<trkpt lat="25.278915" lon="121.52247">
<ele>43</ele>
<time>2025-09-09T05:35:58Z</time>
</trkpt>
<trkpt lat="25.278889" lon="121.522514">
<ele>43</ele>
<time>2025-09-09T05:36:13Z</time>
</trkpt>
<trkpt lat="25.278847" lon="121.52242">
<ele>45</ele>
<time>2025-09-09T05:36:33Z</time>
</trkpt>
<trkpt lat="25.278805" lon="121.52245">
<ele>45</ele>
<time>2025-09-09T05:36:48Z</time>
</trkpt>
<trkpt lat="25.278778" lon="121.52251">
<ele>45</ele>
<time>2025-09-09T05:36:58Z</time>
</trkpt>
<trkpt lat="25.278772" lon="121.522575">
<ele>46</ele>
<time>2025-09-09T05:37:13Z</time>
</trkpt>
<trkpt lat="25.278717" lon="121.52252">
<ele>46</ele>
<time>2025-09-09T05:37:28Z</time>
</trkpt>
<trkpt lat="25.278685" lon="121.522446">
<ele>48</ele>
<time>2025-09-09T05:37:43Z</time>
</trkpt>
<trkpt lat="25.278654" lon="121.522385">
<ele>50</ele>
<time>2025-09-09T05:37:58Z</time>
</trkpt>
<trkpt lat="25.278652" lon="121.522316">
<ele>51</ele>
<time>2025-09-09T05:38:13Z</time>
</trkpt>
<trkpt lat="25.278652" lon="121.52226">
<ele>52</ele>
<time>2025-09-09T05:38:23Z</time>
</trkpt>
<trkpt lat="25.278599" lon="121.52221">
<ele>54</ele>
<time>2025-09-09T05:39:38Z</time>
</trkpt>
<trkpt lat="25.27859" lon="121.52213">
<ele>55</ele>
<time>2025-09-09T05:39:53Z</time>
</trkpt>
<trkpt lat="25.278566" lon="121.52208">
<ele>56</ele>
<time>2025-09-09T05:40:03Z</time>
</trkpt>
<trkpt lat="25.278507" lon="121.52202">
<ele>57</ele>
<time>2025-09-09T05:40:13Z</time>
</trkpt>
<trkpt lat="25.278423" lon="121.52201">
<ele>58</ele>
<time>2025-09-09T05:40:58Z</time>
</trkpt>
<trkpt lat="25.278307" lon="121.52199">
<ele>58</ele>
<time>2025-09-09T05:41:13Z</time>
</trkpt>
<trkpt lat="25.278286" lon="121.52205">
<ele>58</ele>
<time>2025-09-09T05:41:23Z</time>
</trkpt>
<trkpt lat="25.278292" lon="121.522125">
<ele>58</ele>
<time>2025-09-09T05:41:38Z</time>
</trkpt>
<trkpt lat="25.278244" lon="121.522194">
<ele>59</ele>
<time>2025-09-09T05:42:03Z</time>
</trkpt>
<trkpt lat="25.2782" lon="121.52225">
<ele>59</ele>
<time>2025-09-09T05:42:13Z</time>
</trkpt>
<trkpt lat="25.278214" lon="121.522316">
<ele>59</ele>
<time>2025-09-09T05:42:23Z</time>
</trkpt>
<trkpt lat="25.278206" lon="121.52226">
<ele>59</ele>
<time>2025-09-09T05:42:38Z</time>
</trkpt>
<trkpt lat="25.278198" lon="121.52217">
<ele>58</ele>
<time>2025-09-09T05:42:48Z</time>
</trkpt>
<trkpt lat="25.278233" lon="121.5221">
<ele>58</ele>
<time>2025-09-09T05:42:58Z</time>
</trkpt>
<trkpt lat="25.278315" lon="121.52201">
<ele>58</ele>
<time>2025-09-09T05:43:13Z</time>
</trkpt>
<trkpt lat="25.278296" lon="121.52195">
<ele>57</ele>
<time>2025-09-09T05:43:48Z</time>
</trkpt>
<trkpt lat="25.278316" lon="121.52187">
<ele>57</ele>
<time>2025-09-09T05:45:03Z</time>
</trkpt>
<trkpt lat="25.278294" lon="121.52178">
<ele>57</ele>
<time>2025-09-09T05:45:18Z</time>
</trkpt>
<trkpt lat="25.278322" lon="121.521675">
<ele>57</ele>
<time>2025-09-09T05:45:33Z</time>
</trkpt>
<trkpt lat="25.27838" lon="121.52167">
<ele>57</ele>
<time>2025-09-09T05:45:43Z</time>
</trkpt>
<trkpt lat="25.278429" lon="121.52163">
<ele>57</ele>
<time>2025-09-09T05:45:58Z</time>
</trkpt>
<trkpt lat="25.278502" lon="121.52162">
<ele>57</ele>
<time>2025-09-09T05:46:13Z</time>
</trkpt>
<trkpt lat="25.278555" lon="121.52156">
<ele>57</ele>
<time>2025-09-09T05:46:23Z</time>
</trkpt>
<trkpt lat="25.278587" lon="121.52151">
<ele>57</ele>
<time>2025-09-09T05:46:38Z</time>
</trkpt>
<trkpt lat="25.278675" lon="121.52143">
<ele>57</ele>
<time>2025-09-09T05:46:53Z</time>
</trkpt>
<trkpt lat="25.278717" lon="121.5214">
<ele>57</ele>
<time>2025-09-09T05:47:18Z</time>
</trkpt>
<trkpt lat="25.278667" lon="121.52142">
<ele>57</ele>
<time>2025-09-09T05:48:03Z</time>
</trkpt>
<trkpt lat="25.278631" lon="121.521484">
<ele>57</ele>
<time>2025-09-09T05:48:13Z</time>
</trkpt>
<trkpt lat="25.278551" lon="121.52161">
<ele>57</ele>
<time>2025-09-09T05:48:28Z</time>
</trkpt>
<trkpt lat="25.27849" lon="121.52163">
<ele>57</ele>
<time>2025-09-09T05:48:43Z</time>
</trkpt>
<trkpt lat="25.278399" lon="121.52161">
<ele>57</ele>
<time>2025-09-09T05:48:58Z</time>
</trkpt>
<trkpt lat="25.278294" lon="121.52164">
<ele>56</ele>
<time>2025-09-09T05:49:13Z</time>
</trkpt>
<trkpt lat="25.278229" lon="121.52159">
<ele>54</ele>
<time>2025-09-09T05:49:23Z</time>
</trkpt>
<trkpt lat="25.278162" lon="121.52155">
<ele>53</ele>
<time>2025-09-09T05:49:33Z</time>
</trkpt>
<trkpt lat="25.27816" lon="121.521454">
<ele>53</ele>
<time>2025-09-09T05:49:48Z</time>
</trkpt>
<trkpt lat="25.278183" lon="121.52134">
<ele>52</ele>
<time>2025-09-09T05:50:03Z</time>
</trkpt>
<trkpt lat="25.27818" lon="121.52126">
<ele>50</ele>
<time>2025-09-09T05:50:13Z</time>
</trkpt>
<trkpt lat="25.278225" lon="121.52132">
<ele>52</ele>
<time>2025-09-09T05:50:28Z</time>
</trkpt>
<trkpt lat="25.278227" lon="121.52137">
<ele>53</ele>
<time>2025-09-09T05:51:03Z</time>
</trkpt>
<trkpt lat="25.278238" lon="121.52132">
<ele>52</ele>
<time>2025-09-09T05:51:58Z</time>
</trkpt>
<trkpt lat="25.278206" lon="121.52128">
<ele>51</ele>
<time>2025-09-09T05:52:38Z</time>
</trkpt>
<trkpt lat="25.27821" lon="121.52121">
<ele>50</ele>
<time>2025-09-09T05:52:53Z</time>
</trkpt>
<trkpt lat="25.2782" lon="121.521065">
<ele>47</ele>
<time>2025-09-09T05:53:08Z</time>
</trkpt>
<trkpt lat="25.278214" lon="121.52098">
<ele>46</ele>
<time>2025-09-09T05:53:23Z</time>
</trkpt>
<trkpt lat="25.278275" lon="121.52093">
<ele>45</ele>
<time>2025-09-09T05:53:33Z</time>
</trkpt>
<trkpt lat="25.278307" lon="121.52087">
<ele>44</ele>
<time>2025-09-09T05:54:13Z</time>
</trkpt>
<trkpt lat="25.27832" lon="121.52076">
<ele>41</ele>
<time>2025-09-09T05:54:28Z</time>
</trkpt>
<trkpt lat="25.278366" lon="121.520706">
<ele>40</ele>
<time>2025-09-09T05:54:38Z</time>
</trkpt>
<trkpt lat="25.278488" lon="121.52067">
<ele>41</ele>
<time>2025-09-09T05:54:53Z</time>
</trkpt>
<trkpt lat="25.27853" lon="121.52064">
<ele>40</ele>
<time>2025-09-09T05:55:03Z</time>
</trkpt>
<trkpt lat="25.278603" lon="121.5206">
<ele>40</ele>
<time>2025-09-09T05:55:13Z</time>
</trkpt>
<trkpt lat="25.27869" lon="121.52052">
<ele>40</ele>
<time>2025-09-09T05:55:28Z</time>
</trkpt>
<trkpt lat="25.278725" lon="121.520485">
<ele>39</ele>
<time>2025-09-09T05:55:43Z</time>
</trkpt>
<trkpt lat="25.27877" lon="121.52045">
<ele>39</ele>
<time>2025-09-09T05:55:53Z</time>
</trkpt>
<trkpt lat="25.278862" lon="121.52037">
<ele>39</ele>
<time>2025-09-09T05:56:08Z</time>
</trkpt>
<trkpt lat="25.27898" lon="121.52031">
<ele>38</ele>
<time>2025-09-09T05:56:23Z</time>
</trkpt>
<trkpt lat="25.279032" lon="121.52026">
<ele>37</ele>
<time>2025-09-09T05:56:33Z</time>
</trkpt>
<trkpt lat="25.27915" lon="121.52019">
<ele>36</ele>
<time>2025-09-09T05:56:48Z</time>
</trkpt>
<trkpt lat="25.279242" lon="121.52011">
<ele>34</ele>
<time>2025-09-09T05:57:03Z</time>
</trkpt>
<trkpt lat="25.279314" lon="121.52009">
<ele>33</ele>
<time>2025-09-09T05:57:13Z</time>
</trkpt>
<trkpt lat="25.279276" lon="121.52004">
<ele>32</ele>
<time>2025-09-09T05:57:58Z</time>
</trkpt>
<trkpt lat="25.279251" lon="121.51997">
<ele>32</ele>
<time>2025-09-09T05:58:08Z</time>
</trkpt>
<trkpt lat="25.279198" lon="121.51988">
<ele>35</ele>
<time>2025-09-09T05:58:23Z</time>
</trkpt>
<trkpt lat="25.279125" lon="121.51985">
<ele>37</ele>
<time>2025-09-09T05:58:38Z</time>
</trkpt>
<trkpt lat="25.27904" lon="121.519844">
<ele>38</ele>
<time>2025-09-09T05:58:53Z</time>
</trkpt>
<trkpt lat="25.278946" lon="121.519875">
<ele>38</ele>
<time>2025-09-09T05:59:08Z</time>
</trkpt>
<trkpt lat="25.278824" lon="121.51989">
<ele>38</ele>
<time>2025-09-09T05:59:23Z</time>
</trkpt>
<trkpt lat="25.278717" lon="121.51991">
<ele>38</ele>
<time>2025-09-09T05:59:38Z</time>
</trkpt>
<trkpt lat="25.278648" lon="121.51992">
<ele>38</ele>
<time>2025-09-09T05:59:48Z</time>
</trkpt>
<trkpt lat="25.278524" lon="121.51997">
<ele>37</ele>
<time>2025-09-09T06:00:03Z</time>
</trkpt>
<trkpt lat="25.278452" lon="121.51998">
<ele>37</ele>
<time>2025-09-09T06:00:18Z</time>
</trkpt>
<trkpt lat="25.2783" lon="121.51999">
<ele>38</ele>
<time>2025-09-09T06:00:33Z</time>
</trkpt>
<trkpt lat="25.278173" lon="121.51994">
<ele>41</ele>
<time>2025-09-09T06:00:48Z</time>
</trkpt>
<trkpt lat="25.278103" lon="121.5199">
<ele>42</ele>
<time>2025-09-09T06:00:58Z</time>
</trkpt>
<trkpt lat="25.27801" lon="121.5199">
<ele>42</ele>
<time>2025-09-09T06:01:08Z</time>
</trkpt>
<trkpt lat="25.277937" lon="121.519936">
<ele>40</ele>
<time>2025-09-09T06:01:23Z</time>
</trkpt>
<trkpt lat="25.277891" lon="121.51988">
<ele>41</ele>
<time>2025-09-09T06:02:28Z</time>
</trkpt>
<trkpt lat="25.277792" lon="121.51978">
<ele>41</ele>
<time>2025-09-09T06:02:43Z</time>
</trkpt>
<trkpt lat="25.27768" lon="121.51965">
<ele>42</ele>
<time>2025-09-09T06:02:58Z</time>
</trkpt>
<trkpt lat="25.277624" lon="121.51959">
<ele>42</ele>
<time>2025-09-09T06:03:08Z</time>
</trkpt>
<trkpt lat="25.27754" lon="121.51953">
<ele>42</ele>
<time>2025-09-09T06:03:18Z</time>
</trkpt>
<trkpt lat="25.27744" lon="121.51944">
<ele>42</ele>
<time>2025-09-09T06:03:33Z</time>
</trkpt>
<trkpt lat="25.277401" lon="121.519356">
<ele>43</ele>
<time>2025-09-09T06:04:03Z</time>
</trkpt>
<trkpt lat="25.277359" lon="121.51931">
<ele>43</ele>
<time>2025-09-09T06:04:28Z</time>
</trkpt>
<trkpt lat="25.277298" lon="121.519264">
<ele>43</ele>
<time>2025-09-09T06:04:38Z</time>
</trkpt>
<trkpt lat="25.27722" lon="121.519196">
<ele>43</ele>
<time>2025-09-09T06:04:53Z</time>
</trkpt>
<trkpt lat="25.27717" lon="121.51919">
<ele>44</ele>
<time>2025-09-09T06:05:33Z</time>
</trkpt>
<trkpt lat="25.277113" lon="121.51924">
<ele>44</ele>
<time>2025-09-09T06:05:48Z</time>
</trkpt>
<trkpt lat="25.277073" lon="121.51929">
<ele>44</ele>
<time>2025-09-09T06:05:58Z</time>
</trkpt>
<trkpt lat="25.27702" lon="121.51935">
<ele>44</ele>
<time>2025-09-09T06:06:13Z</time>
</trkpt>
<trkpt lat="25.276966" lon="121.5194">
<ele>43</ele>
<time>2025-09-09T06:06:28Z</time>
</trkpt>
<trkpt lat="25.276905" lon="121.519394">
<ele>44</ele>
<time>2025-09-09T06:06:43Z</time>
</trkpt>
<trkpt lat="25.276821" lon="121.51942">
<ele>44</ele>
<time>2025-09-09T06:06:53Z</time>
</trkpt>
<trkpt lat="25.276718" lon="121.51943">
<ele>44</ele>
<time>2025-09-09T06:07:08Z</time>
</trkpt>
<trkpt lat="25.27666" lon="121.5195">
<ele>44</ele>
<time>2025-09-09T06:07:23Z</time>
</trkpt>
<trkpt lat="25.276588" lon="121.519646">
<ele>43</ele>
<time>2025-09-09T06:07:38Z</time>
</trkpt>
<trkpt lat="25.2765" lon="121.51969">
<ele>44</ele>
<time>2025-09-09T06:07:53Z</time>
</trkpt>
<trkpt lat="25.276445" lon="121.51976">
<ele>46</ele>
<time>2025-09-09T06:08:08Z</time>
</trkpt>
<trkpt lat="25.276377" lon="121.519745">
<ele>47</ele>
<time>2025-09-09T06:08:23Z</time>
</trkpt>
<trkpt lat="25.276285" lon="121.51982">
<ele>49</ele>
<time>2025-09-09T06:08:38Z</time>
</trkpt>
<trkpt lat="25.276165" lon="121.519905">
<ele>51</ele>
<time>2025-09-09T06:08:53Z</time>
</trkpt>
<trkpt lat="25.27611" lon="121.519936">
<ele>51</ele>
<time>2025-09-09T06:09:13Z</time>
</trkpt>
<trkpt lat="25.276073" lon="121.519966">
<ele>50</ele>
<time>2025-09-09T06:09:28Z</time>
</trkpt>
<trkpt lat="25.276026" lon="121.52">
<ele>50</ele>
<time>2025-09-09T06:09:48Z</time>
</trkpt>
<trkpt lat="25.27604" lon="121.520065">
<ele>51</ele>
<time>2025-09-09T06:10:38Z</time>
</trkpt>
<trkpt lat="25.276024" lon="121.52014">
<ele>53</ele>
<time>2025-09-09T06:12:03Z</time>
</trkpt>
<trkpt lat="25.275982" lon="121.52018">
<ele>54</ele>
<time>2025-09-09T06:12:18Z</time>
</trkpt>
<trkpt lat="25.275948" lon="121.52022">
<ele>54</ele>
<time>2025-09-09T06:12:48Z</time>
</trkpt>
<trkpt lat="25.27596" lon="121.52027">
<ele>55</ele>
<time>2025-09-09T06:13:18Z</time>
</trkpt>
<trkpt lat="25.275984" lon="121.520325">
<ele>57</ele>
<time>2025-09-09T06:13:38Z</time>
</trkpt>
<trkpt lat="25.275978" lon="121.5204">
<ele>58</ele>
<time>2025-09-09T06:13:53Z</time>
</trkpt>
<trkpt lat="25.27599" lon="121.52045">
<ele>59</ele>
<time>2025-09-09T06:14:03Z</time>
</trkpt>
<trkpt lat="25.275923" lon="121.52044">
<ele>59</ele>
<time>2025-09-09T06:14:18Z</time>
</trkpt>
<trkpt lat="25.275877" lon="121.52048">
<ele>59</ele>
<time>2025-09-09T06:14:33Z</time>
</trkpt>
<trkpt lat="25.275846" lon="121.520515">
<ele>59</ele>
<time>2025-09-09T06:15:03Z</time>
</trkpt>
<trkpt lat="25.275867" lon="121.52045">
<ele>58</ele>
<time>2025-09-09T06:15:23Z</time>
</trkpt>
<trkpt lat="25.275839" lon="121.52036">
<ele>57</ele>
<time>2025-09-09T06:15:38Z</time>
</trkpt>
<trkpt lat="25.275763" lon="121.52029">
<ele>54</ele>
<time>2025-09-09T06:15:53Z</time>
</trkpt>
<trkpt lat="25.2757" lon="121.520226">
<ele>53</ele>
<time>2025-09-09T06:16:03Z</time>
</trkpt>
<trkpt lat="25.275608" lon="121.52013">
<ele>52</ele>
<time>2025-09-09T06:16:18Z</time>
</trkpt>
<trkpt lat="25.275534" lon="121.520065">
<ele>52</ele>
<time>2025-09-09T06:16:33Z</time>
</trkpt>
<trkpt lat="25.275398" lon="121.52015">
<ele>51</ele>
<time>2025-09-09T06:16:48Z</time>
</trkpt>
<trkpt lat="25.27532" lon="121.5202">
<ele>50</ele>
<time>2025-09-09T06:16:58Z</time>
</trkpt>
<trkpt lat="25.275179" lon="121.52027">
<ele>49</ele>
<time>2025-09-09T06:17:13Z</time>
</trkpt>
<trkpt lat="25.27506" lon="121.520256">
<ele>50</ele>
<time>2025-09-09T06:17:28Z</time>
</trkpt>
<trkpt lat="25.274885" lon="121.52027">
<ele>51</ele>
<time>2025-09-09T06:17:43Z</time>
</trkpt>
<trkpt lat="25.2748" lon="121.52027">
<ele>51</ele>
<time>2025-09-09T06:17:53Z</time>
</trkpt>
<trkpt lat="25.274643" lon="121.52027">
<ele>51</ele>
<time>2025-09-09T06:18:08Z</time>
</trkpt>
<trkpt lat="25.274544" lon="121.5203">
<ele>52</ele>
<time>2025-09-09T06:18:18Z</time>
</trkpt>
<trkpt lat="25.274488" lon="121.520325">
<ele>52</ele>
<time>2025-09-09T06:18:33Z</time>
</trkpt>
<trkpt lat="25.27443" lon="121.52037">
<ele>52</ele>
<time>2025-09-09T06:18:43Z</time>
</trkpt>
<trkpt lat="25.274355" lon="121.5204">
<ele>52</ele>
<time>2025-09-09T06:18:58Z</time>
</trkpt>
<trkpt lat="25.274395" lon="121.520355">
<ele>52</ele>
<time>2025-09-09T06:20:43Z</time>
</trkpt>
<trkpt lat="25.274445" lon="121.5203">
<ele>52</ele>
<time>2025-09-09T06:20:58Z</time>
</trkpt>
<trkpt lat="25.274534" lon="121.52029">
<ele>52</ele>
<time>2025-09-09T06:21:43Z</time>
</trkpt>
<trkpt lat="25.274652" lon="121.52025">
<ele>52</ele>
<time>2025-09-09T06:21:58Z</time>
</trkpt>
<trkpt lat="25.274769" lon="121.52025">
<ele>51</ele>
<time>2025-09-09T06:22:08Z</time>
</trkpt>
<trkpt lat="25.274847" lon="121.52024">
<ele>51</ele>
<time>2025-09-09T06:22:18Z</time>
</trkpt>
<trkpt lat="25.274954" lon="121.52024">
<ele>51</ele>
<time>2025-09-09T06:22:33Z</time>
</trkpt>
<trkpt lat="25.275084" lon="121.52024">
<ele>50</ele>
<time>2025-09-09T06:22:48Z</time>
</trkpt>
<trkpt lat="25.27517" lon="121.52023">
<ele>49</ele>
<time>2025-09-09T06:22:58Z</time>
</trkpt>
<trkpt lat="25.27529" lon="121.52018">
<ele>50</ele>
<time>2025-09-09T06:23:13Z</time>
</trkpt>
<trkpt lat="25.275368" lon="121.520134">
<ele>51</ele>
<time>2025-09-09T06:23:23Z</time>
</trkpt>
<trkpt lat="25.275463" lon="121.52005">
<ele>52</ele>
<time>2025-09-09T06:23:38Z</time>
</trkpt>
<trkpt lat="25.275518" lon="121.51998">
<ele>52</ele>
<time>2025-09-09T06:23:53Z</time>
</trkpt>
<trkpt lat="25.27547" lon="121.5199">
<ele>54</ele>
<time>2025-09-09T06:24:08Z</time>
</trkpt>
<trkpt lat="25.275528" lon="121.51972">
<ele>56</ele>
<time>2025-09-09T06:24:23Z</time>
</trkpt>
<trkpt lat="25.275618" lon="121.51968">
<ele>56</ele>
<time>2025-09-09T06:24:38Z</time>
</trkpt>
<trkpt lat="25.275661" lon="121.51967">
<ele>57</ele>
<time>2025-09-09T06:24:58Z</time>
</trkpt>
<trkpt lat="25.275557" lon="121.51969">
<ele>56</ele>
<time>2025-09-09T06:25:13Z</time>
</trkpt>
<trkpt lat="25.275488" lon="121.51963">
<ele>57</ele>
<time>2025-09-09T06:25:28Z</time>
</trkpt>
<trkpt lat="25.27547" lon="121.51952">
<ele>58</ele>
<time>2025-09-09T06:25:38Z</time>
</trkpt>
<trkpt lat="25.275446" lon="121.51941">
<ele>58</ele>
<time>2025-09-09T06:25:53Z</time>
</trkpt>
<trkpt lat="25.275454" lon="121.51933">
<ele>58</ele>
<time>2025-09-09T06:26:03Z</time>
</trkpt>
<trkpt lat="25.275465" lon="121.51916">
<ele>59</ele>
<time>2025-09-09T06:26:18Z</time>
</trkpt>
<trkpt lat="25.275444" lon="121.51907">
<ele>59</ele>
<time>2025-09-09T06:26:28Z</time>
</trkpt>
<trkpt lat="25.275482" lon="121.51897">
<ele>59</ele>
<time>2025-09-09T06:26:43Z</time>
</trkpt>
<trkpt lat="25.275547" lon="121.51888">
<ele>58</ele>
<time>2025-09-09T06:27:08Z</time>
</trkpt>
<trkpt lat="25.275621" lon="121.51885">
<ele>58</ele>
<time>2025-09-09T06:27:23Z</time>
</trkpt>
<trkpt lat="25.275654" lon="121.5189">
<ele>58</ele>
<time>2025-09-09T06:27:43Z</time>
</trkpt>
<trkpt lat="25.275703" lon="121.518906">
<ele>57</ele>
<time>2025-09-09T06:27:53Z</time>
</trkpt>
<trkpt lat="25.275763" lon="121.51891">
<ele>57</ele>
<time>2025-09-09T06:28:18Z</time>
</trkpt>
<trkpt lat="25.27579" lon="121.51897">
<ele>57</ele>
<time>2025-09-09T06:28:53Z</time>
</trkpt>
<trkpt lat="25.275846" lon="121.51902">
<ele>57</ele>
<time>2025-09-09T06:29:08Z</time>
</trkpt>
<trkpt lat="25.275888" lon="121.51899">
<ele>57</ele>
<time>2025-09-09T06:30:28Z</time>
</trkpt>
<trkpt lat="25.27595" lon="121.51896">
<ele>57</ele>
<time>2025-09-09T06:30:58Z</time>
</trkpt>
<trkpt lat="25.276005" lon="121.51893">
<ele>57</ele>
<time>2025-09-09T06:31:18Z</time>
</trkpt>
<trkpt lat="25.276037" lon="121.51889">
<ele>56</ele>
<time>2025-09-09T06:31:28Z</time>
</trkpt>
<trkpt lat="25.27606" lon="121.51883">
<ele>56</ele>
<time>2025-09-09T06:31:43Z</time>
</trkpt>
<trkpt lat="25.276106" lon="121.51882">
<ele>56</ele>
<time>2025-09-09T06:31:58Z</time>
</trkpt>
<trkpt lat="25.276133" lon="121.518776">
<ele>56</ele>
<time>2025-09-09T06:32:08Z</time>
</trkpt>
<trkpt lat="25.27616" lon="121.51866">
<ele>56</ele>
<time>2025-09-09T06:32:23Z</time>
</trkpt>
<trkpt lat="25.276215" lon="121.51862">
<ele>55</ele>
<time>2025-09-09T06:32:38Z</time>
</trkpt>
<trkpt lat="25.276264" lon="121.51858">
<ele>55</ele>
<time>2025-09-09T06:32:53Z</time>
</trkpt>
<trkpt lat="25.276327" lon="121.51852">
<ele>54</ele>
<time>2025-09-09T06:33:03Z</time>
</trkpt>
<trkpt lat="25.276388" lon="121.518524">
<ele>54</ele>
<time>2025-09-09T06:33:18Z</time>
</trkpt>
<trkpt lat="25.276463" lon="121.518524">
<ele>54</ele>
<time>2025-09-09T06:33:38Z</time>
</trkpt>
<trkpt lat="25.276516" lon="121.51856">
<ele>54</ele>
<time>2025-09-09T06:34:38Z</time>
</trkpt>
<trkpt lat="25.276585" lon="121.518585">
<ele>53</ele>
<time>2025-09-09T06:34:53Z</time>
</trkpt>
<trkpt lat="25.276644" lon="121.51859">
<ele>53</ele>
<time>2025-09-09T06:35:28Z</time>
</trkpt>
<trkpt lat="25.276691" lon="121.5186">
<ele>53</ele>
<time>2025-09-09T06:35:43Z</time>
</trkpt>
<trkpt lat="25.276789" lon="121.51861">
<ele>53</ele>
<time>2025-09-09T06:35:58Z</time>
</trkpt>
<trkpt lat="25.276903" lon="121.51855">
<ele>52</ele>
<time>2025-09-09T06:36:13Z</time>
</trkpt>
<trkpt lat="25.27697" lon="121.51858">
<ele>52</ele>
<time>2025-09-09T06:36:28Z</time>
</trkpt>
<trkpt lat="25.277014" lon="121.51861">
<ele>52</ele>
<time>2025-09-09T06:36:58Z</time>
</trkpt>
<trkpt lat="25.27705" lon="121.51865">
<ele>52</ele>
<time>2025-09-09T06:37:18Z</time>
</trkpt>
<trkpt lat="25.277113" lon="121.51865">
<ele>52</ele>
<time>2025-09-09T06:38:08Z</time>
</trkpt>
<trkpt lat="25.277157" lon="121.518684">
<ele>51</ele>
<time>2025-09-09T06:38:33Z</time>
</trkpt>
<trkpt lat="25.277206" lon="121.51869">
<ele>51</ele>
<time>2025-09-09T06:39:23Z</time>
</trkpt>
<trkpt lat="25.277302" lon="121.51875">
<ele>50</ele>
<time>2025-09-09T06:39:38Z</time>
</trkpt>
<trkpt lat="25.277258" lon="121.5187">
<ele>51</ele>
<time>2025-09-09T06:39:48Z</time>
</trkpt>
<trkpt lat="25.277203" lon="121.51867">
<ele>51</ele>
<time>2025-09-09T06:40:03Z</time>
</trkpt>
<trkpt lat="25.277147" lon="121.51856">
<ele>52</ele>
<time>2025-09-09T06:40:18Z</time>
</trkpt>
<trkpt lat="25.277166" lon="121.51846">
<ele>52</ele>
<time>2025-09-09T06:40:33Z</time>
</trkpt>
<trkpt lat="25.27721" lon="121.51841">
<ele>51</ele>
<time>2025-09-09T06:40:43Z</time>
</trkpt>
<trkpt lat="25.27732" lon="121.51836">
<ele>51</ele>
<time>2025-09-09T06:40:58Z</time>
</trkpt>
<trkpt lat="25.277388" lon="121.51834">
<ele>51</ele>
<time>2025-09-09T06:41:08Z</time>
</trkpt>
<trkpt lat="25.277414" lon="121.51828">
<ele>51</ele>
<time>2025-09-09T06:41:18Z</time>
</trkpt>
<trkpt lat="25.277473" lon="121.51825">
<ele>50</ele>
<time>2025-09-09T06:41:38Z</time>
</trkpt>
<trkpt lat="25.277544" lon="121.518265">
<ele>50</ele>
<time>2025-09-09T06:41:53Z</time>
</trkpt>
<trkpt lat="25.277546" lon="121.51832">
<ele>50</ele>
<time>2025-09-09T06:42:08Z</time>
</trkpt>
<trkpt lat="25.277603" lon="121.51833">
<ele>50</ele>
<time>2025-09-09T06:42:33Z</time>
</trkpt>
<trkpt lat="25.277658" lon="121.51829">
<ele>49</ele>
<time>2025-09-09T06:42:43Z</time>
</trkpt>
<trkpt lat="25.277742" lon="121.51825">
<ele>48</ele>
<time>2025-09-09T06:42:53Z</time>
</trkpt>
<trkpt lat="25.277742" lon="121.518196">
<ele>47</ele>
<time>2025-09-09T06:43:08Z</time>
</trkpt>
<trkpt lat="25.277775" lon="121.51812">
<ele>46</ele>
<time>2025-09-09T06:43:23Z</time>
</trkpt>
<trkpt lat="25.277842" lon="121.51816">
<ele>45</ele>
<time>2025-09-09T06:43:33Z</time>
</trkpt>
<trkpt lat="25.277897" lon="121.518196">
<ele>45</ele>
<time>2025-09-09T06:45:23Z</time>
</trkpt>
<trkpt lat="25.277914" lon="121.518265">
<ele>46</ele>
<time>2025-09-09T06:45:48Z</time>
</trkpt>
<trkpt lat="25.277872" lon="121.51829">
<ele>46</ele>
<time>2025-09-09T06:51:56Z</time>
</trkpt>
<trkpt lat="25.277922" lon="121.51825">
<ele>45</ele>
<time>2025-09-09T06:52:06Z</time>
</trkpt>
<trkpt lat="25.277763" lon="121.518">
<ele>45</ele>
<time>2025-09-09T06:52:21Z</time>
</trkpt>
<trkpt lat="25.277145" lon="121.51749">
<ele>50</ele>
<time>2025-09-09T06:52:36Z</time>
</trkpt>
<trkpt lat="25.276255" lon="121.51798">
<ele>54</ele>
<time>2025-09-09T06:52:51Z</time>
</trkpt>
<trkpt lat="25.275526" lon="121.51854">
<ele>58</ele>
<time>2025-09-09T06:53:06Z</time>
</trkpt>
<trkpt lat="25.275528" lon="121.51974">
<ele>56</ele>
<time>2025-09-09T06:53:21Z</time>
</trkpt>
<trkpt lat="25.27501" lon="121.52026">
<ele>50</ele>
<time>2025-09-09T06:53:36Z</time>
</trkpt>
<trkpt lat="25.27404" lon="121.520615">
<ele>53</ele>
<time>2025-09-09T06:53:51Z</time>
</trkpt>
<trkpt lat="25.27354" lon="121.52099">
<ele>54</ele>
<time>2025-09-09T06:54:01Z</time>
</trkpt>
<trkpt lat="25.273043" lon="121.521324">
<ele>61</ele>
<time>2025-09-09T06:54:16Z</time>
</trkpt>
<trkpt lat="25.2727" lon="121.52172">
<ele>65</ele>
<time>2025-09-09T06:54:31Z</time>
</trkpt>
<trkpt lat="25.272732" lon="121.52178">
<ele>65</ele>
<time>2025-09-09T06:55:01Z</time>
</trkpt>
<trkpt lat="25.272768" lon="121.52181">
<ele>64</ele>
<time>2025-09-09T06:55:16Z</time>
</trkpt>
<trkpt lat="25.272846" lon="121.52186">
<ele>65</ele>
<time>2025-09-09T06:55:31Z</time>
</trkpt>
<trkpt lat="25.272913" lon="121.5219">
<ele>66</ele>
<time>2025-09-09T06:55:46Z</time>
</trkpt>
<trkpt lat="25.272865" lon="121.521904">
<ele>65</ele>
<time>2025-09-09T06:55:56Z</time>
</trkpt>
<trkpt lat="25.272831" lon="121.521866">
<ele>65</ele>
<time>2025-09-09T06:56:31Z</time>
</trkpt>
<trkpt lat="25.272827" lon="121.52176">
<ele>64</ele>
<time>2025-09-09T06:56:46Z</time>
</trkpt>
<trkpt lat="25.272749" lon="121.521706">
<ele>64</ele>
<time>2025-09-09T06:57:16Z</time>
</trkpt>
<trkpt lat="25.27283" lon="121.52179">
<ele>64</ele>
<time>2025-09-09T06:57:36Z</time>
</trkpt>
<trkpt lat="25.272804" lon="121.52186">
<ele>64</ele>
<time>2025-09-09T06:57:56Z</time>
</trkpt>
<trkpt lat="25.272865" lon="121.52186">
<ele>65</ele>
<time>2025-09-09T06:58:11Z</time>
</trkpt>
<trkpt lat="25.272821" lon="121.52188">
<ele>64</ele>
<time>2025-09-09T06:59:01Z</time>
</trkpt>
<trkpt lat="25.27288" lon="121.521965">
<ele>66</ele>
<time>2025-09-09T06:59:46Z</time>
</trkpt>
<trkpt lat="25.272844" lon="121.52192">
<ele>65</ele>
<time>2025-09-09T07:00:06Z</time>
</trkpt>
<trkpt lat="25.272879" lon="121.52196">
<ele>66</ele>
<time>2025-09-09T07:00:16Z</time>
</trkpt>
<trkpt lat="25.27289" lon="121.522">
<ele>66</ele>
<time>2025-09-09T07:00:31Z</time>
</trkpt>
<trkpt lat="25.272854" lon="121.52193">
<ele>65</ele>
<time>2025-09-09T07:00:51Z</time>
</trkpt>
<trkpt lat="25.272757" lon="121.52183">
<ele>64</ele>
<time>2025-09-09T07:01:06Z</time>
</trkpt>
<trkpt lat="25.272745" lon="121.52173">
<ele>64</ele>
<time>2025-09-09T07:01:16Z</time>
</trkpt>
<trkpt lat="25.272703" lon="121.52163">
<ele>65</ele>
<time>2025-09-09T07:02:06Z</time>
</trkpt>
<trkpt lat="25.272776" lon="121.5215">
<ele>62</ele>
<time>2025-09-09T07:02:16Z</time>
</trkpt>
<trkpt lat="25.272943" lon="121.521416">
<ele>62</ele>
<time>2025-09-09T07:02:31Z</time>
</trkpt>
<trkpt lat="25.273083" lon="121.52126">
<ele>60</ele>
<time>2025-09-09T07:02:46Z</time>
</trkpt>
<trkpt lat="25.273197" lon="121.52111">
<ele>57</ele>
<time>2025-09-09T07:02:56Z</time>
</trkpt>
<trkpt lat="25.273289" lon="121.52106">
<ele>56</ele>
<time>2025-09-09T07:03:11Z</time>
</trkpt>
<trkpt lat="25.273603" lon="121.52093">
<ele>54</ele>
<time>2025-09-09T07:03:21Z</time>
</trkpt>
<trkpt lat="25.274323" lon="121.52045">
<ele>53</ele>
<time>2025-09-09T07:03:36Z</time>
</trkpt>
<trkpt lat="25.27501" lon="121.52027">
<ele>50</ele>
<time>2025-09-09T07:03:51Z</time>
</trkpt>
<trkpt lat="25.275547" lon="121.52001">
<ele>52</ele>
<time>2025-09-09T07:04:06Z</time>
</trkpt>
<trkpt lat="25.275602" lon="121.52001">
<ele>52</ele>
<time>2025-09-09T07:04:16Z</time>
</trkpt>
<trkpt lat="25.275864" lon="121.52067">
<ele>61</ele>
<time>2025-09-09T07:04:31Z</time>
</trkpt>
<trkpt lat="25.27543" lon="121.52175">
<ele>63</ele>
<time>2025-09-09T07:04:46Z</time>
</trkpt>
<trkpt lat="25.274422" lon="121.522095">
<ele>68</ele>
<time>2025-09-09T07:05:01Z</time>
</trkpt>
<trkpt lat="25.273968" lon="121.522705">
<ele>70</ele>
<time>2025-09-09T07:05:11Z</time>
</trkpt>
<trkpt lat="25.27365" lon="121.52382">
<ele>68</ele>
<time>2025-09-09T07:05:26Z</time>
</trkpt>
<trkpt lat="25.272997" lon="121.524765">
<ele>74</ele>
<time>2025-09-09T07:05:41Z</time>
</trkpt>
<trkpt lat="25.272457" lon="121.52562">
<ele>84</ele>
<time>2025-09-09T07:05:51Z</time>
</trkpt>
<trkpt lat="25.271833" lon="121.5263">
<ele>85</ele>
<time>2025-09-09T07:06:01Z</time>
</trkpt>
<trkpt lat="25.271431" lon="121.526566">
<ele>86</ele>
<time>2025-09-09T07:06:11Z</time>
</trkpt>
<trkpt lat="25.271711" lon="121.527374">
<ele>95</ele>
<time>2025-09-09T07:06:26Z</time>
</trkpt>
<trkpt lat="25.271843" lon="121.52804">
<ele>101</ele>
<time>2025-09-09T07:06:36Z</time>
</trkpt>
<trkpt lat="25.271755" lon="121.52937">
<ele>111</ele>
<time>2025-09-09T07:06:51Z</time>
</trkpt>
<trkpt lat="25.27208" lon="121.52955">
<ele>111</ele>
<time>2025-09-09T07:07:06Z</time>
</trkpt>
<trkpt lat="25.272772" lon="121.52912">
<ele>106</ele>
<time>2025-09-09T07:07:16Z</time>
</trkpt>
<trkpt lat="25.273619" lon="121.52886">
<ele>103</ele>
<time>2025-09-09T07:07:26Z</time>
</trkpt>
<trkpt lat="25.274452" lon="121.52754">
<ele>90</ele>
<time>2025-09-09T07:07:41Z</time>
</trkpt>
<trkpt lat="25.275509" lon="121.52687">
<ele>84</ele>
<time>2025-09-09T07:07:56Z</time>
</trkpt>
<trkpt lat="25.276354" lon="121.52675">
<ele>80</ele>
<time>2025-09-09T07:08:06Z</time>
</trkpt>
<trkpt lat="25.277578" lon="121.527">
<ele>75</ele>
<time>2025-09-09T07:08:21Z</time>
</trkpt>
<trkpt lat="25.278303" lon="121.52732">
<ele>68</ele>
<time>2025-09-09T07:08:31Z</time>
</trkpt>
<trkpt lat="25.279049" lon="121.527084">
<ele>70</ele>
<time>2025-09-09T07:08:41Z</time>
</trkpt>
<trkpt lat="25.28014" lon="121.52613">
<ele>58</ele>
<time>2025-09-09T07:08:56Z</time>
</trkpt>
<trkpt lat="25.280565" lon="121.52512">
<ele>55</ele>
<time>2025-09-09T07:09:06Z</time>
</trkpt>
<trkpt lat="25.281313" lon="121.52384">
<ele>51</ele>
<time>2025-09-09T07:09:21Z</time>
</trkpt>
<trkpt lat="25.281723" lon="121.522835">
<ele>37</ele>
<time>2025-09-09T07:09:36Z</time>
</trkpt>
<trkpt lat="25.282137" lon="121.52218">
<ele>35</ele>
<time>2025-09-09T07:09:51Z</time>
</trkpt>
<trkpt lat="25.282618" lon="121.521454">
<ele>29</ele>
<time>2025-09-09T07:10:06Z</time>
</trkpt>
<trkpt lat="25.283327" lon="121.521164">
<ele>13</ele>
<time>2025-09-09T07:10:21Z</time>
</trkpt>
<trkpt lat="25.283695" lon="121.52127">
<ele>9</ele>
<time>2025-09-09T07:10:36Z</time>
</trkpt>
</trkseg>
</trk>
<trk>
<name><![CDATA[2025-09-09_09-58-14金山區搜救]]></name>
<extensions>
<gpxx:TrackExtension>
<gpxx:DisplayColor>Red</gpxx:DisplayColor>
</gpxx:TrackExtension>
</extensions>
<trkseg>
<trkpt lat="25.277884" lon="121.518196">
<ele>45</ele>
<time>2025-09-09T01:58:17Z</time>
</trkpt>
<trkpt lat="25.277912" lon="121.51815">
<ele>45</ele>
<time>2025-09-09T01:58:26Z</time>
</trkpt>
<trkpt lat="25.277884" lon="121.5182">
<ele>45</ele>
<time>2025-09-09T01:58:41Z</time>
</trkpt>
<trkpt lat="25.277954" lon="121.5183">
<ele>45</ele>
<time>2025-09-09T01:59:33Z</time>
</trkpt>
<trkpt lat="25.277971" lon="121.51837">
<ele>45</ele>
<time>2025-09-09T01:59:43Z</time>
</trkpt>
<trkpt lat="25.278028" lon="121.51845">
<ele>45</ele>
<time>2025-09-09T01:59:53Z</time>
</trkpt>
<trkpt lat="25.278076" lon="121.518486">
<ele>45</ele>
<time>2025-09-09T01:59:58Z</time>
</trkpt>
<trkpt lat="25.278109" lon="121.51857">
<ele>46</ele>
<time>2025-09-09T02:00:09Z</time>
</trkpt>
<trkpt lat="25.278103" lon="121.51862">
<ele>46</ele>
<time>2025-09-09T02:00:18Z</time>
</trkpt>
<trkpt lat="25.278091" lon="121.51871">
<ele>47</ele>
<time>2025-09-09T02:00:34Z</time>
</trkpt>
<trkpt lat="25.278095" lon="121.51879">
<ele>47</ele>
<time>2025-09-09T02:00:43Z</time>
</trkpt>
<trkpt lat="25.278109" lon="121.51887">
<ele>47</ele>
<time>2025-09-09T02:00:53Z</time>
</trkpt>
<trkpt lat="25.278078" lon="121.51891">
<ele>47</ele>
<time>2025-09-09T02:01:03Z</time>
</trkpt>
<trkpt lat="25.278072" lon="121.51898">
<ele>48</ele>
<time>2025-09-09T02:01:38Z</time>
</trkpt>
<trkpt lat="25.278051" lon="121.519066">
<ele>48</ele>
<time>2025-09-09T02:01:48Z</time>
</trkpt>
<trkpt lat="25.278027" lon="121.51913">
<ele>49</ele>
<time>2025-09-09T02:01:58Z</time>
</trkpt>
<trkpt lat="25.277992" lon="121.5192">
<ele>49</ele>
<time>2025-09-09T02:02:08Z</time>
</trkpt>
<trkpt lat="25.277956" lon="121.51928">
<ele>48</ele>
<time>2025-09-09T02:02:18Z</time>
</trkpt>
<trkpt lat="25.277905" lon="121.51937">
<ele>48</ele>
<time>2025-09-09T02:02:28Z</time>
</trkpt>
<trkpt lat="25.277893" lon="121.51943">
<ele>47</ele>
<time>2025-09-09T02:02:33Z</time>
</trkpt>
<trkpt lat="25.277899" lon="121.51956">
<ele>46</ele>
<time>2025-09-09T02:02:43Z</time>
</trkpt>
<trkpt lat="25.277914" lon="121.51963">
<ele>46</ele>
<time>2025-09-09T02:02:48Z</time>
</trkpt>
<trkpt lat="25.27793" lon="121.51969">
<ele>46</ele>
<time>2025-09-09T02:02:53Z</time>
</trkpt>
<trkpt lat="25.277935" lon="121.5198">
<ele>44</ele>
<time>2025-09-09T02:03:03Z</time>
</trkpt>
<trkpt lat="25.277954" lon="121.51989">
<ele>42</ele>
<time>2025-09-09T02:03:13Z</time>
</trkpt>
<trkpt lat="25.277903" lon="121.519905">
<ele>41</ele>
<time>2025-09-09T02:03:28Z</time>
</trkpt>
<trkpt lat="25.27786" lon="121.51987">
<ele>41</ele>
<time>2025-09-09T02:03:38Z</time>
</trkpt>
<trkpt lat="25.27783" lon="121.51981">
<ele>42</ele>
<time>2025-09-09T02:03:48Z</time>
</trkpt>
<trkpt lat="25.277796" lon="121.519745">
<ele>42</ele>
<time>2025-09-09T02:07:58Z</time>
</trkpt>
<trkpt lat="25.277742" lon="121.51975">
<ele>41</ele>
<time>2025-09-09T02:08:07Z</time>
</trkpt>
<trkpt lat="25.2777" lon="121.5197">
<ele>41</ele>
<time>2025-09-09T02:08:18Z</time>
</trkpt>
<trkpt lat="25.27763" lon="121.51963">
<ele>42</ele>
<time>2025-09-09T02:08:28Z</time>
</trkpt>
<trkpt lat="25.277573" lon="121.51958">
<ele>42</ele>
<time>2025-09-09T02:08:38Z</time>
</trkpt>
<trkpt lat="25.277517" lon="121.51952">
<ele>42</ele>
<time>2025-09-09T02:08:48Z</time>
</trkpt>
<trkpt lat="25.277454" lon="121.519485">
<ele>42</ele>
<time>2025-09-09T02:08:58Z</time>
</trkpt>
<trkpt lat="25.277422" lon="121.51957">
<ele>41</ele>
<time>2025-09-09T02:10:17Z</time>
</trkpt>
<trkpt lat="25.277428" lon="121.51968">
<ele>39</ele>
<time>2025-09-09T02:10:42Z</time>
</trkpt>
<trkpt lat="25.277506" lon="121.51977">
<ele>39</ele>
<time>2025-09-09T02:11:22Z</time>
</trkpt>
<trkpt lat="25.277563" lon="121.51986">
<ele>40</ele>
<time>2025-09-09T02:12:17Z</time>
</trkpt>
<trkpt lat="25.277662" lon="121.519844">
<ele>40</ele>
<time>2025-09-09T02:13:48Z</time>
</trkpt>
<trkpt lat="25.277704" lon="121.51994">
<ele>39</ele>
<time>2025-09-09T02:14:57Z</time>
</trkpt>
<trkpt lat="25.27776" lon="121.52003">
<ele>38</ele>
<time>2025-09-09T02:15:28Z</time>
</trkpt>
<trkpt lat="25.277828" lon="121.5201">
<ele>37</ele>
<time>2025-09-09T02:17:52Z</time>
</trkpt>
<trkpt lat="25.277761" lon="121.52017">
<ele>36</ele>
<time>2025-09-09T02:20:07Z</time>
</trkpt>
<trkpt lat="25.27786" lon="121.5202">
<ele>36</ele>
<time>2025-09-09T02:21:27Z</time>
</trkpt>
<trkpt lat="25.277773" lon="121.52023">
<ele>36</ele>
<time>2025-09-09T02:21:57Z</time>
</trkpt>
<trkpt lat="25.277845" lon="121.520325">
<ele>35</ele>
<time>2025-09-09T02:22:37Z</time>
</trkpt>
<trkpt lat="25.277937" lon="121.5203">
<ele>35</ele>
<time>2025-09-09T02:23:12Z</time>
</trkpt>
<trkpt lat="25.277939" lon="121.520424">
<ele>36</ele>
<time>2025-09-09T02:23:43Z</time>
</trkpt>
<trkpt lat="25.277927" lon="121.52049">
<ele>36</ele>
<time>2025-09-09T02:24:12Z</time>
</trkpt>
<trkpt lat="25.277853" lon="121.52055">
<ele>37</ele>
<time>2025-09-09T02:24:23Z</time>
</trkpt>
<trkpt lat="25.277822" lon="121.520645">
<ele>38</ele>
<time>2025-09-09T02:24:33Z</time>
</trkpt>
<trkpt lat="25.27784" lon="121.52072">
<ele>40</ele>
<time>2025-09-09T02:24:52Z</time>
</trkpt>
<trkpt lat="25.277836" lon="121.520645">
<ele>38</ele>
<time>2025-09-09T02:25:07Z</time>
</trkpt>
<trkpt lat="25.27785" lon="121.52055">
<ele>37</ele>
<time>2025-09-09T02:25:18Z</time>
</trkpt>
<trkpt lat="25.277908" lon="121.52051">
<ele>37</ele>
<time>2025-09-09T02:25:33Z</time>
</trkpt>
<trkpt lat="25.27794" lon="121.52045">
<ele>36</ele>
<time>2025-09-09T02:25:42Z</time>
</trkpt>
<trkpt lat="25.27796" lon="121.520386">
<ele>35</ele>
<time>2025-09-09T02:25:53Z</time>
</trkpt>
<trkpt lat="25.278019" lon="121.520355">
<ele>35</ele>
<time>2025-09-09T02:26:03Z</time>
</trkpt>
<trkpt lat="25.278074" lon="121.52036">
<ele>35</ele>
<time>2025-09-09T02:26:12Z</time>
</trkpt>
<trkpt lat="25.278141" lon="121.52041">
<ele>35</ele>
<time>2025-09-09T02:27:33Z</time>
</trkpt>
<trkpt lat="25.27823" lon="121.52041">
<ele>35</ele>
<time>2025-09-09T02:27:42Z</time>
</trkpt>
<trkpt lat="25.27829" lon="121.5204">
<ele>35</ele>
<time>2025-09-09T02:27:53Z</time>
</trkpt>
<trkpt lat="25.278395" lon="121.52038">
<ele>35</ele>
<time>2025-09-09T02:28:28Z</time>
</trkpt>
<trkpt lat="25.278446" lon="121.520355">
<ele>34</ele>
<time>2025-09-09T02:28:42Z</time>
</trkpt>
<trkpt lat="25.278496" lon="121.5203">
<ele>33</ele>
<time>2025-09-09T02:28:57Z</time>
</trkpt>
<trkpt lat="25.27853" lon="121.520256">
<ele>33</ele>
<time>2025-09-09T02:29:08Z</time>
</trkpt>
<trkpt lat="25.27859" lon="121.520195">
<ele>34</ele>
<time>2025-09-09T02:29:23Z</time>
</trkpt>
<trkpt lat="25.278654" lon="121.52015">
<ele>34</ele>
<time>2025-09-09T02:29:33Z</time>
</trkpt>
<trkpt lat="25.27873" lon="121.52013">
<ele>34</ele>
<time>2025-09-09T02:29:43Z</time>
</trkpt>
<trkpt lat="25.278812" lon="121.5201">
<ele>34</ele>
<time>2025-09-09T02:29:58Z</time>
</trkpt>
<trkpt lat="25.27888" lon="121.52008">
<ele>34</ele>
<time>2025-09-09T02:30:07Z</time>
</trkpt>
<trkpt lat="25.278952" lon="121.520096">
<ele>34</ele>
<time>2025-09-09T02:30:23Z</time>
</trkpt>
<trkpt lat="25.279064" lon="121.520096">
<ele>35</ele>
<time>2025-09-09T02:31:12Z</time>
</trkpt>
<trkpt lat="25.279121" lon="121.520096">
<ele>35</ele>
<time>2025-09-09T02:31:23Z</time>
</trkpt>
<trkpt lat="25.27917" lon="121.52008">
<ele>34</ele>
<time>2025-09-09T02:31:47Z</time>
</trkpt>
<trkpt lat="25.279228" lon="121.52009">
<ele>34</ele>
<time>2025-09-09T02:32:02Z</time>
</trkpt>
<trkpt lat="25.279324" lon="121.52012">
<ele>33</ele>
<time>2025-09-09T02:32:23Z</time>
</trkpt>
<trkpt lat="25.279367" lon="121.52014">
<ele>33</ele>
<time>2025-09-09T02:32:32Z</time>
</trkpt>
<trkpt lat="25.279402" lon="121.52019">
<ele>34</ele>
<time>2025-09-09T02:32:47Z</time>
</trkpt>
<trkpt lat="25.279383" lon="121.52008">
<ele>32</ele>
<time>2025-09-09T02:33:42Z</time>
</trkpt>
<trkpt lat="25.279451" lon="121.51999">
<ele>29</ele>
<time>2025-09-09T02:35:02Z</time>
</trkpt>
<trkpt lat="25.279543" lon="121.52">
<ele>27</ele>
<time>2025-09-09T02:35:57Z</time>
</trkpt>
<trkpt lat="25.279491" lon="121.520004">
<ele>28</ele>
<time>2025-09-09T02:36:17Z</time>
</trkpt>
<trkpt lat="25.279564" lon="121.51993">
<ele>27</ele>
<time>2025-09-09T02:37:38Z</time>
</trkpt>
<trkpt lat="25.279657" lon="121.51993">
<ele>25</ele>
<time>2025-09-09T02:38:33Z</time>
</trkpt>
<trkpt lat="25.279692" lon="121.52002">
<ele>25</ele>
<time>2025-09-09T02:39:42Z</time>
</trkpt>
<trkpt lat="25.27979" lon="121.52002">
<ele>26</ele>
<time>2025-09-09T02:40:12Z</time>
</trkpt>
<trkpt lat="25.279821" lon="121.51993">
<ele>25</ele>
<time>2025-09-09T02:41:07Z</time>
</trkpt>
<trkpt lat="25.279917" lon="121.51989">
<ele>26</ele>
<time>2025-09-09T02:43:22Z</time>
</trkpt>
<trkpt lat="25.279945" lon="121.5198">
<ele>23</ele>
<time>2025-09-09T02:43:57Z</time>
</trkpt>
<trkpt lat="25.279987" lon="121.5197">
<ele>19</ele>
<time>2025-09-09T02:46:12Z</time>
</trkpt>
<trkpt lat="25.280006" lon="121.51959">
<ele>18</ele>
<time>2025-09-09T02:49:22Z</time>
</trkpt>
<trkpt lat="25.280096" lon="121.51963">
<ele>17</ele>
<time>2025-09-09T02:49:53Z</time>
</trkpt>
<trkpt lat="25.280159" lon="121.519554">
<ele>16</ele>
<time>2025-09-09T02:53:03Z</time>
</trkpt>
<trkpt lat="25.280249" lon="121.51952">
<ele>14</ele>
<time>2025-09-09T02:53:52Z</time>
</trkpt>
<trkpt lat="25.280306" lon="121.519554">
<ele>14</ele>
<time>2025-09-09T02:54:07Z</time>
</trkpt>
<trkpt lat="25.280415" lon="121.519554">
<ele>14</ele>
<time>2025-09-09T02:56:18Z</time>
</trkpt>
<trkpt lat="25.280506" lon="121.51956">
<ele>13</ele>
<time>2025-09-09T02:57:18Z</time>
</trkpt>
<trkpt lat="25.280561" lon="121.519646">
<ele>12</ele>
<time>2025-09-09T02:58:08Z</time>
</trkpt>
<trkpt lat="25.280622" lon="121.51972">
<ele>12</ele>
<time>2025-09-09T03:00:27Z</time>
</trkpt>
<trkpt lat="25.280647" lon="121.51983">
<ele>15</ele>
<time>2025-09-09T03:01:12Z</time>
</trkpt>
<trkpt lat="25.28073" lon="121.519875">
<ele>15</ele>
<time>2025-09-09T03:01:52Z</time>
</trkpt>
<trkpt lat="25.280756" lon="121.51996">
<ele>16</ele>
<time>2025-09-09T03:02:18Z</time>
</trkpt>
<trkpt lat="25.28086" lon="121.51997">
<ele>14</ele>
<time>2025-09-09T03:02:52Z</time>
</trkpt>
<trkpt lat="25.280993" lon="121.51994">
<ele>12</ele>
<time>2025-09-09T03:04:43Z</time>
</trkpt>
<trkpt lat="25.281086" lon="121.519936">
<ele>11</ele>
<time>2025-09-09T03:05:47Z</time>
</trkpt>
<trkpt lat="25.281178" lon="121.51994">
<ele>10</ele>
<time>2025-09-09T03:07:18Z</time>
</trkpt>
<trkpt lat="25.281282" lon="121.51994">
<ele>9</ele>
<time>2025-09-09T03:11:43Z</time>
</trkpt>
<trkpt lat="25.281376" lon="121.51996">
<ele>7</ele>
<time>2025-09-09T03:12:33Z</time>
</trkpt>
<trkpt lat="25.281416" lon="121.51987">
<ele>8</ele>
<time>2025-09-09T03:20:47Z</time>
</trkpt>
<trkpt lat="25.281382" lon="121.51977">
<ele>9</ele>
<time>2025-09-09T03:22:22Z</time>
</trkpt>
<trkpt lat="25.281376" lon="121.519646">
<ele>11</ele>
<time>2025-09-09T03:22:53Z</time>
</trkpt>
<trkpt lat="25.281487" lon="121.5196">
<ele>14</ele>
<time>2025-09-09T03:23:32Z</time>
</trkpt>
<trkpt lat="25.281567" lon="121.51958">
<ele>15</ele>
<time>2025-09-09T03:23:42Z</time>
</trkpt>
<trkpt lat="25.28164" lon="121.51962">
<ele>15</ele>
<time>2025-09-09T03:23:52Z</time>
</trkpt>
<trkpt lat="25.281689" lon="121.51963">
<ele>16</ele>
<time>2025-09-09T03:23:58Z</time>
</trkpt>
<trkpt lat="25.281773" lon="121.51969">
<ele>16</ele>
<time>2025-09-09T03:24:07Z</time>
</trkpt>
<trkpt lat="25.28181" lon="121.519775">
<ele>14</ele>
<time>2025-09-09T03:24:18Z</time>
</trkpt>
<trkpt lat="25.281853" lon="121.519806">
<ele>14</ele>
<time>2025-09-09T03:25:03Z</time>
</trkpt>
<trkpt lat="25.281874" lon="121.5199">
<ele>13</ele>
<time>2025-09-09T03:25:12Z</time>
</trkpt>
<trkpt lat="25.281942" lon="121.519905">
<ele>14</ele>
<time>2025-09-09T03:25:27Z</time>
</trkpt>
<trkpt lat="25.282043" lon="121.51992">
<ele>14</ele>
<time>2025-09-09T03:25:37Z</time>
</trkpt>
<trkpt lat="25.282127" lon="121.519936">
<ele>14</ele>
<time>2025-09-09T03:25:48Z</time>
</trkpt>
<trkpt lat="25.282213" lon="121.51995">
<ele>14</ele>
<time>2025-09-09T03:25:58Z</time>
</trkpt>
<trkpt lat="25.282293" lon="121.51999">
<ele>14</ele>
<time>2025-09-09T03:26:08Z</time>
</trkpt>
<trkpt lat="25.282364" lon="121.51999">
<ele>14</ele>
<time>2025-09-09T03:26:17Z</time>
</trkpt>
<trkpt lat="25.282433" lon="121.52003">
<ele>13</ele>
<time>2025-09-09T03:26:27Z</time>
</trkpt>
<trkpt lat="25.28249" lon="121.52008">
<ele>12</ele>
<time>2025-09-09T03:26:37Z</time>
</trkpt>
<trkpt lat="25.28259" lon="121.52012">
<ele>11</ele>
<time>2025-09-09T03:26:48Z</time>
</trkpt>
<trkpt lat="25.282675" lon="121.520035">
<ele>12</ele>
<time>2025-09-09T03:26:57Z</time>
</trkpt>
<trkpt lat="25.282736" lon="121.51997">
<ele>12</ele>
<time>2025-09-09T03:27:08Z</time>
</trkpt>
<trkpt lat="25.282776" lon="121.519905">
<ele>13</ele>
<time>2025-09-09T03:27:17Z</time>
</trkpt>
<trkpt lat="25.282816" lon="121.51984">
<ele>13</ele>
<time>2025-09-09T03:27:27Z</time>
</trkpt>
<trkpt lat="25.282858" lon="121.519775">
<ele>13</ele>
<time>2025-09-09T03:27:38Z</time>
</trkpt>
<trkpt lat="25.282923" lon="121.51976">
<ele>13</ele>
<time>2025-09-09T03:28:27Z</time>
</trkpt>
<trkpt lat="25.282953" lon="121.519714">
<ele>13</ele>
<time>2025-09-09T03:28:38Z</time>
</trkpt>
<trkpt lat="25.282969" lon="121.51965">
<ele>13</ele>
<time>2025-09-09T03:28:57Z</time>
</trkpt>
<trkpt lat="25.283012" lon="121.519615">
<ele>13</ele>
<time>2025-09-09T03:29:02Z</time>
</trkpt>
<trkpt lat="25.282911" lon="121.51969">
<ele>14</ele>
<time>2025-09-09T03:29:12Z</time>
</trkpt>
<trkpt lat="25.282862" lon="121.519615">
<ele>14</ele>
<time>2025-09-09T03:29:18Z</time>
</trkpt>
<trkpt lat="25.282986" lon="121.51979">
<ele>13</ele>
<time>2025-09-09T03:29:27Z</time>
</trkpt>
<trkpt lat="25.282944" lon="121.51975">
<ele>13</ele>
<time>2025-09-09T03:31:28Z</time>
</trkpt>
<trkpt lat="25.282902" lon="121.519844">
<ele>13</ele>
<time>2025-09-09T03:32:03Z</time>
</trkpt>
<trkpt lat="25.28291" lon="121.51974">
<ele>13</ele>
<time>2025-09-09T03:35:02Z</time>
</trkpt>
<trkpt lat="25.282978" lon="121.51982">
<ele>13</ele>
<time>2025-09-09T03:37:03Z</time>
</trkpt>
<trkpt lat="25.282904" lon="121.51977">
<ele>13</ele>
<time>2025-09-09T03:41:43Z</time>
</trkpt>
<trkpt lat="25.282974" lon="121.51985">
<ele>12</ele>
<time>2025-09-09T03:43:43Z</time>
</trkpt>
<trkpt lat="25.282906" lon="121.519775">
<ele>13</ele>
<time>2025-09-09T03:44:33Z</time>
</trkpt>
<trkpt lat="25.282854" lon="121.51983">
<ele>13</ele>
<time>2025-09-09T03:46:28Z</time>
</trkpt>
<trkpt lat="25.282757" lon="121.51986">
<ele>13</ele>
<time>2025-09-09T03:46:38Z</time>
</trkpt>
<trkpt lat="25.282707" lon="121.51993">
<ele>13</ele>
<time>2025-09-09T03:46:47Z</time>
</trkpt>
<trkpt lat="25.282686" lon="121.51999">
<ele>12</ele>
<time>2025-09-09T03:46:52Z</time>
</trkpt>
<trkpt lat="25.28266" lon="121.52006">
<ele>12</ele>
<time>2025-09-09T03:46:57Z</time>
</trkpt>
<trkpt lat="25.282646" lon="121.52011">
<ele>11</ele>
<time>2025-09-09T03:47:03Z</time>
</trkpt>
<trkpt lat="25.282711" lon="121.52023">
<ele>10</ele>
<time>2025-09-09T03:47:12Z</time>
</trkpt>
<trkpt lat="25.282742" lon="121.52028">
<ele>10</ele>
<time>2025-09-09T03:47:17Z</time>
</trkpt>
<trkpt lat="25.28279" lon="121.520294">
<ele>10</ele>
<time>2025-09-09T03:47:38Z</time>
</trkpt>
<trkpt lat="25.282831" lon="121.520355">
<ele>9</ele>
<time>2025-09-09T03:47:43Z</time>
</trkpt>
<trkpt lat="25.282907" lon="121.52045">
<ele>9</ele>
<time>2025-09-09T03:47:53Z</time>
</trkpt>
<trkpt lat="25.283" lon="121.52052">
<ele>8</ele>
<time>2025-09-09T03:48:03Z</time>
</trkpt>
<trkpt lat="25.283064" lon="121.52061">
<ele>8</ele>
<time>2025-09-09T03:48:12Z</time>
</trkpt>
<trkpt lat="25.283102" lon="121.52066">
<ele>8</ele>
<time>2025-09-09T03:48:22Z</time>
</trkpt>
<trkpt lat="25.283133" lon="121.5207">
<ele>8</ele>
<time>2025-09-09T03:48:27Z</time>
</trkpt>
<trkpt lat="25.2832" lon="121.52076">
<ele>7</ele>
<time>2025-09-09T03:48:38Z</time>
</trkpt>
<trkpt lat="25.283278" lon="121.520836">
<ele>7</ele>
<time>2025-09-09T03:48:47Z</time>
</trkpt>
<trkpt lat="25.283281" lon="121.52089">
<ele>8</ele>
<time>2025-09-09T03:48:58Z</time>
</trkpt>
<trkpt lat="25.283243" lon="121.52092">
<ele>9</ele>
<time>2025-09-09T03:49:07Z</time>
</trkpt>
<trkpt lat="25.283186" lon="121.52096">
<ele>10</ele>
<time>2025-09-09T03:49:23Z</time>
</trkpt>
<trkpt lat="25.283121" lon="121.521">
<ele>12</ele>
<time>2025-09-09T03:49:58Z</time>
</trkpt>
<trkpt lat="25.28317" lon="121.52096">
<ele>10</ele>
<time>2025-09-09T03:55:07Z</time>
</trkpt>
<trkpt lat="25.283125" lon="121.520905">
<ele>9</ele>
<time>2025-09-09T03:55:23Z</time>
</trkpt>
<trkpt lat="25.283205" lon="121.52084">
<ele>8</ele>
<time>2025-09-09T03:55:57Z</time>
</trkpt>
<trkpt lat="25.283302" lon="121.52086">
<ele>8</ele>
<time>2025-09-09T03:56:07Z</time>
</trkpt>
<trkpt lat="25.28334" lon="121.52079">
<ele>7</ele>
<time>2025-09-09T03:56:17Z</time>
</trkpt>
<trkpt lat="25.283558" lon="121.520775">
<ele>6</ele>
<time>2025-09-09T03:56:28Z</time>
</trkpt>
<trkpt lat="25.283607" lon="121.52079">
<ele>6</ele>
<time>2025-09-09T03:56:48Z</time>
</trkpt>
<trkpt lat="25.283657" lon="121.52077">
<ele>6</ele>
<time>2025-09-09T03:56:57Z</time>
</trkpt>
<trkpt lat="25.283714" lon="121.52071">
<ele>5</ele>
<time>2025-09-09T03:57:08Z</time>
</trkpt>
<trkpt lat="25.28366" lon="121.520706">
<ele>5</ele>
<time>2025-09-09T03:59:53Z</time>
</trkpt>
<trkpt lat="25.283634" lon="121.52081">
<ele>6</ele>
<time>2025-09-09T04:00:12Z</time>
</trkpt>
<trkpt lat="25.283588" lon="121.520805">
<ele>6</ele>
<time>2025-09-09T04:00:47Z</time>
</trkpt>
<trkpt lat="25.283503" lon="121.5208">
<ele>6</ele>
<time>2025-09-09T04:00:57Z</time>
</trkpt>
<trkpt lat="25.283453" lon="121.52079">
<ele>6</ele>
<time>2025-09-09T04:01:03Z</time>
</trkpt>
<trkpt lat="25.283375" lon="121.52077">
<ele>7</ele>
<time>2025-09-09T04:01:12Z</time>
</trkpt>
<trkpt lat="25.283335" lon="121.52085">
<ele>7</ele>
<time>2025-09-09T04:01:32Z</time>
</trkpt>
<trkpt lat="25.283312" lon="121.5209">
<ele>8</ele>
<time>2025-09-09T04:01:38Z</time>
</trkpt>
<trkpt lat="25.283224" lon="121.520905">
<ele>9</ele>
<time>2025-09-09T04:01:47Z</time>
</trkpt>
<trkpt lat="25.28314" lon="121.52093">
<ele>10</ele>
<time>2025-09-09T04:01:58Z</time>
</trkpt>
<trkpt lat="25.283049" lon="121.52095">
<ele>11</ele>
<time>2025-09-09T04:02:07Z</time>
</trkpt>
<trkpt lat="25.283007" lon="121.52097">
<ele>11</ele>
<time>2025-09-09T04:02:12Z</time>
</trkpt>
<trkpt lat="25.282932" lon="121.52102">
<ele>12</ele>
<time>2025-09-09T04:02:22Z</time>
</trkpt>
<trkpt lat="25.282877" lon="121.521034">
<ele>12</ele>
<time>2025-09-09T04:02:33Z</time>
</trkpt>
<trkpt lat="25.282831" lon="121.521095">
<ele>14</ele>
<time>2025-09-09T04:02:42Z</time>
</trkpt>
<trkpt lat="25.28278" lon="121.52113">
<ele>15</ele>
<time>2025-09-09T04:02:52Z</time>
</trkpt>
<trkpt lat="25.28272" lon="121.52114">
<ele>15</ele>
<time>2025-09-09T04:03:02Z</time>
</trkpt>
<trkpt lat="25.28267" lon="121.52115">
<ele>15</ele>
<time>2025-09-09T04:03:12Z</time>
</trkpt>
<trkpt lat="25.282595" lon="121.521164">
<ele>16</ele>
<time>2025-09-09T04:03:32Z</time>
</trkpt>
<trkpt lat="25.282612" lon="121.52112">
<ele>14</ele>
<time>2025-09-09T04:04:07Z</time>
</trkpt>
<trkpt lat="25.28252" lon="121.52122">
<ele>17</ele>
<time>2025-09-09T04:04:17Z</time>
</trkpt>
<trkpt lat="25.28248" lon="121.521255">
<ele>18</ele>
<time>2025-09-09T04:04:23Z</time>
</trkpt>
<trkpt lat="25.282372" lon="121.52134">
<ele>19</ele>
<time>2025-09-09T04:04:32Z</time>
</trkpt>
<trkpt lat="25.282326" lon="121.52139">
<ele>20</ele>
<time>2025-09-09T04:04:38Z</time>
</trkpt>
<trkpt lat="25.282244" lon="121.52145">
<ele>19</ele>
<time>2025-09-09T04:04:47Z</time>
</trkpt>
<trkpt lat="25.28217" lon="121.5215">
<ele>18</ele>
<time>2025-09-09T04:04:57Z</time>
</trkpt>
<trkpt lat="25.282148" lon="121.52155">
<ele>19</ele>
<time>2025-09-09T04:05:03Z</time>
</trkpt>
<trkpt lat="25.282106" lon="121.52162">
<ele>20</ele>
<time>2025-09-09T04:05:12Z</time>
</trkpt>
<trkpt lat="25.282038" lon="121.52167">
<ele>19</ele>
<time>2025-09-09T04:05:23Z</time>
</trkpt>
<trkpt lat="25.281935" lon="121.52169">
<ele>17</ele>
<time>2025-09-09T04:05:33Z</time>
</trkpt>
<trkpt lat="25.281841" lon="121.52172">
<ele>17</ele>
<time>2025-09-09T04:05:42Z</time>
</trkpt>
<trkpt lat="25.281773" lon="121.521774">
<ele>17</ele>
<time>2025-09-09T04:05:53Z</time>
</trkpt>
<trkpt lat="25.281729" lon="121.52192">
<ele>21</ele>
<time>2025-09-09T04:06:58Z</time>
</trkpt>
<trkpt lat="25.281654" lon="121.52191">
<ele>20</ele>
<time>2025-09-09T04:07:27Z</time>
</trkpt>
<trkpt lat="25.281607" lon="121.52193">
<ele>19</ele>
<time>2025-09-09T04:07:32Z</time>
</trkpt>
<trkpt lat="25.281559" lon="121.52194">
<ele>19</ele>
<time>2025-09-09T04:07:37Z</time>
</trkpt>
<trkpt lat="25.28147" lon="121.52202">
<ele>19</ele>
<time>2025-09-09T04:07:47Z</time>
</trkpt>
<trkpt lat="25.281416" lon="121.522125">
<ele>21</ele>
<time>2025-09-09T04:07:57Z</time>
</trkpt>
<trkpt lat="25.281359" lon="121.52219">
<ele>21</ele>
<time>2025-09-09T04:08:07Z</time>
</trkpt>
<trkpt lat="25.28125" lon="121.522224">
<ele>21</ele>
<time>2025-09-09T04:08:17Z</time>
</trkpt>
<trkpt lat="25.281214" lon="121.52219">
<ele>20</ele>
<time>2025-09-09T04:08:22Z</time>
</trkpt>
<trkpt lat="25.281143" lon="121.52211">
<ele>18</ele>
<time>2025-09-09T04:08:33Z</time>
</trkpt>
<trkpt lat="25.281048" lon="121.52209">
<ele>19</ele>
<time>2025-09-09T04:08:42Z</time>
</trkpt>
<trkpt lat="25.281" lon="121.52212">
<ele>20</ele>
<time>2025-09-09T04:08:47Z</time>
</trkpt>
<trkpt lat="25.280966" lon="121.52216">
<ele>21</ele>
<time>2025-09-09T04:08:52Z</time>
</trkpt>
<trkpt lat="25.280912" lon="121.522224">
<ele>22</ele>
<time>2025-09-09T04:09:02Z</time>
</trkpt>
<trkpt lat="25.280836" lon="121.522224">
<ele>23</ele>
<time>2025-09-09T04:09:12Z</time>
</trkpt>
<trkpt lat="25.280777" lon="121.522224">
<ele>23</ele>
<time>2025-09-09T04:09:22Z</time>
</trkpt>
<trkpt lat="25.280716" lon="121.52227">
<ele>25</ele>
<time>2025-09-09T04:09:32Z</time>
</trkpt>
<trkpt lat="25.280628" lon="121.52231">
<ele>26</ele>
<time>2025-09-09T04:09:42Z</time>
</trkpt>
<trkpt lat="25.280544" lon="121.52237">
<ele>29</ele>
<time>2025-09-09T04:09:52Z</time>
</trkpt>
<trkpt lat="25.280493" lon="121.52239">
<ele>30</ele>
<time>2025-09-09T04:10:03Z</time>
</trkpt>
<trkpt lat="25.280441" lon="121.52245">
<ele>32</ele>
<time>2025-09-09T04:10:18Z</time>
</trkpt>
<trkpt lat="25.280539" lon="121.522545">
<ele>34</ele>
<time>2025-09-09T04:10:52Z</time>
</trkpt>
<trkpt lat="25.28054" lon="121.5226">
<ele>34</ele>
<time>2025-09-09T04:11:17Z</time>
</trkpt>
<trkpt lat="25.280521" lon="121.522675">
<ele>36</ele>
<time>2025-09-09T04:11:28Z</time>
</trkpt>
<trkpt lat="25.280518" lon="121.52274">
<ele>37</ele>
<time>2025-09-09T04:11:38Z</time>
</trkpt>
<trkpt lat="25.280499" lon="121.52281">
<ele>37</ele>
<time>2025-09-09T04:11:47Z</time>
</trkpt>
<trkpt lat="25.28047" lon="121.5229">
<ele>38</ele>
<time>2025-09-09T04:11:57Z</time>
</trkpt>
<trkpt lat="25.280464" lon="121.52298">
<ele>38</ele>
<time>2025-09-09T04:12:07Z</time>
</trkpt>
<trkpt lat="25.2804" lon="121.52292">
<ele>38</ele>
<time>2025-09-09T04:12:58Z</time>
</trkpt>
<trkpt lat="25.280346" lon="121.52287">
<ele>38</ele>
<time>2025-09-09T04:13:08Z</time>
</trkpt>
<trkpt lat="25.280272" lon="121.522835">
<ele>38</ele>
<time>2025-09-09T04:13:18Z</time>
</trkpt>
<trkpt lat="25.280357" lon="121.5229">
<ele>38</ele>
<time>2025-09-09T04:14:27Z</time>
</trkpt>
<trkpt lat="25.280418" lon="121.52296">
<ele>38</ele>
<time>2025-09-09T04:14:37Z</time>
</trkpt>
<trkpt lat="25.280354" lon="121.522995">
<ele>39</ele>
<time>2025-09-09T04:14:48Z</time>
</trkpt>
<trkpt lat="25.28026" lon="121.522964">
<ele>39</ele>
<time>2025-09-09T04:14:58Z</time>
</trkpt>
<trkpt lat="25.280207" lon="121.522934">
<ele>39</ele>
<time>2025-09-09T04:15:03Z</time>
</trkpt>
<trkpt lat="25.28013" lon="121.52287">
<ele>39</ele>
<time>2025-09-09T04:15:12Z</time>
</trkpt>
<trkpt lat="25.280067" lon="121.52281">
<ele>39</ele>
<time>2025-09-09T04:15:23Z</time>
</trkpt>
<trkpt lat="25.280027" lon="121.52278">
<ele>39</ele>
<time>2025-09-09T04:15:28Z</time>
</trkpt>
<trkpt lat="25.279957" lon="121.52276">
<ele>39</ele>
<time>2025-09-09T04:15:38Z</time>
</trkpt>
<trkpt lat="25.280005" lon="121.52278">
<ele>39</ele>
<time>2025-09-09T04:16:12Z</time>
</trkpt>
<trkpt lat="25.280085" lon="121.522835">
<ele>39</ele>
<time>2025-09-09T04:16:23Z</time>
</trkpt>
<trkpt lat="25.280134" lon="121.52288">
<ele>39</ele>
<time>2025-09-09T04:16:28Z</time>
</trkpt>
<trkpt lat="25.28023" lon="121.52297">
<ele>40</ele>
<time>2025-09-09T04:16:38Z</time>
</trkpt>
<trkpt lat="25.280325" lon="121.52301">
<ele>39</ele>
<time>2025-09-09T04:16:47Z</time>
</trkpt>
<trkpt lat="25.280373" lon="121.523">
<ele>39</ele>
<time>2025-09-09T04:16:52Z</time>
</trkpt>
<trkpt lat="25.280436" lon="121.522964">
<ele>38</ele>
<time>2025-09-09T04:17:00Z</time>
</trkpt>
<trkpt lat="25.280506" lon="121.52301">
<ele>38</ele>
<time>2025-09-09T04:17:10Z</time>
</trkpt>
<trkpt lat="25.280567" lon="121.52306">
<ele>38</ele>
<time>2025-09-09T04:17:20Z</time>
</trkpt>
<trkpt lat="25.280651" lon="121.52313">
<ele>36</ele>
<time>2025-09-09T04:17:30Z</time>
</trkpt>
<trkpt lat="25.280622" lon="121.523186">
<ele>37</ele>
<time>2025-09-09T04:18:34Z</time>
</trkpt>
<trkpt lat="25.280571" lon="121.52327">
<ele>37</ele>
<time>2025-09-09T04:18:50Z</time>
</trkpt>
<trkpt lat="25.280527" lon="121.52338">
<ele>38</ele>
<time>2025-09-09T04:19:00Z</time>
</trkpt>
<trkpt lat="25.280504" lon="121.52347">
<ele>38</ele>
<time>2025-09-09T04:19:09Z</time>
</trkpt>
<trkpt lat="25.28049" lon="121.52354">
<ele>39</ele>
<time>2025-09-09T04:19:20Z</time>
</trkpt>
<trkpt lat="25.28048" lon="121.52363">
<ele>39</ele>
<time>2025-09-09T04:19:30Z</time>
</trkpt>
<trkpt lat="25.280485" lon="121.523735">
<ele>39</ele>
<time>2025-09-09T04:19:40Z</time>
</trkpt>
<trkpt lat="25.28048" lon="121.5238">
<ele>40</ele>
<time>2025-09-09T04:19:50Z</time>
</trkpt>
<trkpt lat="25.280546" lon="121.5239">
<ele>39</ele>
<time>2025-09-09T04:20:19Z</time>
</trkpt>
<trkpt lat="25.280615" lon="121.52391">
<ele>40</ele>
<time>2025-09-09T04:20:29Z</time>
</trkpt>
<trkpt lat="25.280611" lon="121.523834">
<ele>40</ele>
<time>2025-09-09T04:20:49Z</time>
</trkpt>
<trkpt lat="25.280613" lon="121.52377">
<ele>39</ele>
<time>2025-09-09T04:21:00Z</time>
</trkpt>
<trkpt lat="25.280622" lon="121.5237">
<ele>39</ele>
<time>2025-09-09T04:21:10Z</time>
</trkpt>
<trkpt lat="25.280611" lon="121.52363">
<ele>38</ele>
<time>2025-09-09T04:21:19Z</time>
</trkpt>
<trkpt lat="25.280643" lon="121.523705">
<ele>39</ele>
<time>2025-09-09T04:22:04Z</time>
</trkpt>
<trkpt lat="25.280622" lon="121.52376">
<ele>39</ele>
<time>2025-09-09T04:22:14Z</time>
</trkpt>
<trkpt lat="25.280602" lon="121.52382">
<ele>39</ele>
<time>2025-09-09T04:22:25Z</time>
</trkpt>
<trkpt lat="25.28061" lon="121.52389">
<ele>40</ele>
<time>2025-09-09T04:22:34Z</time>
</trkpt>
<trkpt lat="25.280655" lon="121.52393">
<ele>41</ele>
<time>2025-09-09T04:22:44Z</time>
</trkpt>
<trkpt lat="25.280743" lon="121.524025">
<ele>43</ele>
<time>2025-09-09T04:23:09Z</time>
</trkpt>
<trkpt lat="25.28067" lon="121.5241">
<ele>43</ele>
<time>2025-09-09T04:23:29Z</time>
</trkpt>
<trkpt lat="25.28062" lon="121.52415">
<ele>43</ele>
<time>2025-09-09T04:23:35Z</time>
</trkpt>
<trkpt lat="25.28051" lon="121.52417">
<ele>42</ele>
<time>2025-09-09T04:23:44Z</time>
</trkpt>
<trkpt lat="25.28046" lon="121.52415">
<ele>42</ele>
<time>2025-09-09T04:23:49Z</time>
</trkpt>
<trkpt lat="25.280415" lon="121.52413">
<ele>41</ele>
<time>2025-09-09T04:23:55Z</time>
</trkpt>
<trkpt lat="25.28033" lon="121.52411">
<ele>41</ele>
<time>2025-09-09T04:24:04Z</time>
</trkpt>
<trkpt lat="25.280266" lon="121.52408">
<ele>42</ele>
<time>2025-09-09T04:24:39Z</time>
</trkpt>
<trkpt lat="25.280237" lon="121.524124">
<ele>42</ele>
<time>2025-09-09T04:24:45Z</time>
</trkpt>
<trkpt lat="25.280231" lon="121.52421">
<ele>43</ele>
<time>2025-09-09T04:24:59Z</time>
</trkpt>
<trkpt lat="25.280241" lon="121.524284">
<ele>43</ele>
<time>2025-09-09T04:25:09Z</time>
</trkpt>
<trkpt lat="25.280237" lon="121.524345">
<ele>43</ele>
<time>2025-09-09T04:25:20Z</time>
</trkpt>
<trkpt lat="25.280209" lon="121.52442">
<ele>44</ele>
<time>2025-09-09T04:25:30Z</time>
</trkpt>
<trkpt lat="25.280174" lon="121.524506">
<ele>46</ele>
<time>2025-09-09T04:25:39Z</time>
</trkpt>
<trkpt lat="25.280151" lon="121.52458">
<ele>46</ele>
<time>2025-09-09T04:25:50Z</time>
</trkpt>
<trkpt lat="25.280138" lon="121.52468">
<ele>47</ele>
<time>2025-09-09T04:25:59Z</time>
</trkpt>
<trkpt lat="25.280148" lon="121.52474">
<ele>47</ele>
<time>2025-09-09T04:26:09Z</time>
</trkpt>
<trkpt lat="25.280186" lon="121.524796">
<ele>47</ele>
<time>2025-09-09T04:26:20Z</time>
</trkpt>
<trkpt lat="25.280222" lon="121.524765">
<ele>47</ele>
<time>2025-09-09T04:26:45Z</time>
</trkpt>
<trkpt lat="25.280241" lon="121.52481">
<ele>47</ele>
<time>2025-09-09T04:27:24Z</time>
</trkpt>
<trkpt lat="25.280212" lon="121.52487">
<ele>48</ele>
<time>2025-09-09T04:27:30Z</time>
</trkpt>
<trkpt lat="25.2802" lon="121.52498">
<ele>49</ele>
<time>2025-09-09T04:27:40Z</time>
</trkpt>
<trkpt lat="25.280186" lon="121.525055">
<ele>50</ele>
<time>2025-09-09T04:27:49Z</time>
</trkpt>
<trkpt lat="25.28017" lon="121.52516">
<ele>51</ele>
<time>2025-09-09T04:28:10Z</time>
</trkpt>
<trkpt lat="25.280201" lon="121.52532">
<ele>54</ele>
<time>2025-09-09T04:28:59Z</time>
</trkpt>
<trkpt lat="25.280159" lon="121.525345">
<ele>53</ele>
<time>2025-09-09T04:29:20Z</time>
</trkpt>
<trkpt lat="25.28011" lon="121.52535">
<ele>53</ele>
<time>2025-09-09T04:29:29Z</time>
</trkpt>
<trkpt lat="25.280048" lon="121.525314">
<ele>52</ele>
<time>2025-09-09T04:29:40Z</time>
</trkpt>
<trkpt lat="25.280027" lon="121.52524">
<ele>51</ele>
<time>2025-09-09T04:29:49Z</time>
</trkpt>
<trkpt lat="25.279997" lon="121.52517">
<ele>50</ele>
<time>2025-09-09T04:30:00Z</time>
</trkpt>
<trkpt lat="25.279978" lon="121.52512">
<ele>50</ele>
<time>2025-09-09T04:30:09Z</time>
</trkpt>
<trkpt lat="25.279942" lon="121.52505">
<ele>50</ele>
<time>2025-09-09T04:30:19Z</time>
</trkpt>
<trkpt lat="25.27989" lon="121.525055">
<ele>51</ele>
<time>2025-09-09T04:30:35Z</time>
</trkpt>
<trkpt lat="25.279884" lon="121.525116">
<ele>51</ele>
<time>2025-09-09T04:30:55Z</time>
</trkpt>
<trkpt lat="25.279799" lon="121.52516">
<ele>52</ele>
<time>2025-09-09T04:31:04Z</time>
</trkpt>
<trkpt lat="25.27973" lon="121.52515">
<ele>53</ele>
<time>2025-09-09T04:31:14Z</time>
</trkpt>
<trkpt lat="25.279678" lon="121.52509">
<ele>54</ele>
<time>2025-09-09T04:31:25Z</time>
</trkpt>
<trkpt lat="25.279612" lon="121.52506">
<ele>54</ele>
<time>2025-09-09T04:31:34Z</time>
</trkpt>
<trkpt lat="25.279562" lon="121.52506">
<ele>54</ele>
<time>2025-09-09T04:31:40Z</time>
</trkpt>
<trkpt lat="25.279469" lon="121.52504">
<ele>55</ele>
<time>2025-09-09T04:31:49Z</time>
</trkpt>
<trkpt lat="25.279423" lon="121.525055">
<ele>54</ele>
<time>2025-09-09T04:31:54Z</time>
</trkpt>
<trkpt lat="25.279367" lon="121.52506">
<ele>54</ele>
<time>2025-09-09T04:32:04Z</time>
</trkpt>
<trkpt lat="25.279371" lon="121.525154">
<ele>53</ele>
<time>2025-09-09T04:32:44Z</time>
</trkpt>
<trkpt lat="25.279438" lon="121.52516">
<ele>53</ele>
<time>2025-09-09T04:32:54Z</time>
</trkpt>
<trkpt lat="25.279512" lon="121.52514">
<ele>54</ele>
<time>2025-09-09T04:33:04Z</time>
</trkpt>
<trkpt lat="25.279589" lon="121.52514">
<ele>54</ele>
<time>2025-09-09T04:33:14Z</time>
</trkpt>
<trkpt lat="25.279636" lon="121.52514">
<ele>53</ele>
<time>2025-09-09T04:33:20Z</time>
</trkpt>
<trkpt lat="25.279713" lon="121.525185">
<ele>53</ele>
<time>2025-09-09T04:33:29Z</time>
</trkpt>
<trkpt lat="25.279766" lon="121.525185">
<ele>53</ele>
<time>2025-09-09T04:33:39Z</time>
</trkpt>
<trkpt lat="25.279804" lon="121.5251">
<ele>52</ele>
<time>2025-09-09T04:33:49Z</time>
</trkpt>
<trkpt lat="25.279873" lon="121.52505">
<ele>51</ele>
<time>2025-09-09T04:33:59Z</time>
</trkpt>
<trkpt lat="25.279932" lon="121.525024">
<ele>50</ele>
<time>2025-09-09T04:34:09Z</time>
</trkpt>
<trkpt lat="25.27998" lon="121.52509">
<ele>49</ele>
<time>2025-09-09T04:34:25Z</time>
</trkpt>
<trkpt lat="25.280016" lon="121.52512">
<ele>49</ele>
<time>2025-09-09T04:34:30Z</time>
</trkpt>
<trkpt lat="25.280045" lon="121.5252">
<ele>51</ele>
<time>2025-09-09T04:34:40Z</time>
</trkpt>
<trkpt lat="25.280071" lon="121.52527">
<ele>52</ele>
<time>2025-09-09T04:34:49Z</time>
</trkpt>
<trkpt lat="25.280107" lon="121.52532">
<ele>53</ele>
<time>2025-09-09T04:35:00Z</time>
</trkpt>
<trkpt lat="25.28021" lon="121.52541">
<ele>54</ele>
<time>2025-09-09T04:35:29Z</time>
</trkpt>
<trkpt lat="25.280272" lon="121.52547">
<ele>55</ele>
<time>2025-09-09T04:35:40Z</time>
</trkpt>
<trkpt lat="25.28032" lon="121.52548">
<ele>55</ele>
<time>2025-09-09T04:35:50Z</time>
</trkpt>
<trkpt lat="25.280384" lon="121.525566">
<ele>55</ele>
<time>2025-09-09T04:36:05Z</time>
</trkpt>
<trkpt lat="25.280333" lon="121.525604">
<ele>56</ele>
<time>2025-09-09T04:36:15Z</time>
</trkpt>
<trkpt lat="25.280283" lon="121.52569">
<ele>56</ele>
<time>2025-09-09T04:36:24Z</time>
</trkpt>
<trkpt lat="25.280249" lon="121.525764">
<ele>57</ele>
<time>2025-09-09T04:36:34Z</time>
</trkpt>
<trkpt lat="25.280195" lon="121.52586">
<ele>57</ele>
<time>2025-09-09T04:36:44Z</time>
</trkpt>
<trkpt lat="25.280178" lon="121.52592">
<ele>57</ele>
<time>2025-09-09T04:36:49Z</time>
</trkpt>
<trkpt lat="25.280136" lon="121.525986">
<ele>58</ele>
<time>2025-09-09T04:36:59Z</time>
</trkpt>
<trkpt lat="25.280094" lon="121.52606">
<ele>58</ele>
<time>2025-09-09T04:37:10Z</time>
</trkpt>
<trkpt lat="25.28007" lon="121.52615">
<ele>59</ele>
<time>2025-09-09T04:37:19Z</time>
</trkpt>
<trkpt lat="25.28004" lon="121.52623">
<ele>59</ele>
<time>2025-09-09T04:37:29Z</time>
</trkpt>
<trkpt lat="25.279985" lon="121.5263">
<ele>60</ele>
<time>2025-09-09T04:37:40Z</time>
</trkpt>
<trkpt lat="25.279936" lon="121.52639">
<ele>61</ele>
<time>2025-09-09T04:37:50Z</time>
</trkpt>
<trkpt lat="25.279896" lon="121.52644">
<ele>62</ele>
<time>2025-09-09T04:37:59Z</time>
</trkpt>
<trkpt lat="25.279839" lon="121.52651">
<ele>63</ele>
<time>2025-09-09T04:38:09Z</time>
</trkpt>
<trkpt lat="25.279764" lon="121.52658">
<ele>65</ele>
<time>2025-09-09T04:38:20Z</time>
</trkpt>
<trkpt lat="25.279686" lon="121.52661">
<ele>66</ele>
<time>2025-09-09T04:38:29Z</time>
</trkpt>
<trkpt lat="25.279633" lon="121.52664">
<ele>67</ele>
<time>2025-09-09T04:38:35Z</time>
</trkpt>
<trkpt lat="25.27959" lon="121.526665">
<ele>67</ele>
<time>2025-09-09T04:38:40Z</time>
</trkpt>
<trkpt lat="25.279526" lon="121.52669">
<ele>68</ele>
<time>2025-09-09T04:38:50Z</time>
</trkpt>
<trkpt lat="25.279455" lon="121.52673">
<ele>69</ele>
<time>2025-09-09T04:38:59Z</time>
</trkpt>
<trkpt lat="25.279408" lon="121.52676">
<ele>69</ele>
<time>2025-09-09T04:39:04Z</time>
</trkpt>
<trkpt lat="25.279333" lon="121.5268">
<ele>69</ele>
<time>2025-09-09T04:39:14Z</time>
</trkpt>
<trkpt lat="25.279268" lon="121.52685">
<ele>70</ele>
<time>2025-09-09T04:39:24Z</time>
</trkpt>
<trkpt lat="25.279196" lon="121.526924">
<ele>71</ele>
<time>2025-09-09T04:39:34Z</time>
</trkpt>
<trkpt lat="25.279158" lon="121.526955">
<ele>71</ele>
<time>2025-09-09T04:39:39Z</time>
</trkpt>
<trkpt lat="25.27909" lon="121.52703">
<ele>70</ele>
<time>2025-09-09T04:39:49Z</time>
</trkpt>
<trkpt lat="25.279013" lon="121.52707">
<ele>70</ele>
<time>2025-09-09T04:39:59Z</time>
</trkpt>
<trkpt lat="25.27894" lon="121.527115">
<ele>70</ele>
<time>2025-09-09T04:40:10Z</time>
</trkpt>
<trkpt lat="25.27886" lon="121.52717">
<ele>70</ele>
<time>2025-09-09T04:40:19Z</time>
</trkpt>
<trkpt lat="25.278788" lon="121.52721">
<ele>70</ele>
<time>2025-09-09T04:40:30Z</time>
</trkpt>
<trkpt lat="25.278704" lon="121.52727">
<ele>69</ele>
<time>2025-09-09T04:40:40Z</time>
</trkpt>
<trkpt lat="25.278624" lon="121.52728">
<ele>69</ele>
<time>2025-09-09T04:40:49Z</time>
</trkpt>
<trkpt lat="25.278543" lon="121.527306">
<ele>69</ele>
<time>2025-09-09T04:40:59Z</time>
</trkpt>
<trkpt lat="25.278448" lon="121.527275">
<ele>69</ele>
<time>2025-09-09T04:41:10Z</time>
</trkpt>
<trkpt lat="25.278368" lon="121.527245">
<ele>70</ele>
<time>2025-09-09T04:41:20Z</time>
</trkpt>
<trkpt lat="25.278284" lon="121.52723">
<ele>70</ele>
<time>2025-09-09T04:41:30Z</time>
</trkpt>
<trkpt lat="25.278208" lon="121.5272">
<ele>70</ele>
<time>2025-09-09T04:41:39Z</time>
</trkpt>
<trkpt lat="25.278145" lon="121.527176">
<ele>70</ele>
<time>2025-09-09T04:41:49Z</time>
</trkpt>
<trkpt lat="25.278053" lon="121.52716">
<ele>70</ele>
<time>2025-09-09T04:42:00Z</time>
</trkpt>
<trkpt lat="25.278019" lon="121.52711">
<ele>71</ele>
<time>2025-09-09T04:42:15Z</time>
</trkpt>
<trkpt lat="25.278015" lon="121.52705">
<ele>72</ele>
<time>2025-09-09T04:42:25Z</time>
</trkpt>
<trkpt lat="25.278032" lon="121.526985">
<ele>72</ele>
<time>2025-09-09T04:42:40Z</time>
</trkpt>
<trkpt lat="25.278067" lon="121.52692">
<ele>72</ele>
<time>2025-09-09T04:42:50Z</time>
</trkpt>
<trkpt lat="25.2781" lon="121.52683">
<ele>72</ele>
<time>2025-09-09T04:42:59Z</time>
</trkpt>
<trkpt lat="25.278107" lon="121.52675">
<ele>72</ele>
<time>2025-09-09T04:43:09Z</time>
</trkpt>
<trkpt lat="25.278086" lon="121.526695">
<ele>72</ele>
<time>2025-09-09T04:43:15Z</time>
</trkpt>
<trkpt lat="25.278059" lon="121.52661">
<ele>73</ele>
<time>2025-09-09T04:43:25Z</time>
</trkpt>
<trkpt lat="25.278084" lon="121.526505">
<ele>73</ele>
<time>2025-09-09T04:43:34Z</time>
</trkpt>
<trkpt lat="25.278131" lon="121.526436">
<ele>73</ele>
<time>2025-09-09T04:43:44Z</time>
</trkpt>
<trkpt lat="25.278152" lon="121.52635">
<ele>72</ele>
<time>2025-09-09T04:43:55Z</time>
</trkpt>
<trkpt lat="25.2782" lon="121.526245">
<ele>72</ele>
<time>2025-09-09T04:44:05Z</time>
</trkpt>
<trkpt lat="25.278275" lon="121.52616">
<ele>72</ele>
<time>2025-09-09T04:44:14Z</time>
</trkpt>
<trkpt lat="25.278301" lon="121.52612">
<ele>72</ele>
<time>2025-09-09T04:44:29Z</time>
</trkpt>
<trkpt lat="25.278322" lon="121.52604">
<ele>71</ele>
<time>2025-09-09T04:44:39Z</time>
</trkpt>
<trkpt lat="25.278337" lon="121.525986">
<ele>71</ele>
<time>2025-09-09T04:44:45Z</time>
</trkpt>
<trkpt lat="25.278362" lon="121.52587">
<ele>70</ele>
<time>2025-09-09T04:44:54Z</time>
</trkpt>
<trkpt lat="25.278358" lon="121.52582">
<ele>70</ele>
<time>2025-09-09T04:45:04Z</time>
</trkpt>
<trkpt lat="25.278357" lon="121.52587">
<ele>70</ele>
<time>2025-09-09T04:45:40Z</time>
</trkpt>
<trkpt lat="25.278355" lon="121.52578">
<ele>69</ele>
<time>2025-09-09T04:48:29Z</time>
</trkpt>
<trkpt lat="25.27835" lon="121.52573">
<ele>69</ele>
<time>2025-09-09T04:49:19Z</time>
</trkpt>
<trkpt lat="25.278337" lon="121.52567">
<ele>68</ele>
<time>2025-09-09T04:49:34Z</time>
</trkpt>
<trkpt lat="25.278326" lon="121.52561">
<ele>68</ele>
<time>2025-09-09T04:49:39Z</time>
</trkpt>
<trkpt lat="25.278273" lon="121.52554">
<ele>66</ele>
<time>2025-09-09T04:49:49Z</time>
</trkpt>
<trkpt lat="25.278315" lon="121.52548">
<ele>66</ele>
<time>2025-09-09T04:50:04Z</time>
</trkpt>
<trkpt lat="25.278233" lon="121.52549">
<ele>66</ele>
<time>2025-09-09T04:50:29Z</time>
</trkpt>
<trkpt lat="25.278193" lon="121.52545">
<ele>65</ele>
<time>2025-09-09T04:50:40Z</time>
</trkpt>
<trkpt lat="25.278158" lon="121.52541">
<ele>65</ele>
<time>2025-09-09T04:50:49Z</time>
</trkpt>
<trkpt lat="25.278128" lon="121.5255">
<ele>65</ele>
<time>2025-09-09T04:51:05Z</time>
</trkpt>
<trkpt lat="25.278175" lon="121.52548">
<ele>65</ele>
<time>2025-09-09T04:53:29Z</time>
</trkpt>
<trkpt lat="25.278114" lon="121.52541">
<ele>65</ele>
<time>2025-09-09T04:54:00Z</time>
</trkpt>
<trkpt lat="25.278122" lon="121.525475">
<ele>65</ele>
<time>2025-09-09T04:54:45Z</time>
</trkpt>
<trkpt lat="25.2781" lon="121.52554">
<ele>65</ele>
<time>2025-09-09T04:55:20Z</time>
</trkpt>
<trkpt lat="25.278053" lon="121.52553">
<ele>65</ele>
<time>2025-09-09T04:55:54Z</time>
</trkpt>
<trkpt lat="25.277996" lon="121.52552">
<ele>65</ele>
<time>2025-09-09T04:56:15Z</time>
</trkpt>
<trkpt lat="25.277895" lon="121.52551">
<ele>64</ele>
<time>2025-09-09T04:57:14Z</time>
</trkpt>
<trkpt lat="25.277857" lon="121.525475">
<ele>64</ele>
<time>2025-09-09T04:57:24Z</time>
</trkpt>
<trkpt lat="25.277811" lon="121.525505">
<ele>64</ele>
<time>2025-09-09T04:57:34Z</time>
</trkpt>
<trkpt lat="25.277742" lon="121.52551">
<ele>64</ele>
<time>2025-09-09T04:57:49Z</time>
</trkpt>
<trkpt lat="25.277678" lon="121.52553">
<ele>64</ele>
<time>2025-09-09T04:57:59Z</time>
</trkpt>
<trkpt lat="25.277609" lon="121.52556">
<ele>65</ele>
<time>2025-09-09T04:58:09Z</time>
</trkpt>
<trkpt lat="25.27756" lon="121.52557">
<ele>65</ele>
<time>2025-09-09T04:58:19Z</time>
</trkpt>
<trkpt lat="25.277493" lon="121.525604">
<ele>66</ele>
<time>2025-09-09T04:58:29Z</time>
</trkpt>
<trkpt lat="25.277435" lon="121.52555">
<ele>65</ele>
<time>2025-09-09T04:58:40Z</time>
</trkpt>
<trkpt lat="25.277475" lon="121.52549">
<ele>65</ele>
<time>2025-09-09T04:58:49Z</time>
</trkpt>
<trkpt lat="25.27755" lon="121.52547">
<ele>65</ele>
<time>2025-09-09T04:58:59Z</time>
</trkpt>
<trkpt lat="25.277624" lon="121.52542">
<ele>65</ele>
<time>2025-09-09T04:59:10Z</time>
</trkpt>
<trkpt lat="25.277653" lon="121.52535">
<ele>65</ele>
<time>2025-09-09T04:59:19Z</time>
</trkpt>
<trkpt lat="25.277704" lon="121.52532">
<ele>64</ele>
<time>2025-09-09T04:59:30Z</time>
</trkpt>
<trkpt lat="25.27779" lon="121.52527">
<ele>64</ele>
<time>2025-09-09T04:59:39Z</time>
</trkpt>
<trkpt lat="25.277891" lon="121.52524">
<ele>64</ele>
<time>2025-09-09T04:59:50Z</time>
</trkpt>
<trkpt lat="25.27794" lon="121.52523">
<ele>64</ele>
<time>2025-09-09T04:59:55Z</time>
</trkpt>
<trkpt lat="25.277994" lon="121.52518">
<ele>64</ele>
<time>2025-09-09T05:00:04Z</time>
</trkpt>
<trkpt lat="25.278057" lon="121.525154">
<ele>64</ele>
<time>2025-09-09T05:00:14Z</time>
</trkpt>
<trkpt lat="25.27811" lon="121.525116">
<ele>64</ele>
<time>2025-09-09T05:00:24Z</time>
</trkpt>
<trkpt lat="25.27815" lon="121.52509">
<ele>64</ele>
<time>2025-09-09T05:00:29Z</time>
</trkpt>
<trkpt lat="25.278221" lon="121.525055">
<ele>63</ele>
<time>2025-09-09T05:00:40Z</time>
</trkpt>
<trkpt lat="25.278284" lon="121.52502">
<ele>63</ele>
<time>2025-09-09T05:00:54Z</time>
</trkpt>
<trkpt lat="25.278368" lon="121.52494">
<ele>63</ele>
<time>2025-09-09T05:02:04Z</time>
</trkpt>
<trkpt lat="25.278381" lon="121.524826">
<ele>63</ele>
<time>2025-09-09T05:03:09Z</time>
</trkpt>
<trkpt lat="25.278465" lon="121.52476">
<ele>63</ele>
<time>2025-09-09T05:03:40Z</time>
</trkpt>
<trkpt lat="25.278563" lon="121.52469">
<ele>62</ele>
<time>2025-09-09T05:04:14Z</time>
</trkpt>
<trkpt lat="25.278625" lon="121.52456">
<ele>60</ele>
<time>2025-09-09T05:04:55Z</time>
</trkpt>
<trkpt lat="25.278717" lon="121.524536">
<ele>59</ele>
<time>2025-09-09T05:05:39Z</time>
</trkpt>
<trkpt lat="25.278812" lon="121.524506">
<ele>58</ele>
<time>2025-09-09T05:06:05Z</time>
</trkpt>
<trkpt lat="25.278877" lon="121.52455">
<ele>59</ele>
<time>2025-09-09T05:06:14Z</time>
</trkpt>
<trkpt lat="25.278934" lon="121.52458">
<ele>59</ele>
<time>2025-09-09T05:06:24Z</time>
</trkpt>
<trkpt lat="25.278984" lon="121.524605">
<ele>59</ele>
<time>2025-09-09T05:06:35Z</time>
</trkpt>
<trkpt lat="25.27938" lon="121.52435">
<ele>55</ele>
<time>2025-09-09T05:08:58Z</time>
</trkpt>
<trkpt lat="25.279432" lon="121.52433">
<ele>55</ele>
<time>2025-09-09T05:09:08Z</time>
</trkpt>
<trkpt lat="25.279484" lon="121.52429">
<ele>54</ele>
<time>2025-09-09T05:09:18Z</time>
</trkpt>
<trkpt lat="25.279535" lon="121.52428">
<ele>54</ele>
<time>2025-09-09T05:09:27Z</time>
</trkpt>
<trkpt lat="25.279652" lon="121.52429">
<ele>54</ele>
<time>2025-09-09T05:09:58Z</time>
</trkpt>
<trkpt lat="25.279697" lon="121.52428">
<ele>54</ele>
<time>2025-09-09T05:10:07Z</time>
</trkpt>
<trkpt lat="25.279804" lon="121.52429">
<ele>52</ele>
<time>2025-09-09T05:10:27Z</time>
</trkpt>
<trkpt lat="25.279903" lon="121.52422">
<ele>51</ele>
<time>2025-09-09T05:10:52Z</time>
</trkpt>
<trkpt lat="25.279922" lon="121.524124">
<ele>50</ele>
<time>2025-09-09T05:11:07Z</time>
</trkpt>
<trkpt lat="25.279905" lon="121.523994">
<ele>50</ele>
<time>2025-09-09T05:11:37Z</time>
</trkpt>
<trkpt lat="25.27999" lon="121.52394">
<ele>49</ele>
<time>2025-09-09T05:12:12Z</time>
</trkpt>
<trkpt lat="25.280058" lon="121.523865">
<ele>47</ele>
<time>2025-09-09T05:12:57Z</time>
</trkpt>
<trkpt lat="25.28015" lon="121.52384">
<ele>45</ele>
<time>2025-09-09T05:13:42Z</time>
</trkpt>
<trkpt lat="25.280258" lon="121.52385">
<ele>42</ele>
<time>2025-09-09T05:14:22Z</time>
</trkpt>
<trkpt lat="25.28028" lon="121.52396">
<ele>42</ele>
<time>2025-09-09T05:15:27Z</time>
</trkpt>
<trkpt lat="25.28023" lon="121.524055">
<ele>43</ele>
<time>2025-09-09T05:16:47Z</time>
</trkpt>
<trkpt lat="25.280306" lon="121.52397">
<ele>42</ele>
<time>2025-09-09T05:18:22Z</time>
</trkpt>
<trkpt lat="25.280289" lon="121.52386">
<ele>42</ele>
<time>2025-09-09T05:18:52Z</time>
</trkpt>
<trkpt lat="25.280333" lon="121.52377">
<ele>41</ele>
<time>2025-09-09T05:19:42Z</time>
</trkpt>
<trkpt lat="25.280403" lon="121.523705">
<ele>40</ele>
<time>2025-09-09T05:20:47Z</time>
</trkpt>
<trkpt lat="25.28042" lon="121.52358">
<ele>40</ele>
<time>2025-09-09T05:27:32Z</time>
</trkpt>
<trkpt lat="25.28043" lon="121.52352">
<ele>39</ele>
<time>2025-09-09T05:27:42Z</time>
</trkpt>
<trkpt lat="25.28044" lon="121.52343">
<ele>39</ele>
<time>2025-09-09T05:27:52Z</time>
</trkpt>
<trkpt lat="25.280535" lon="121.52339">
<ele>38</ele>
<time>2025-09-09T05:28:22Z</time>
</trkpt>
<trkpt lat="25.280556" lon="121.52333">
<ele>37</ele>
<time>2025-09-09T05:28:32Z</time>
</trkpt>
<trkpt lat="25.28057" lon="121.523254">
<ele>37</ele>
<time>2025-09-09T05:28:42Z</time>
</trkpt>
<trkpt lat="25.280611" lon="121.523155">
<ele>37</ele>
<time>2025-09-09T05:28:52Z</time>
</trkpt>
<trkpt lat="25.280687" lon="121.52311">
<ele>35</ele>
<time>2025-09-09T05:29:02Z</time>
</trkpt>
<trkpt lat="25.280626" lon="121.52303">
<ele>36</ele>
<time>2025-09-09T05:31:02Z</time>
</trkpt>
<trkpt lat="25.280542" lon="121.52301">
<ele>38</ele>
<time>2025-09-09T05:31:12Z</time>
</trkpt>
<trkpt lat="25.280474" lon="121.522964">
<ele>38</ele>
<time>2025-09-09T05:31:22Z</time>
</trkpt>
<trkpt lat="25.28041" lon="121.523">
<ele>39</ele>
<time>2025-09-09T05:31:32Z</time>
</trkpt>
<trkpt lat="25.280334" lon="121.523026">
<ele>39</ele>
<time>2025-09-09T05:31:42Z</time>
</trkpt>
<trkpt lat="25.280266" lon="121.522995">
<ele>40</ele>
<time>2025-09-09T05:31:52Z</time>
</trkpt>
<trkpt lat="25.280205" lon="121.52294">
<ele>39</ele>
<time>2025-09-09T05:32:02Z</time>
</trkpt>
<trkpt lat="25.280165" lon="121.52292">
<ele>39</ele>
<time>2025-09-09T05:32:07Z</time>
</trkpt>
<trkpt lat="25.280128" lon="121.522865">
<ele>39</ele>
<time>2025-09-09T05:32:17Z</time>
</trkpt>
<trkpt lat="25.28008" lon="121.522804">
<ele>39</ele>
<time>2025-09-09T05:32:27Z</time>
</trkpt>
<trkpt lat="25.279984" lon="121.52273">
<ele>39</ele>
<time>2025-09-09T05:33:02Z</time>
</trkpt>
<trkpt lat="25.279917" lon="121.52273">
<ele>39</ele>
<time>2025-09-09T05:33:12Z</time>
</trkpt>
<trkpt lat="25.279837" lon="121.522705">
<ele>40</ele>
<time>2025-09-09T05:33:22Z</time>
</trkpt>
<trkpt lat="25.279781" lon="121.52268">
<ele>40</ele>
<time>2025-09-09T05:33:27Z</time>
</trkpt>
<trkpt lat="25.279684" lon="121.522705">
<ele>42</ele>
<time>2025-09-09T05:33:37Z</time>
</trkpt>
<trkpt lat="25.279636" lon="121.5227">
<ele>42</ele>
<time>2025-09-09T05:33:42Z</time>
</trkpt>
<trkpt lat="25.27958" lon="121.52265">
<ele>41</ele>
<time>2025-09-09T05:33:52Z</time>
</trkpt>
<trkpt lat="25.279516" lon="121.52261">
<ele>41</ele>
<time>2025-09-09T05:34:02Z</time>
</trkpt>
<trkpt lat="25.279482" lon="121.522575">
<ele>40</ele>
<time>2025-09-09T05:34:07Z</time>
</trkpt>
<trkpt lat="25.279448" lon="121.52253">
<ele>39</ele>
<time>2025-09-09T05:34:12Z</time>
</trkpt>
<trkpt lat="25.2794" lon="121.5225">
<ele>38</ele>
<time>2025-09-09T05:34:17Z</time>
</trkpt>
<trkpt lat="25.279324" lon="121.52245">
<ele>40</ele>
<time>2025-09-09T05:34:27Z</time>
</trkpt>
<trkpt lat="25.279284" lon="121.52242">
<ele>41</ele>
<time>2025-09-09T05:34:32Z</time>
</trkpt>
<trkpt lat="25.27921" lon="121.52237">
<ele>42</ele>
<time>2025-09-09T05:34:42Z</time>
</trkpt>
<trkpt lat="25.27916" lon="121.52236">
<ele>43</ele>
<time>2025-09-09T05:34:47Z</time>
</trkpt>
<trkpt lat="25.279118" lon="121.52235">
<ele>43</ele>
<time>2025-09-09T05:34:57Z</time>
</trkpt>
<trkpt lat="25.279064" lon="121.522385">
<ele>43</ele>
<time>2025-09-09T05:35:07Z</time>
</trkpt>
<trkpt lat="25.27905" lon="121.52247">
<ele>42</ele>
<time>2025-09-09T05:35:17Z</time>
</trkpt>
<trkpt lat="25.27894" lon="121.52245">
<ele>43</ele>
<time>2025-09-09T05:35:47Z</time>
</trkpt>
<trkpt lat="25.278856" lon="121.52241">
<ele>45</ele>
<time>2025-09-09T05:36:37Z</time>
</trkpt>
<trkpt lat="25.278795" lon="121.52243">
<ele>46</ele>
<time>2025-09-09T05:36:57Z</time>
</trkpt>
<trkpt lat="25.27877" lon="121.522484">
<ele>45</ele>
<time>2025-09-09T05:37:07Z</time>
</trkpt>
<trkpt lat="25.27878" lon="121.522545">
<ele>46</ele>
<time>2025-09-09T05:37:17Z</time>
</trkpt>
<trkpt lat="25.27869" lon="121.52254">
<ele>47</ele>
<time>2025-09-09T05:37:37Z</time>
</trkpt>
<trkpt lat="25.278677" lon="121.52246">
<ele>48</ele>
<time>2025-09-09T05:37:52Z</time>
</trkpt>
<trkpt lat="25.278662" lon="121.5224">
<ele>49</ele>
<time>2025-09-09T05:38:02Z</time>
</trkpt>
<trkpt lat="25.278643" lon="121.522354">
<ele>50</ele>
<time>2025-09-09T05:38:12Z</time>
</trkpt>
<trkpt lat="25.278637" lon="121.52229">
<ele>52</ele>
<time>2025-09-09T05:38:27Z</time>
</trkpt>
<trkpt lat="25.278627" lon="121.52235">
<ele>51</ele>
<time>2025-09-09T05:38:57Z</time>
</trkpt>
<trkpt lat="25.27855" lon="121.522385">
<ele>52</ele>
<time>2025-09-09T05:39:07Z</time>
</trkpt>
<trkpt lat="25.278503" lon="121.52242">
<ele>52</ele>
<time>2025-09-09T05:39:22Z</time>
</trkpt>
<trkpt lat="25.278442" lon="121.52248">
<ele>53</ele>
<time>2025-09-09T05:39:32Z</time>
</trkpt>
<trkpt lat="25.278399" lon="121.52256">
<ele>54</ele>
<time>2025-09-09T05:39:42Z</time>
</trkpt>
<trkpt lat="25.278358" lon="121.52266">
<ele>54</ele>
<time>2025-09-09T05:39:52Z</time>
</trkpt>
<trkpt lat="25.27836" lon="121.522705">
<ele>53</ele>
<time>2025-09-09T05:39:57Z</time>
</trkpt>
<trkpt lat="25.278357" lon="121.522804">
<ele>53</ele>
<time>2025-09-09T05:40:07Z</time>
</trkpt>
<trkpt lat="25.278334" lon="121.52285">
<ele>53</ele>
<time>2025-09-09T05:40:52Z</time>
</trkpt>
<trkpt lat="25.278257" lon="121.52289">
<ele>54</ele>
<time>2025-09-09T05:41:02Z</time>
</trkpt>
<trkpt lat="25.278193" lon="121.522934">
<ele>55</ele>
<time>2025-09-09T05:41:12Z</time>
</trkpt>
<trkpt lat="25.278124" lon="121.52297">
<ele>55</ele>
<time>2025-09-09T05:41:22Z</time>
</trkpt>
<trkpt lat="25.278065" lon="121.523026">
<ele>55</ele>
<time>2025-09-09T05:41:32Z</time>
</trkpt>
<trkpt lat="25.27802" lon="121.52309">
<ele>56</ele>
<time>2025-09-09T05:41:42Z</time>
</trkpt>
<trkpt lat="25.278032" lon="121.523026">
<ele>56</ele>
<time>2025-09-09T05:41:57Z</time>
</trkpt>
<trkpt lat="25.278076" lon="121.522964">
<ele>56</ele>
<time>2025-09-09T05:42:07Z</time>
</trkpt>
<trkpt lat="25.278122" lon="121.52292">
<ele>56</ele>
<time>2025-09-09T05:42:17Z</time>
</trkpt>
<trkpt lat="25.27819" lon="121.52289">
<ele>55</ele>
<time>2025-09-09T05:42:27Z</time>
</trkpt>
<trkpt lat="25.278234" lon="121.52283">
<ele>55</ele>
<time>2025-09-09T05:42:37Z</time>
</trkpt>
<trkpt lat="25.278269" lon="121.5228">
<ele>54</ele>
<time>2025-09-09T05:42:42Z</time>
</trkpt>
<trkpt lat="25.27831" lon="121.52275">
<ele>54</ele>
<time>2025-09-09T05:42:47Z</time>
</trkpt>
<trkpt lat="25.278355" lon="121.52265">
<ele>54</ele>
<time>2025-09-09T05:42:57Z</time>
</trkpt>
<trkpt lat="25.278378" lon="121.52254">
<ele>54</ele>
<time>2025-09-09T05:43:07Z</time>
</trkpt>
<trkpt lat="25.278425" lon="121.522446">
<ele>54</ele>
<time>2025-09-09T05:43:17Z</time>
</trkpt>
<trkpt lat="25.278494" lon="121.52239">
<ele>53</ele>
<time>2025-09-09T05:43:27Z</time>
</trkpt>
<trkpt lat="25.278559" lon="121.52235">
<ele>53</ele>
<time>2025-09-09T05:43:37Z</time>
</trkpt>
<trkpt lat="25.278603" lon="121.52226">
<ele>53</ele>
<time>2025-09-09T05:43:47Z</time>
</trkpt>
<trkpt lat="25.278635" lon="121.52222">
<ele>53</ele>
<time>2025-09-09T05:43:57Z</time>
</trkpt>
<trkpt lat="25.27861" lon="121.52215">
<ele>55</ele>
<time>2025-09-09T05:44:07Z</time>
</trkpt>
<trkpt lat="25.278532" lon="121.52211">
<ele>56</ele>
<time>2025-09-09T05:44:17Z</time>
</trkpt>
<trkpt lat="25.278465" lon="121.522064">
<ele>57</ele>
<time>2025-09-09T05:44:27Z</time>
</trkpt>
<trkpt lat="25.2784" lon="121.52201">
<ele>58</ele>
<time>2025-09-09T05:44:37Z</time>
</trkpt>
<trkpt lat="25.278343" lon="121.52202">
<ele>58</ele>
<time>2025-09-09T05:44:47Z</time>
</trkpt>
<trkpt lat="25.278303" lon="121.521965">
<ele>58</ele>
<time>2025-09-09T05:47:07Z</time>
</trkpt>
<trkpt lat="25.278318" lon="121.5219">
<ele>58</ele>
<time>2025-09-09T05:47:17Z</time>
</trkpt>
<trkpt lat="25.278305" lon="121.52181">
<ele>57</ele>
<time>2025-09-09T05:47:27Z</time>
</trkpt>
<trkpt lat="25.278284" lon="121.521736">
<ele>56</ele>
<time>2025-09-09T05:47:37Z</time>
</trkpt>
<trkpt lat="25.278238" lon="121.52167">
<ele>55</ele>
<time>2025-09-09T05:47:47Z</time>
</trkpt>
<trkpt lat="25.278193" lon="121.52159">
<ele>54</ele>
<time>2025-09-09T05:47:57Z</time>
</trkpt>
<trkpt lat="25.278152" lon="121.52153">
<ele>53</ele>
<time>2025-09-09T05:48:07Z</time>
</trkpt>
<trkpt lat="25.27815" lon="121.52144">
<ele>52</ele>
<time>2025-09-09T05:48:17Z</time>
</trkpt>
<trkpt lat="25.278172" lon="121.52135">
<ele>52</ele>
<time>2025-09-09T05:48:27Z</time>
</trkpt>
<trkpt lat="25.27818" lon="121.52125">
<ele>50</ele>
<time>2025-09-09T05:48:37Z</time>
</trkpt>
<trkpt lat="25.278233" lon="121.52134">
<ele>52</ele>
<time>2025-09-09T05:49:22Z</time>
</trkpt>
<trkpt lat="25.27827" lon="121.5214">
<ele>53</ele>
<time>2025-09-09T05:49:32Z</time>
</trkpt>
<trkpt lat="25.278233" lon="121.52143">
<ele>53</ele>
<time>2025-09-09T05:50:37Z</time>
</trkpt>
<trkpt lat="25.278246" lon="121.5213">
<ele>52</ele>
<time>2025-09-09T05:52:07Z</time>
</trkpt>
<trkpt lat="25.278215" lon="121.521255">
<ele>50</ele>
<time>2025-09-09T05:52:17Z</time>
</trkpt>
<trkpt lat="25.278233" lon="121.52121">
<ele>50</ele>
<time>2025-09-09T05:52:57Z</time>
</trkpt>
<trkpt lat="25.278215" lon="121.52113">
<ele>48</ele>
<time>2025-09-09T05:53:07Z</time>
</trkpt>
<trkpt lat="25.278206" lon="121.52109">
<ele>48</ele>
<time>2025-09-09T05:53:12Z</time>
</trkpt>
<trkpt lat="25.278215" lon="121.52102">
<ele>46</ele>
<time>2025-09-09T05:53:22Z</time>
</trkpt>
<trkpt lat="25.278265" lon="121.52095">
<ele>45</ele>
<time>2025-09-09T05:53:32Z</time>
</trkpt>
<trkpt lat="25.27831" lon="121.520905">
<ele>44</ele>
<time>2025-09-09T05:53:42Z</time>
</trkpt>
<trkpt lat="25.278265" lon="121.520935">
<ele>45</ele>
<time>2025-09-09T05:53:57Z</time>
</trkpt>
<trkpt lat="25.278315" lon="121.52086">
<ele>44</ele>
<time>2025-09-09T05:54:22Z</time>
</trkpt>
<trkpt lat="25.278358" lon="121.5208">
<ele>42</ele>
<time>2025-09-09T05:54:32Z</time>
</trkpt>
<trkpt lat="25.278383" lon="121.52076">
<ele>42</ele>
<time>2025-09-09T05:54:37Z</time>
</trkpt>
<trkpt lat="25.278421" lon="121.52073">
<ele>41</ele>
<time>2025-09-09T05:54:47Z</time>
</trkpt>
<trkpt lat="25.278463" lon="121.520676">
<ele>41</ele>
<time>2025-09-09T05:54:57Z</time>
</trkpt>
<trkpt lat="25.278507" lon="121.52065">
<ele>40</ele>
<time>2025-09-09T05:55:02Z</time>
</trkpt>
<trkpt lat="25.278584" lon="121.520615">
<ele>40</ele>
<time>2025-09-09T05:55:12Z</time>
</trkpt>
<trkpt lat="25.278633" lon="121.5206">
<ele>40</ele>
<time>2025-09-09T05:55:17Z</time>
</trkpt>
<trkpt lat="25.278698" lon="121.52055">
<ele>40</ele>
<time>2025-09-09T05:55:27Z</time>
</trkpt>
<trkpt lat="25.278748" lon="121.52051">
<ele>40</ele>
<time>2025-09-09T05:55:37Z</time>
</trkpt>
<trkpt lat="25.2788" lon="121.520485">
<ele>41</ele>
<time>2025-09-09T05:55:52Z</time>
</trkpt>
<trkpt lat="25.278894" lon="121.52043">
<ele>41</ele>
<time>2025-09-09T05:56:02Z</time>
</trkpt>
<trkpt lat="25.278957" lon="121.52038">
<ele>40</ele>
<time>2025-09-09T05:56:12Z</time>
</trkpt>
<trkpt lat="25.279028" lon="121.52032">
<ele>39</ele>
<time>2025-09-09T05:56:22Z</time>
</trkpt>
<trkpt lat="25.279078" lon="121.52029">
<ele>38</ele>
<time>2025-09-09T05:56:32Z</time>
</trkpt>
<trkpt lat="25.279133" lon="121.52023">
<ele>37</ele>
<time>2025-09-09T05:56:42Z</time>
</trkpt>
<trkpt lat="25.27918" lon="121.52021">
<ele>37</ele>
<time>2025-09-09T05:56:47Z</time>
</trkpt>
<trkpt lat="25.279268" lon="121.52017">
<ele>35</ele>
<time>2025-09-09T05:56:57Z</time>
</trkpt>
<trkpt lat="25.279346" lon="121.52012">
<ele>33</ele>
<time>2025-09-09T05:57:07Z</time>
</trkpt>
<trkpt lat="25.279263" lon="121.520065">
<ele>33</ele>
<time>2025-09-09T05:57:52Z</time>
</trkpt>
<trkpt lat="25.279268" lon="121.52">
<ele>32</ele>
<time>2025-09-09T05:58:02Z</time>
</trkpt>
<trkpt lat="25.27927" lon="121.51994">
<ele>33</ele>
<time>2025-09-09T05:58:12Z</time>
</trkpt>
<trkpt lat="25.279215" lon="121.51987">
<ele>35</ele>
<time>2025-09-09T05:58:22Z</time>
</trkpt>
<trkpt lat="25.279167" lon="121.51985">
<ele>37</ele>
<time>2025-09-09T05:58:32Z</time>
</trkpt>
<trkpt lat="25.279116" lon="121.51984">
<ele>38</ele>
<time>2025-09-09T05:58:42Z</time>
</trkpt>
<trkpt lat="25.27906" lon="121.51984">
<ele>38</ele>
<time>2025-09-09T05:58:52Z</time>
</trkpt>
<trkpt lat="25.279" lon="121.51987">
<ele>37</ele>
<time>2025-09-09T05:59:02Z</time>
</trkpt>
<trkpt lat="25.27894" lon="121.51988">
<ele>37</ele>
<time>2025-09-09T05:59:12Z</time>
</trkpt>
<trkpt lat="25.278862" lon="121.51989">
<ele>38</ele>
<time>2025-09-09T05:59:22Z</time>
</trkpt>
<trkpt lat="25.278791" lon="121.5199">
<ele>38</ele>
<time>2025-09-09T05:59:32Z</time>
</trkpt>
<trkpt lat="25.278744" lon="121.51991">
<ele>37</ele>
<time>2025-09-09T05:59:37Z</time>
</trkpt>
<trkpt lat="25.278667" lon="121.51992">
<ele>38</ele>
<time>2025-09-09T05:59:47Z</time>
</trkpt>
<trkpt lat="25.278572" lon="121.51995">
<ele>37</ele>
<time>2025-09-09T05:59:57Z</time>
</trkpt>
<trkpt lat="25.27849" lon="121.51994">
<ele>38</ele>
<time>2025-09-09T06:00:07Z</time>
</trkpt>
<trkpt lat="25.278412" lon="121.51994">
<ele>39</ele>
<time>2025-09-09T06:00:17Z</time>
</trkpt>
<trkpt lat="25.278364" lon="121.51994">
<ele>40</ele>
<time>2025-09-09T06:00:22Z</time>
</trkpt>
<trkpt lat="25.278267" lon="121.51995">
<ele>40</ele>
<time>2025-09-09T06:00:32Z</time>
</trkpt>
<trkpt lat="25.278208" lon="121.519936">
<ele>41</ele>
<time>2025-09-09T06:00:37Z</time>
</trkpt>
<trkpt lat="25.278166" lon="121.51991">
<ele>41</ele>
<time>2025-09-09T06:00:42Z</time>
</trkpt>
<trkpt lat="25.278086" lon="121.5199">
<ele>42</ele>
<time>2025-09-09T06:00:52Z</time>
</trkpt>
<trkpt lat="25.278017" lon="121.51991">
<ele>41</ele>
<time>2025-09-09T06:01:02Z</time>
</trkpt>
<trkpt lat="25.277962" lon="121.51994">
<ele>40</ele>
<time>2025-09-09T06:01:12Z</time>
</trkpt>
<trkpt lat="25.277914" lon="121.51992">
<ele>40</ele>
<time>2025-09-09T06:01:27Z</time>
</trkpt>
<trkpt lat="25.277853" lon="121.51981">
<ele>42</ele>
<time>2025-09-09T06:01:42Z</time>
</trkpt>
<trkpt lat="25.277796" lon="121.51979">
<ele>41</ele>
<time>2025-09-09T06:01:52Z</time>
</trkpt>
<trkpt lat="25.27774" lon="121.51974">
<ele>41</ele>
<time>2025-09-09T06:02:02Z</time>
</trkpt>
<trkpt lat="25.277681" lon="121.51964">
<ele>42</ele>
<time>2025-09-09T06:02:12Z</time>
</trkpt>
<trkpt lat="25.27762" lon="121.51958">
<ele>42</ele>
<time>2025-09-09T06:02:22Z</time>
</trkpt>
<trkpt lat="25.277567" lon="121.51954">
<ele>42</ele>
<time>2025-09-09T06:02:32Z</time>
</trkpt>
<trkpt lat="25.277523" lon="121.519516">
<ele>42</ele>
<time>2025-09-09T06:02:37Z</time>
</trkpt>
<trkpt lat="25.277435" lon="121.51947">
<ele>42</ele>
<time>2025-09-09T06:02:47Z</time>
</trkpt>
<trkpt lat="25.277365" lon="121.51936">
<ele>42</ele>
<time>2025-09-09T06:04:07Z</time>
</trkpt>
<trkpt lat="25.277369" lon="121.51931">
<ele>43</ele>
<time>2025-09-09T06:04:32Z</time>
</trkpt>
<trkpt lat="25.27729" lon="121.51926">
<ele>43</ele>
<time>2025-09-09T06:04:52Z</time>
</trkpt>
<trkpt lat="25.277246" lon="121.51922">
<ele>43</ele>
<time>2025-09-09T06:05:07Z</time>
</trkpt>
<trkpt lat="25.277176" lon="121.51928">
<ele>43</ele>
<time>2025-09-09T06:06:02Z</time>
</trkpt>
<trkpt lat="25.277153" lon="121.51933">
<ele>42</ele>
<time>2025-09-09T06:06:12Z</time>
</trkpt>
<trkpt lat="25.277126" lon="121.51938">
<ele>42</ele>
<time>2025-09-09T06:06:22Z</time>
</trkpt>
<trkpt lat="25.277052" lon="121.51944">
<ele>42</ele>
<time>2025-09-09T06:06:42Z</time>
</trkpt>
<trkpt lat="25.27699" lon="121.51944">
<ele>42</ele>
<time>2025-09-09T06:06:52Z</time>
</trkpt>
<trkpt lat="25.276937" lon="121.51944">
<ele>43</ele>
<time>2025-09-09T06:07:07Z</time>
</trkpt>
<trkpt lat="25.276884" lon="121.519424">
<ele>44</ele>
<time>2025-09-09T06:07:17Z</time>
</trkpt>
<trkpt lat="25.27682" lon="121.51942">
<ele>44</ele>
<time>2025-09-09T06:07:27Z</time>
</trkpt>
<trkpt lat="25.276735" lon="121.51944">
<ele>44</ele>
<time>2025-09-09T06:07:37Z</time>
</trkpt>
<trkpt lat="25.276667" lon="121.51951">
<ele>43</ele>
<time>2025-09-09T06:07:47Z</time>
</trkpt>
<trkpt lat="25.276686" lon="121.519585">
<ele>42</ele>
<time>2025-09-09T06:07:57Z</time>
</trkpt>
<trkpt lat="25.276627" lon="121.51965">
<ele>43</ele>
<time>2025-09-09T06:08:12Z</time>
</trkpt>
<trkpt lat="25.27656" lon="121.519684">
<ele>43</ele>
<time>2025-09-09T06:08:22Z</time>
</trkpt>
<trkpt lat="25.276533" lon="121.51972">
<ele>43</ele>
<time>2025-09-09T06:08:27Z</time>
</trkpt>
<trkpt lat="25.276472" lon="121.51978">
<ele>46</ele>
<time>2025-09-09T06:08:37Z</time>
</trkpt>
<trkpt lat="25.27642" lon="121.5198">
<ele>47</ele>
<time>2025-09-09T06:08:47Z</time>
</trkpt>
<trkpt lat="25.27637" lon="121.519844">
<ele>48</ele>
<time>2025-09-09T06:08:57Z</time>
</trkpt>
<trkpt lat="25.276318" lon="121.51989">
<ele>49</ele>
<time>2025-09-09T06:09:07Z</time>
</trkpt>
<trkpt lat="25.276276" lon="121.519936">
<ele>49</ele>
<time>2025-09-09T06:09:17Z</time>
</trkpt>
<trkpt lat="25.276213" lon="121.51997">
<ele>49</ele>
<time>2025-09-09T06:09:27Z</time>
</trkpt>
<trkpt lat="25.276106" lon="121.52003">
<ele>50</ele>
<time>2025-09-09T06:09:57Z</time>
</trkpt>
<trkpt lat="25.276047" lon="121.52012">
<ele>52</ele>
<time>2025-09-09T06:10:47Z</time>
</trkpt>
<trkpt lat="25.276012" lon="121.520195">
<ele>54</ele>
<time>2025-09-09T06:12:57Z</time>
</trkpt>
<trkpt lat="25.275982" lon="121.52031">
<ele>56</ele>
<time>2025-09-09T06:13:42Z</time>
</trkpt>
<trkpt lat="25.276007" lon="121.52042">
<ele>59</ele>
<time>2025-09-09T06:14:17Z</time>
</trkpt>
<trkpt lat="25.275955" lon="121.520485">
<ele>60</ele>
<time>2025-09-09T06:14:42Z</time>
</trkpt>
<trkpt lat="25.27588" lon="121.52048">
<ele>59</ele>
<time>2025-09-09T06:14:52Z</time>
</trkpt>
<trkpt lat="25.275888" lon="121.520424">
<ele>58</ele>
<time>2025-09-09T06:15:42Z</time>
</trkpt>
<trkpt lat="25.275866" lon="121.520355">
<ele>57</ele>
<time>2025-09-09T06:15:52Z</time>
</trkpt>
<trkpt lat="25.27581" lon="121.52031">
<ele>55</ele>
<time>2025-09-09T06:16:02Z</time>
</trkpt>
<trkpt lat="25.275723" lon="121.52024">
<ele>53</ele>
<time>2025-09-09T06:16:12Z</time>
</trkpt>
<trkpt lat="25.27563" lon="121.52017">
<ele>52</ele>
<time>2025-09-09T06:16:22Z</time>
</trkpt>
<trkpt lat="25.2756" lon="121.52013">
<ele>52</ele>
<time>2025-09-09T06:16:27Z</time>
</trkpt>
<trkpt lat="25.275558" lon="121.52009">
<ele>52</ele>
<time>2025-09-09T06:16:37Z</time>
</trkpt>
<trkpt lat="25.275469" lon="121.5201">
<ele>51</ele>
<time>2025-09-09T06:16:47Z</time>
</trkpt>
<trkpt lat="25.275393" lon="121.52016">
<ele>51</ele>
<time>2025-09-09T06:16:57Z</time>
</trkpt>
<trkpt lat="25.275301" lon="121.52023">
<ele>49</ele>
<time>2025-09-09T06:17:07Z</time>
</trkpt>
<trkpt lat="25.27518" lon="121.52028">
<ele>49</ele>
<time>2025-09-09T06:17:17Z</time>
</trkpt>
<trkpt lat="25.275085" lon="121.52028">
<ele>49</ele>
<time>2025-09-09T06:17:27Z</time>
</trkpt>
<trkpt lat="25.275034" lon="121.52028">
<ele>50</ele>
<time>2025-09-09T06:17:32Z</time>
</trkpt>
<trkpt lat="25.274982" lon="121.52029">
<ele>50</ele>
<time>2025-09-09T06:17:38Z</time>
</trkpt>
<trkpt lat="25.274883" lon="121.520294">
<ele>51</ele>
<time>2025-09-09T06:17:47Z</time>
</trkpt>
<trkpt lat="25.27483" lon="121.520294">
<ele>51</ele>
<time>2025-09-09T06:17:52Z</time>
</trkpt>
<trkpt lat="25.274723" lon="121.5203">
<ele>51</ele>
<time>2025-09-09T06:18:02Z</time>
</trkpt>
<trkpt lat="25.274654" lon="121.52032">
<ele>52</ele>
<time>2025-09-09T06:18:12Z</time>
</trkpt>
<trkpt lat="25.274586" lon="121.52035">
<ele>52</ele>
<time>2025-09-09T06:18:22Z</time>
</trkpt>
<trkpt lat="25.27452" lon="121.52037">
<ele>52</ele>
<time>2025-09-09T06:18:32Z</time>
</trkpt>
<trkpt lat="25.274471" lon="121.52041">
<ele>52</ele>
<time>2025-09-09T06:18:42Z</time>
</trkpt>
<trkpt lat="25.274395" lon="121.52043">
<ele>53</ele>
<time>2025-09-09T06:18:52Z</time>
</trkpt>
<trkpt lat="25.274456" lon="121.520355">
<ele>52</ele>
<time>2025-09-09T06:20:57Z</time>
</trkpt>
<trkpt lat="25.274504" lon="121.52035">
<ele>52</ele>
<time>2025-09-09T06:21:07Z</time>
</trkpt>
<trkpt lat="25.274542" lon="121.52032">
<ele>52</ele>
<time>2025-09-09T06:21:37Z</time>
</trkpt>
<trkpt lat="25.274635" lon="121.52031">
<ele>52</ele>
<time>2025-09-09T06:21:47Z</time>
</trkpt>
<trkpt lat="25.274733" lon="121.5203">
<ele>51</ele>
<time>2025-09-09T06:21:57Z</time>
</trkpt>
<trkpt lat="25.274807" lon="121.520294">
<ele>51</ele>
<time>2025-09-09T06:22:07Z</time>
</trkpt>
<trkpt lat="25.27489" lon="121.52028">
<ele>50</ele>
<time>2025-09-09T06:22:17Z</time>
</trkpt>
<trkpt lat="25.274992" lon="121.52027">
<ele>50</ele>
<time>2025-09-09T06:22:27Z</time>
</trkpt>
<trkpt lat="25.27505" lon="121.52027">
<ele>50</ele>
<time>2025-09-09T06:22:32Z</time>
</trkpt>
<trkpt lat="25.275143" lon="121.520256">
<ele>49</ele>
<time>2025-09-09T06:22:43Z</time>
</trkpt>
<trkpt lat="25.275208" lon="121.52023">
<ele>49</ele>
<time>2025-09-09T06:22:52Z</time>
</trkpt>
<trkpt lat="25.2753" lon="121.52022">
<ele>49</ele>
<time>2025-09-09T06:23:17Z</time>
</trkpt>
<trkpt lat="25.275372" lon="121.52018">
<ele>50</ele>
<time>2025-09-09T06:23:27Z</time>
</trkpt>
<trkpt lat="25.275448" lon="121.52011">
<ele>51</ele>
<time>2025-09-09T06:23:37Z</time>
</trkpt>
<trkpt lat="25.275496" lon="121.52007">
<ele>52</ele>
<time>2025-09-09T06:23:42Z</time>
</trkpt>
<trkpt lat="25.275537" lon="121.52002">
<ele>52</ele>
<time>2025-09-09T06:23:52Z</time>
</trkpt>
<trkpt lat="25.275513" lon="121.51994">
<ele>53</ele>
<time>2025-09-09T06:24:02Z</time>
</trkpt>
<trkpt lat="25.275505" lon="121.51989">
<ele>54</ele>
<time>2025-09-09T06:24:07Z</time>
</trkpt>
<trkpt lat="25.27555" lon="121.51981">
<ele>55</ele>
<time>2025-09-09T06:24:17Z</time>
</trkpt>
<trkpt lat="25.275566" lon="121.51972">
<ele>56</ele>
<time>2025-09-09T06:24:27Z</time>
</trkpt>
<trkpt lat="25.275501" lon="121.51965">
<ele>57</ele>
<time>2025-09-09T06:25:22Z</time>
</trkpt>
<trkpt lat="25.275494" lon="121.51958">
<ele>57</ele>
<time>2025-09-09T06:25:32Z</time>
</trkpt>
<trkpt lat="25.275496" lon="121.51946">
<ele>58</ele>
<time>2025-09-09T06:25:42Z</time>
</trkpt>
<trkpt lat="25.275494" lon="121.51936">
<ele>58</ele>
<time>2025-09-09T06:25:52Z</time>
</trkpt>
<trkpt lat="25.27547" lon="121.51927">
<ele>58</ele>
<time>2025-09-09T06:26:02Z</time>
</trkpt>
<trkpt lat="25.275465" lon="121.51922">
<ele>59</ele>
<time>2025-09-09T06:26:07Z</time>
</trkpt>
<trkpt lat="25.275497" lon="121.51915">
<ele>58</ele>
<time>2025-09-09T06:26:17Z</time>
</trkpt>
<trkpt lat="25.275501" lon="121.5191">
<ele>58</ele>
<time>2025-09-09T06:26:22Z</time>
</trkpt>
<trkpt lat="25.27551" lon="121.519">
<ele>58</ele>
<time>2025-09-09T06:26:32Z</time>
</trkpt>
<trkpt lat="25.275492" lon="121.518906">
<ele>58</ele>
<time>2025-09-09T06:26:42Z</time>
</trkpt>
<trkpt lat="25.275518" lon="121.51886">
<ele>58</ele>
<time>2025-09-09T06:26:47Z</time>
</trkpt>
<trkpt lat="25.275564" lon="121.51888">
<ele>58</ele>
<time>2025-09-09T06:26:57Z</time>
</trkpt>
<trkpt lat="25.27564" lon="121.5189">
<ele>58</ele>
<time>2025-09-09T06:27:17Z</time>
</trkpt>
<trkpt lat="25.275732" lon="121.51889">
<ele>57</ele>
<time>2025-09-09T06:27:52Z</time>
</trkpt>
<trkpt lat="25.275803" lon="121.51897">
<ele>57</ele>
<time>2025-09-09T06:28:22Z</time>
</trkpt>
<trkpt lat="25.275866" lon="121.51906">
<ele>57</ele>
<time>2025-09-09T06:29:12Z</time>
</trkpt>
<trkpt lat="25.275911" lon="121.518974">
<ele>57</ele>
<time>2025-09-09T06:30:53Z</time>
</trkpt>
<trkpt lat="25.276012" lon="121.518936">
<ele>57</ele>
<time>2025-09-09T06:31:47Z</time>
</trkpt>
<trkpt lat="25.276066" lon="121.51885">
<ele>56</ele>
<time>2025-09-09T06:32:17Z</time>
</trkpt>
<trkpt lat="25.27617" lon="121.518776">
<ele>56</ele>
<time>2025-09-09T06:32:42Z</time>
</trkpt>
<trkpt lat="25.276213" lon="121.51873">
<ele>55</ele>
<time>2025-09-09T06:32:53Z</time>
</trkpt>
<trkpt lat="25.276237" lon="121.51863">
<ele>55</ele>
<time>2025-09-09T06:33:12Z</time>
</trkpt>
<trkpt lat="25.27633" lon="121.51855">
<ele>54</ele>
<time>2025-09-09T06:33:38Z</time>
</trkpt>
<trkpt lat="25.276396" lon="121.518555">
<ele>54</ele>
<time>2025-09-09T06:33:48Z</time>
</trkpt>
<trkpt lat="25.27652" lon="121.51855">
<ele>54</ele>
<time>2025-09-09T06:34:33Z</time>
</trkpt>
<trkpt lat="25.276602" lon="121.51859">
<ele>53</ele>
<time>2025-09-09T06:35:18Z</time>
</trkpt>
<trkpt lat="25.276709" lon="121.518616">
<ele>53</ele>
<time>2025-09-09T06:36:18Z</time>
</trkpt>
<trkpt lat="25.276754" lon="121.51861">
<ele>53</ele>
<time>2025-09-09T06:36:28Z</time>
</trkpt>
<trkpt lat="25.276817" lon="121.51859">
<ele>52</ele>
<time>2025-09-09T06:36:38Z</time>
</trkpt>
<trkpt lat="25.276863" lon="121.51857">
<ele>52</ele>
<time>2025-09-09T06:36:48Z</time>
</trkpt>
<trkpt lat="25.27692" lon="121.518585">
<ele>52</ele>
<time>2025-09-09T06:36:57Z</time>
</trkpt>
<trkpt lat="25.27696" lon="121.518616">
<ele>52</ele>
<time>2025-09-09T06:37:08Z</time>
</trkpt>
<trkpt lat="25.277044" lon="121.51866">
<ele>52</ele>
<time>2025-09-09T06:37:52Z</time>
</trkpt>
<trkpt lat="25.277102" lon="121.51869">
<ele>51</ele>
<time>2025-09-09T06:38:07Z</time>
</trkpt>
<trkpt lat="25.2772" lon="121.518715">
<ele>51</ele>
<time>2025-09-09T06:38:58Z</time>
</trkpt>
<trkpt lat="25.277174" lon="121.51864">
<ele>52</ele>
<time>2025-09-09T06:40:38Z</time>
</trkpt>
<trkpt lat="25.277163" lon="121.51858">
<ele>52</ele>
<time>2025-09-09T06:40:48Z</time>
</trkpt>
<trkpt lat="25.277185" lon="121.51849">
<ele>52</ele>
<time>2025-09-09T06:40:58Z</time>
</trkpt>
<trkpt lat="25.277214" lon="121.51845">
<ele>51</ele>
<time>2025-09-09T06:41:03Z</time>
</trkpt>
<trkpt lat="25.277266" lon="121.51839">
<ele>51</ele>
<time>2025-09-09T06:41:12Z</time>
</trkpt>
<trkpt lat="25.27735" lon="121.51838">
<ele>51</ele>
<time>2025-09-09T06:41:23Z</time>
</trkpt>
<trkpt lat="25.277401" lon="121.51839">
<ele>51</ele>
<time>2025-09-09T06:41:33Z</time>
</trkpt>
<trkpt lat="25.277452" lon="121.51837">
<ele>51</ele>
<time>2025-09-09T06:41:38Z</time>
</trkpt>
<trkpt lat="25.277546" lon="121.51833">
<ele>50</ele>
<time>2025-09-09T06:41:47Z</time>
</trkpt>
<trkpt lat="25.277609" lon="121.518295">
<ele>49</ele>
<time>2025-09-09T06:41:57Z</time>
</trkpt>
<trkpt lat="25.277645" lon="121.51834">
<ele>49</ele>
<time>2025-09-09T06:42:32Z</time>
</trkpt>
<trkpt lat="25.277704" lon="121.518295">
<ele>48</ele>
<time>2025-09-09T06:42:43Z</time>
</trkpt>
<trkpt lat="25.277748" lon="121.51828">
<ele>48</ele>
<time>2025-09-09T06:42:52Z</time>
</trkpt>
<trkpt lat="25.27779" lon="121.51821">
<ele>47</ele>
<time>2025-09-09T06:43:07Z</time>
</trkpt>
<trkpt lat="25.277752" lon="121.51815">
<ele>46</ele>
<time>2025-09-09T06:43:18Z</time>
</trkpt>
<trkpt lat="25.277822" lon="121.518166">
<ele>46</ele>
<time>2025-09-09T06:43:27Z</time>
</trkpt>
<trkpt lat="25.277887" lon="121.51823">
<ele>46</ele>
<time>2025-09-09T06:43:38Z</time>
</trkpt>
<trkpt lat="25.277927" lon="121.518196">
<ele>45</ele>
<time>2025-09-09T06:45:02Z</time>
</trkpt>
<trkpt lat="25.277971" lon="121.518265">
<ele>45</ele>
<time>2025-09-09T06:51:42Z</time>
</trkpt>
</trkseg>
</trk>
<trk>
<name><![CDATA[2025-09-09_09.57.56]]></name>
<extensions>
<gpxx:TrackExtension>
<gpxx:DisplayColor>Red</gpxx:DisplayColor>
</gpxx:TrackExtension>
</extensions>
<trkseg>
<trkpt lat="25.277844" lon="121.518221">
<ele>54.8</ele>
<time>2025-09-09T01:57:57Z</time>
</trkpt>
<trkpt lat="25.277885" lon="121.518246">
<ele>51.4</ele>
<time>2025-09-09T01:59:23Z</time>
</trkpt>
<trkpt lat="25.277908" lon="121.518291">
<ele>51</ele>
<time>2025-09-09T01:59:30Z</time>
</trkpt>
<trkpt lat="25.27794" lon="121.518334">
<ele>50.1</ele>
<time>2025-09-09T01:59:40Z</time>
</trkpt>
<trkpt lat="25.277971" lon="121.518378">
<ele>49.2</ele>
<time>2025-09-09T01:59:46Z</time>
</trkpt>
<trkpt lat="25.278" lon="121.518426">
<ele>48.5</ele>
<time>2025-09-09T01:59:52Z</time>
</trkpt>
<trkpt lat="25.27803" lon="121.518473">
<ele>48.5</ele>
<time>2025-09-09T01:59:57Z</time>
</trkpt>
<trkpt lat="25.278032" lon="121.51853">
<ele>49.6</ele>
<time>2025-09-09T02:00:04Z</time>
</trkpt>
<trkpt lat="25.278037" lon="121.518587">
<ele>49.6</ele>
<time>2025-09-09T02:00:10Z</time>
</trkpt>
<trkpt lat="25.278045" lon="121.51864">
<ele>49.5</ele>
<time>2025-09-09T02:00:15Z</time>
</trkpt>
<trkpt lat="25.278073" lon="121.518696">
<ele>50.1</ele>
<time>2025-09-09T02:00:25Z</time>
</trkpt>
<trkpt lat="25.278078" lon="121.518752">
<ele>52</ele>
<time>2025-09-09T02:00:30Z</time>
</trkpt>
<trkpt lat="25.27807" lon="121.518803">
<ele>50.3</ele>
<time>2025-09-09T02:00:36Z</time>
</trkpt>
<trkpt lat="25.278066" lon="121.518859">
<ele>50.6</ele>
<time>2025-09-09T02:00:43Z</time>
</trkpt>
<trkpt lat="25.278058" lon="121.518929">
<ele>50.6</ele>
<time>2025-09-09T02:00:49Z</time>
</trkpt>
<trkpt lat="25.278053" lon="121.518872">
<ele>51.4</ele>
<time>2025-09-09T02:01:04Z</time>
</trkpt>
<trkpt lat="25.278085" lon="121.518917">
<ele>54.6</ele>
<time>2025-09-09T02:01:26Z</time>
</trkpt>
<trkpt lat="25.278025" lon="121.51897">
<ele>52.4</ele>
<time>2025-09-09T02:01:32Z</time>
</trkpt>
<trkpt lat="25.27801" lon="121.519048">
<ele>52.5</ele>
<time>2025-09-09T02:01:38Z</time>
</trkpt>
<trkpt lat="25.277986" lon="121.519094">
<ele>52.6</ele>
<time>2025-09-09T02:01:43Z</time>
</trkpt>
<trkpt lat="25.277959" lon="121.519157">
<ele>53.5</ele>
<time>2025-09-09T02:01:50Z</time>
</trkpt>
<trkpt lat="25.277942" lon="121.519239">
<ele>53.3</ele>
<time>2025-09-09T02:01:58Z</time>
</trkpt>
<trkpt lat="25.277928" lon="121.519289">
<ele>53.8</ele>
<time>2025-09-09T02:02:12Z</time>
</trkpt>
<trkpt lat="25.277909" lon="121.519343">
<ele>53.9</ele>
<time>2025-09-09T02:02:18Z</time>
</trkpt>
<trkpt lat="25.277921" lon="121.519408">
<ele>53.5</ele>
<time>2025-09-09T02:02:23Z</time>
</trkpt>
<trkpt lat="25.277892" lon="121.51945">
<ele>53</ele>
<time>2025-09-09T02:02:28Z</time>
</trkpt>
<trkpt lat="25.277886" lon="121.519507">
<ele>52.1</ele>
<time>2025-09-09T02:02:36Z</time>
</trkpt>
<trkpt lat="25.27788" lon="121.519559">
<ele>51.4</ele>
<time>2025-09-09T02:02:41Z</time>
</trkpt>
<trkpt lat="25.277872" lon="121.519616">
<ele>50.2</ele>
<time>2025-09-09T02:02:46Z</time>
</trkpt>
<trkpt lat="25.277874" lon="121.519676">
<ele>49.9</ele>
<time>2025-09-09T02:02:52Z</time>
</trkpt>
<trkpt lat="25.277884" lon="121.519725">
<ele>48.9</ele>
<time>2025-09-09T02:02:57Z</time>
</trkpt>
<trkpt lat="25.277899" lon="121.519778">
<ele>47.6</ele>
<time>2025-09-09T02:03:03Z</time>
</trkpt>
<trkpt lat="25.277919" lon="121.519837">
<ele>47.9</ele>
<time>2025-09-09T02:03:08Z</time>
</trkpt>
<trkpt lat="25.277948" lon="121.519884">
<ele>46.5</ele>
<time>2025-09-09T02:03:13Z</time>
</trkpt>
<trkpt lat="25.277967" lon="121.519934">
<ele>46.3</ele>
<time>2025-09-09T02:03:19Z</time>
</trkpt>
<trkpt lat="25.27792" lon="121.519932">
<ele>47.9</ele>
<time>2025-09-09T02:03:38Z</time>
</trkpt>
<trkpt lat="25.277861" lon="121.519908">
<ele>45.2</ele>
<time>2025-09-09T02:03:52Z</time>
</trkpt>
<trkpt lat="25.277847" lon="121.519857">
<ele>45.1</ele>
<time>2025-09-09T02:04:07Z</time>
</trkpt>
<trkpt lat="25.277821" lon="121.51981">
<ele>45.9</ele>
<time>2025-09-09T02:04:15Z</time>
</trkpt>
<trkpt lat="25.277786" lon="121.519773">
<ele>43.8</ele>
<time>2025-09-09T02:04:27Z</time>
</trkpt>
<trkpt lat="25.277824" lon="121.519806">
<ele>46.7</ele>
<time>2025-09-09T02:07:59Z</time>
</trkpt>
<trkpt lat="25.277861" lon="121.519859">
<ele>45.9</ele>
<time>2025-09-09T02:08:08Z</time>
</trkpt>
<trkpt lat="25.277861" lon="121.519927">
<ele>46.1</ele>
<time>2025-09-09T02:08:13Z</time>
</trkpt>
<trkpt lat="25.277907" lon="121.519969">
<ele>45.5</ele>
<time>2025-09-09T02:08:19Z</time>
</trkpt>
<trkpt lat="25.277963" lon="121.519893">
<ele>45.3</ele>
<time>2025-09-09T02:08:24Z</time>
</trkpt>
<trkpt lat="25.278008" lon="121.519878">
<ele>43.8</ele>
<time>2025-09-09T02:08:39Z</time>
</trkpt>
<trkpt lat="25.278047" lon="121.519913">
<ele>43.1</ele>
<time>2025-09-09T02:08:44Z</time>
</trkpt>
<trkpt lat="25.278111" lon="121.519896">
<ele>44.2</ele>
<time>2025-09-09T02:08:49Z</time>
</trkpt>
<trkpt lat="25.278114" lon="121.519954">
<ele>44.3</ele>
<time>2025-09-09T02:08:56Z</time>
</trkpt>
<trkpt lat="25.278158" lon="121.519983">
<ele>44</ele>
<time>2025-09-09T02:09:02Z</time>
</trkpt>
<trkpt lat="25.278202" lon="121.519998">
<ele>42.4</ele>
<time>2025-09-09T02:09:11Z</time>
</trkpt>
<trkpt lat="25.278238" lon="121.520043">
<ele>41.1</ele>
<time>2025-09-09T02:09:16Z</time>
</trkpt>
<trkpt lat="25.27829" lon="121.520028">
<ele>41.4</ele>
<time>2025-09-09T02:09:21Z</time>
</trkpt>
<trkpt lat="25.278331" lon="121.52005">
<ele>41.9</ele>
<time>2025-09-09T02:09:27Z</time>
</trkpt>
<trkpt lat="25.278381" lon="121.520047">
<ele>41.5</ele>
<time>2025-09-09T02:09:33Z</time>
</trkpt>
<trkpt lat="25.278429" lon="121.520044">
<ele>41.6</ele>
<time>2025-09-09T02:09:52Z</time>
</trkpt>
<trkpt lat="25.278482" lon="121.520022">
<ele>41.5</ele>
<time>2025-09-09T02:10:05Z</time>
</trkpt>
<trkpt lat="25.278535" lon="121.520015">
<ele>40</ele>
<time>2025-09-09T02:10:11Z</time>
</trkpt>
<trkpt lat="25.278581" lon="121.519972">
<ele>39.8</ele>
<time>2025-09-09T02:10:17Z</time>
</trkpt>
<trkpt lat="25.278638" lon="121.519978">
<ele>39.5</ele>
<time>2025-09-09T02:10:25Z</time>
</trkpt>
<trkpt lat="25.278687" lon="121.51999">
<ele>39.1</ele>
<time>2025-09-09T02:10:31Z</time>
</trkpt>
<trkpt lat="25.278735" lon="121.519979">
<ele>38.9</ele>
<time>2025-09-09T02:10:38Z</time>
</trkpt>
<trkpt lat="25.278784" lon="121.519975">
<ele>39.2</ele>
<time>2025-09-09T02:10:46Z</time>
</trkpt>
<trkpt lat="25.27883" lon="121.519959">
<ele>38.4</ele>
<time>2025-09-09T02:10:52Z</time>
</trkpt>
<trkpt lat="25.278876" lon="121.519947">
<ele>38.5</ele>
<time>2025-09-09T02:10:58Z</time>
</trkpt>
<trkpt lat="25.278931" lon="121.519926">
<ele>38.4</ele>
<time>2025-09-09T02:11:04Z</time>
</trkpt>
<trkpt lat="25.278983" lon="121.519925">
<ele>38.4</ele>
<time>2025-09-09T02:11:10Z</time>
</trkpt>
<trkpt lat="25.27903" lon="121.51992">
<ele>38.3</ele>
<time>2025-09-09T02:11:16Z</time>
</trkpt>
<trkpt lat="25.279079" lon="121.51991">
<ele>38.6</ele>
<time>2025-09-09T02:11:23Z</time>
</trkpt>
<trkpt lat="25.279123" lon="121.519892">
<ele>38</ele>
<time>2025-09-09T02:11:32Z</time>
</trkpt>
<trkpt lat="25.279169" lon="121.519877">
<ele>36.9</ele>
<time>2025-09-09T02:11:38Z</time>
</trkpt>
<trkpt lat="25.279216" lon="121.519889">
<ele>38</ele>
<time>2025-09-09T02:11:43Z</time>
</trkpt>
<trkpt lat="25.279242" lon="121.519938">
<ele>35.1</ele>
<time>2025-09-09T02:11:51Z</time>
</trkpt>
<trkpt lat="25.279267" lon="121.519988">
<ele>34.5</ele>
<time>2025-09-09T02:11:57Z</time>
</trkpt>
<trkpt lat="25.279289" lon="121.520036">
<ele>33.6</ele>
<time>2025-09-09T02:12:15Z</time>
</trkpt>
<trkpt lat="25.279289" lon="121.520091">
<ele>36.2</ele>
<time>2025-09-09T02:12:27Z</time>
</trkpt>
<trkpt lat="25.279304" lon="121.52016">
<ele>36.5</ele>
<time>2025-09-09T02:12:33Z</time>
</trkpt>
<trkpt lat="25.279349" lon="121.520183">
<ele>35.6</ele>
<time>2025-09-09T02:12:42Z</time>
</trkpt>
<trkpt lat="25.279394" lon="121.520198">
<ele>36.2</ele>
<time>2025-09-09T02:12:50Z</time>
</trkpt>
<trkpt lat="25.279445" lon="121.520199">
<ele>37</ele>
<time>2025-09-09T02:12:57Z</time>
</trkpt>
<trkpt lat="25.279491" lon="121.520217">
<ele>36.9</ele>
<time>2025-09-09T02:13:09Z</time>
</trkpt>
<trkpt lat="25.279541" lon="121.520223">
<ele>37.2</ele>
<time>2025-09-09T02:13:20Z</time>
</trkpt>
<trkpt lat="25.27958" lon="121.52026">
<ele>37.2</ele>
<time>2025-09-09T02:13:31Z</time>
</trkpt>
<trkpt lat="25.279616" lon="121.5203">
<ele>38.1</ele>
<time>2025-09-09T02:13:39Z</time>
</trkpt>
<trkpt lat="25.279662" lon="121.520295">
<ele>39.9</ele>
<time>2025-09-09T02:13:46Z</time>
</trkpt>
<trkpt lat="25.279699" lon="121.520327">
<ele>40.4</ele>
<time>2025-09-09T02:14:00Z</time>
</trkpt>
<trkpt lat="25.27973" lon="121.520373">
<ele>40.9</ele>
<time>2025-09-09T02:14:08Z</time>
</trkpt>
<trkpt lat="25.279753" lon="121.520416">
<ele>41.2</ele>
<time>2025-09-09T02:14:26Z</time>
</trkpt>
<trkpt lat="25.279736" lon="121.520468">
<ele>41.9</ele>
<time>2025-09-09T02:14:33Z</time>
</trkpt>
<trkpt lat="25.279713" lon="121.520514">
<ele>43.3</ele>
<time>2025-09-09T02:14:40Z</time>
</trkpt>
<trkpt lat="25.279737" lon="121.52056">
<ele>45.5</ele>
<time>2025-09-09T02:14:50Z</time>
</trkpt>
<trkpt lat="25.279774" lon="121.520601">
<ele>48.3</ele>
<time>2025-09-09T02:15:01Z</time>
</trkpt>
<trkpt lat="25.279816" lon="121.520642">
<ele>52.6</ele>
<time>2025-09-09T02:15:27Z</time>
</trkpt>
<trkpt lat="25.279819" lon="121.5207">
<ele>54.6</ele>
<time>2025-09-09T02:15:39Z</time>
</trkpt>
<trkpt lat="25.279827" lon="121.520749">
<ele>54.2</ele>
<time>2025-09-09T02:15:51Z</time>
</trkpt>
<trkpt lat="25.279811" lon="121.5208">
<ele>55.2</ele>
<time>2025-09-09T02:16:05Z</time>
</trkpt>
<trkpt lat="25.279834" lon="121.520755">
<ele>54.4</ele>
<time>2025-09-09T02:16:33Z</time>
</trkpt>
<trkpt lat="25.279824" lon="121.5207">
<ele>53.3</ele>
<time>2025-09-09T02:16:53Z</time>
</trkpt>
<trkpt lat="25.279791" lon="121.520663">
<ele>52</ele>
<time>2025-09-09T02:17:11Z</time>
</trkpt>
<trkpt lat="25.279797" lon="121.520611">
<ele>51.6</ele>
<time>2025-09-09T02:17:16Z</time>
</trkpt>
<trkpt lat="25.279756" lon="121.520588">
<ele>51</ele>
<time>2025-09-09T02:17:24Z</time>
</trkpt>
<trkpt lat="25.279758" lon="121.520537">
<ele>49.7</ele>
<time>2025-09-09T02:17:30Z</time>
</trkpt>
<trkpt lat="25.279751" lon="121.520474">
<ele>47.1</ele>
<time>2025-09-09T02:17:41Z</time>
</trkpt>
<trkpt lat="25.279783" lon="121.520434">
<ele>45.7</ele>
<time>2025-09-09T02:17:47Z</time>
</trkpt>
<trkpt lat="25.279844" lon="121.520429">
<ele>45</ele>
<time>2025-09-09T02:17:53Z</time>
</trkpt>
<trkpt lat="25.279896" lon="121.520428">
<ele>45.2</ele>
<time>2025-09-09T02:17:58Z</time>
</trkpt>
<trkpt lat="25.279933" lon="121.520394">
<ele>45.2</ele>
<time>2025-09-09T02:18:03Z</time>
</trkpt>
<trkpt lat="25.279978" lon="121.520372">
<ele>45.5</ele>
<time>2025-09-09T02:18:08Z</time>
</trkpt>
<trkpt lat="25.280017" lon="121.520335">
<ele>46.1</ele>
<time>2025-09-09T02:18:13Z</time>
</trkpt>
<trkpt lat="25.280063" lon="121.520331">
<ele>45.5</ele>
<time>2025-09-09T02:18:18Z</time>
</trkpt>
<trkpt lat="25.28011" lon="121.520304">
<ele>44.8</ele>
<time>2025-09-09T02:18:23Z</time>
</trkpt>
<trkpt lat="25.280155" lon="121.520279">
<ele>45.3</ele>
<time>2025-09-09T02:18:28Z</time>
</trkpt>
<trkpt lat="25.280218" lon="121.520293">
<ele>44.4</ele>
<time>2025-09-09T02:18:34Z</time>
</trkpt>
<trkpt lat="25.28027" lon="121.520343">
<ele>46.3</ele>
<time>2025-09-09T02:18:40Z</time>
</trkpt>
<trkpt lat="25.280304" lon="121.520403">
<ele>45.5</ele>
<time>2025-09-09T02:18:46Z</time>
</trkpt>
<trkpt lat="25.280341" lon="121.520446">
<ele>45.6</ele>
<time>2025-09-09T02:18:52Z</time>
</trkpt>
<trkpt lat="25.280371" lon="121.520483">
<ele>44.7</ele>
<time>2025-09-09T02:18:59Z</time>
</trkpt>
<trkpt lat="25.280399" lon="121.520525">
<ele>44.1</ele>
<time>2025-09-09T02:19:14Z</time>
</trkpt>
<trkpt lat="25.280442" lon="121.520554">
<ele>43.8</ele>
<time>2025-09-09T02:19:19Z</time>
</trkpt>
<trkpt lat="25.280482" lon="121.520582">
<ele>44.1</ele>
<time>2025-09-09T02:19:24Z</time>
</trkpt>
<trkpt lat="25.280517" lon="121.520639">
<ele>42.3</ele>
<time>2025-09-09T02:19:31Z</time>
</trkpt>
<trkpt lat="25.280533" lon="121.520693">
<ele>42.9</ele>
<time>2025-09-09T02:19:36Z</time>
</trkpt>
<trkpt lat="25.28055" lon="121.520751">
<ele>43.3</ele>
<time>2025-09-09T02:19:42Z</time>
</trkpt>
<trkpt lat="25.28057" lon="121.520795">
<ele>44</ele>
<time>2025-09-09T02:19:47Z</time>
</trkpt>
<trkpt lat="25.280584" lon="121.520853">
<ele>45</ele>
<time>2025-09-09T02:19:52Z</time>
</trkpt>
<trkpt lat="25.280609" lon="121.5209">
<ele>44.4</ele>
<time>2025-09-09T02:19:59Z</time>
</trkpt>
<trkpt lat="25.280638" lon="121.52095">
<ele>43.2</ele>
<time>2025-09-09T02:20:14Z</time>
</trkpt>
<trkpt lat="25.280659" lon="121.520995">
<ele>45.7</ele>
<time>2025-09-09T02:20:23Z</time>
</trkpt>
<trkpt lat="25.280693" lon="121.521042">
<ele>45.2</ele>
<time>2025-09-09T02:20:34Z</time>
</trkpt>
<trkpt lat="25.280653" lon="121.521012">
<ele>45.6</ele>
<time>2025-09-09T02:20:51Z</time>
</trkpt>
<trkpt lat="25.280615" lon="121.520979">
<ele>45.9</ele>
<time>2025-09-09T02:20:58Z</time>
</trkpt>
<trkpt lat="25.280564" lon="121.520949">
<ele>47.5</ele>
<time>2025-09-09T02:21:04Z</time>
</trkpt>
<trkpt lat="25.280536" lon="121.520909">
<ele>48.6</ele>
<time>2025-09-09T02:21:12Z</time>
</trkpt>
<trkpt lat="25.280498" lon="121.520875">
<ele>51.3</ele>
<time>2025-09-09T02:21:25Z</time>
</trkpt>
<trkpt lat="25.280479" lon="121.520824">
<ele>52</ele>
<time>2025-09-09T02:21:31Z</time>
</trkpt>
<trkpt lat="25.280431" lon="121.520844">
<ele>52.2</ele>
<time>2025-09-09T02:21:41Z</time>
</trkpt>
<trkpt lat="25.280406" lon="121.520904">
<ele>54.8</ele>
<time>2025-09-09T02:21:56Z</time>
</trkpt>
<trkpt lat="25.280393" lon="121.520957">
<ele>55.4</ele>
<time>2025-09-09T02:22:02Z</time>
</trkpt>
<trkpt lat="25.280392" lon="121.521008">
<ele>53.8</ele>
<time>2025-09-09T02:22:09Z</time>
</trkpt>
<trkpt lat="25.280357" lon="121.521052">
<ele>54.3</ele>
<time>2025-09-09T02:22:16Z</time>
</trkpt>
<trkpt lat="25.28037" lon="121.5211">
<ele>52.8</ele>
<time>2025-09-09T02:22:23Z</time>
</trkpt>
<trkpt lat="25.280412" lon="121.521133">
<ele>51.7</ele>
<time>2025-09-09T02:22:29Z</time>
</trkpt>
<trkpt lat="25.280451" lon="121.521159">
<ele>49.8</ele>
<time>2025-09-09T02:22:36Z</time>
</trkpt>
<trkpt lat="25.280495" lon="121.521183">
<ele>48.4</ele>
<time>2025-09-09T02:22:41Z</time>
</trkpt>
<trkpt lat="25.280539" lon="121.521196">
<ele>47.9</ele>
<time>2025-09-09T02:22:47Z</time>
</trkpt>
<trkpt lat="25.280594" lon="121.52122">
<ele>46.2</ele>
<time>2025-09-09T02:22:53Z</time>
</trkpt>
<trkpt lat="25.280652" lon="121.521216">
<ele>44.2</ele>
<time>2025-09-09T02:22:59Z</time>
</trkpt>
<trkpt lat="25.280724" lon="121.521171">
<ele>43.5</ele>
<time>2025-09-09T02:23:05Z</time>
</trkpt>
<trkpt lat="25.280726" lon="121.52108">
<ele>43</ele>
<time>2025-09-09T02:23:11Z</time>
</trkpt>
<trkpt lat="25.280768" lon="121.521102">
<ele>39.5</ele>
<time>2025-09-09T02:23:18Z</time>
</trkpt>
<trkpt lat="25.280735" lon="121.521155">
<ele>42.3</ele>
<time>2025-09-09T02:23:36Z</time>
</trkpt>
<trkpt lat="25.280715" lon="121.521212">
<ele>42.1</ele>
<time>2025-09-09T02:23:42Z</time>
</trkpt>
<trkpt lat="25.280697" lon="121.521263">
<ele>41.7</ele>
<time>2025-09-09T02:23:48Z</time>
</trkpt>
<trkpt lat="25.280715" lon="121.521213">
<ele>41.4</ele>
<time>2025-09-09T02:23:56Z</time>
</trkpt>
<trkpt lat="25.28075" lon="121.521181">
<ele>42.8</ele>
<time>2025-09-09T02:24:10Z</time>
</trkpt>
<trkpt lat="25.280713" lon="121.521219">
<ele>43.3</ele>
<time>2025-09-09T02:24:26Z</time>
</trkpt>
<trkpt lat="25.280678" lon="121.521266">
<ele>43.7</ele>
<time>2025-09-09T02:24:34Z</time>
</trkpt>
<trkpt lat="25.280647" lon="121.52131">
<ele>43.1</ele>
<time>2025-09-09T02:24:41Z</time>
</trkpt>
<trkpt lat="25.280603" lon="121.521329">
<ele>42.2</ele>
<time>2025-09-09T02:24:47Z</time>
</trkpt>
<trkpt lat="25.280562" lon="121.521355">
<ele>42.1</ele>
<time>2025-09-09T02:24:53Z</time>
</trkpt>
<trkpt lat="25.280519" lon="121.521376">
<ele>44</ele>
<time>2025-09-09T02:24:59Z</time>
</trkpt>
<trkpt lat="25.280493" lon="121.521419">
<ele>47.6</ele>
<time>2025-09-09T02:25:10Z</time>
</trkpt>
<trkpt lat="25.280542" lon="121.521423">
<ele>46.2</ele>
<time>2025-09-09T02:25:27Z</time>
</trkpt>
<trkpt lat="25.280592" lon="121.521425">
<ele>43.7</ele>
<time>2025-09-09T02:25:37Z</time>
</trkpt>
<trkpt lat="25.280638" lon="121.521451">
<ele>43.1</ele>
<time>2025-09-09T02:25:51Z</time>
</trkpt>
<trkpt lat="25.280587" lon="121.521454">
<ele>43.6</ele>
<time>2025-09-09T02:26:17Z</time>
</trkpt>
<trkpt lat="25.280534" lon="121.521448">
<ele>43.2</ele>
<time>2025-09-09T02:26:26Z</time>
</trkpt>
<trkpt lat="25.280488" lon="121.521436">
<ele>44.6</ele>
<time>2025-09-09T02:26:34Z</time>
</trkpt>
<trkpt lat="25.280443" lon="121.52143">
<ele>46.6</ele>
<time>2025-09-09T02:26:44Z</time>
</trkpt>
<trkpt lat="25.280391" lon="121.521423">
<ele>46.1</ele>
<time>2025-09-09T02:27:05Z</time>
</trkpt>
<trkpt lat="25.280354" lon="121.52146">
<ele>44.1</ele>
<time>2025-09-09T02:27:16Z</time>
</trkpt>
<trkpt lat="25.280324" lon="121.521503">
<ele>43.6</ele>
<time>2025-09-09T02:27:23Z</time>
</trkpt>
<trkpt lat="25.2803" lon="121.521554">
<ele>44.9</ele>
<time>2025-09-09T02:27:35Z</time>
</trkpt>
<trkpt lat="25.280313" lon="121.521492">
<ele>48.8</ele>
<time>2025-09-09T02:28:16Z</time>
</trkpt>
<trkpt lat="25.280359" lon="121.521483">
<ele>41.4</ele>
<time>2025-09-09T02:30:12Z</time>
</trkpt>
<trkpt lat="25.280387" lon="121.52143">
<ele>41.5</ele>
<time>2025-09-09T02:30:18Z</time>
</trkpt>
<trkpt lat="25.280405" lon="121.521368">
<ele>43.2</ele>
<time>2025-09-09T02:30:24Z</time>
</trkpt>
<trkpt lat="25.280451" lon="121.521349">
<ele>44.7</ele>
<time>2025-09-09T02:30:31Z</time>
</trkpt>
<trkpt lat="25.280506" lon="121.521323">
<ele>45.6</ele>
<time>2025-09-09T02:30:37Z</time>
</trkpt>
<trkpt lat="25.280558" lon="121.521322">
<ele>47</ele>
<time>2025-09-09T02:30:43Z</time>
</trkpt>
<trkpt lat="25.280607" lon="121.52131">
<ele>47.2</ele>
<time>2025-09-09T02:30:49Z</time>
</trkpt>
<trkpt lat="25.280673" lon="121.521302">
<ele>44.8</ele>
<time>2025-09-09T02:30:55Z</time>
</trkpt>
<trkpt lat="25.280698" lon="121.521258">
<ele>43.2</ele>
<time>2025-09-09T02:31:01Z</time>
</trkpt>
<trkpt lat="25.280709" lon="121.52121">
<ele>42.2</ele>
<time>2025-09-09T02:31:09Z</time>
</trkpt>
<trkpt lat="25.280721" lon="121.521148">
<ele>42.7</ele>
<time>2025-09-09T02:31:14Z</time>
</trkpt>
<trkpt lat="25.280765" lon="121.521121">
<ele>46</ele>
<time>2025-09-09T02:31:42Z</time>
</trkpt>
<trkpt lat="25.280801" lon="121.52109">
<ele>43.9</ele>
<time>2025-09-09T02:31:54Z</time>
</trkpt>
<trkpt lat="25.280807" lon="121.521035">
<ele>40.9</ele>
<time>2025-09-09T02:32:03Z</time>
</trkpt>
<trkpt lat="25.280817" lon="121.520983">
<ele>39.6</ele>
<time>2025-09-09T02:32:09Z</time>
</trkpt>
<trkpt lat="25.280834" lon="121.520932">
<ele>38.4</ele>
<time>2025-09-09T02:32:23Z</time>
</trkpt>
<trkpt lat="25.280826" lon="121.520869">
<ele>37.8</ele>
<time>2025-09-09T02:33:09Z</time>
</trkpt>
<trkpt lat="25.280812" lon="121.520821">
<ele>36.8</ele>
<time>2025-09-09T02:33:15Z</time>
</trkpt>
<trkpt lat="25.280801" lon="121.520765">
<ele>36.6</ele>
<time>2025-09-09T02:33:22Z</time>
</trkpt>
<trkpt lat="25.280787" lon="121.520717">
<ele>35.7</ele>
<time>2025-09-09T02:33:29Z</time>
</trkpt>
<trkpt lat="25.280774" lon="121.520654">
<ele>36.3</ele>
<time>2025-09-09T02:33:36Z</time>
</trkpt>
<trkpt lat="25.28078" lon="121.520596">
<ele>37.4</ele>
<time>2025-09-09T02:33:47Z</time>
</trkpt>
<trkpt lat="25.280776" lon="121.520539">
<ele>36</ele>
<time>2025-09-09T02:33:54Z</time>
</trkpt>
<trkpt lat="25.28074" lon="121.520505">
<ele>36.2</ele>
<time>2025-09-09T02:34:01Z</time>
</trkpt>
<trkpt lat="25.280694" lon="121.520466">
<ele>35.8</ele>
<time>2025-09-09T02:34:07Z</time>
</trkpt>
<trkpt lat="25.280646" lon="121.520445">
<ele>35.9</ele>
<time>2025-09-09T02:34:13Z</time>
</trkpt>
<trkpt lat="25.280605" lon="121.520423">
<ele>36.1</ele>
<time>2025-09-09T02:34:19Z</time>
</trkpt>
<trkpt lat="25.28056" lon="121.520388">
<ele>37.9</ele>
<time>2025-09-09T02:34:26Z</time>
</trkpt>
<trkpt lat="25.28053" lon="121.520349">
<ele>37.6</ele>
<time>2025-09-09T02:34:34Z</time>
</trkpt>
<trkpt lat="25.280485" lon="121.520333">
<ele>37</ele>
<time>2025-09-09T02:34:40Z</time>
</trkpt>
<trkpt lat="25.280439" lon="121.520304">
<ele>37</ele>
<time>2025-09-09T02:34:47Z</time>
</trkpt>
<trkpt lat="25.280405" lon="121.520228">
<ele>36.9</ele>
<time>2025-09-09T02:34:53Z</time>
</trkpt>
<trkpt lat="25.280355" lon="121.5202">
<ele>38</ele>
<time>2025-09-09T02:34:59Z</time>
</trkpt>
<trkpt lat="25.280329" lon="121.520144">
<ele>38.5</ele>
<time>2025-09-09T02:35:07Z</time>
</trkpt>
<trkpt lat="25.280292" lon="121.520115">
<ele>40.1</ele>
<time>2025-09-09T02:35:13Z</time>
</trkpt>
<trkpt lat="25.280251" lon="121.520093">
<ele>40.6</ele>
<time>2025-09-09T02:35:18Z</time>
</trkpt>
<trkpt lat="25.28021" lon="121.520068">
<ele>41.3</ele>
<time>2025-09-09T02:35:29Z</time>
</trkpt>
<trkpt lat="25.280166" lon="121.520102">
<ele>41.6</ele>
<time>2025-09-09T02:35:35Z</time>
</trkpt>
<trkpt lat="25.280144" lon="121.520149">
<ele>41.7</ele>
<time>2025-09-09T02:35:41Z</time>
</trkpt>
<trkpt lat="25.280135" lon="121.5202">
<ele>41.8</ele>
<time>2025-09-09T02:35:47Z</time>
</trkpt>
<trkpt lat="25.2801" lon="121.520233">
<ele>43.1</ele>
<time>2025-09-09T02:35:54Z</time>
</trkpt>
<trkpt lat="25.280086" lon="121.520293">
<ele>45.6</ele>
<time>2025-09-09T02:36:00Z</time>
</trkpt>
<trkpt lat="25.280049" lon="121.520331">
<ele>47.4</ele>
<time>2025-09-09T02:36:20Z</time>
</trkpt>
<trkpt lat="25.280021" lon="121.520381">
<ele>48.5</ele>
<time>2025-09-09T02:36:26Z</time>
</trkpt>
<trkpt lat="25.279975" lon="121.520429">
<ele>47.6</ele>
<time>2025-09-09T02:36:32Z</time>
</trkpt>
<trkpt lat="25.279928" lon="121.52045">
<ele>47.6</ele>
<time>2025-09-09T02:36:38Z</time>
</trkpt>
<trkpt lat="25.279863" lon="121.520472">
<ele>48.4</ele>
<time>2025-09-09T02:36:44Z</time>
</trkpt>
<trkpt lat="25.279805" lon="121.520472">
<ele>49</ele>
<time>2025-09-09T02:36:50Z</time>
</trkpt>
<trkpt lat="25.279769" lon="121.520442">
<ele>48.1</ele>
<time>2025-09-09T02:36:56Z</time>
</trkpt>
<trkpt lat="25.279732" lon="121.520395">
<ele>46.3</ele>
<time>2025-09-09T02:37:04Z</time>
</trkpt>
<trkpt lat="25.27971" lon="121.520348">
<ele>43.4</ele>
<time>2025-09-09T02:37:24Z</time>
</trkpt>
<trkpt lat="25.279657" lon="121.520352">
<ele>43</ele>
<time>2025-09-09T02:37:33Z</time>
</trkpt>
<trkpt lat="25.279623" lon="121.520309">
<ele>42.7</ele>
<time>2025-09-09T02:38:02Z</time>
</trkpt>
<trkpt lat="25.279577" lon="121.520301">
<ele>41.7</ele>
<time>2025-09-09T02:38:10Z</time>
</trkpt>
<trkpt lat="25.279533" lon="121.520277">
<ele>41.1</ele>
<time>2025-09-09T02:38:16Z</time>
</trkpt>
<trkpt lat="25.27948" lon="121.520273">
<ele>41.2</ele>
<time>2025-09-09T02:38:23Z</time>
</trkpt>
<trkpt lat="25.279425" lon="121.520234">
<ele>40.7</ele>
<time>2025-09-09T02:38:29Z</time>
</trkpt>
<trkpt lat="25.279366" lon="121.520184">
<ele>39.7</ele>
<time>2025-09-09T02:38:35Z</time>
</trkpt>
<trkpt lat="25.279333" lon="121.520142">
<ele>38.7</ele>
<time>2025-09-09T02:38:44Z</time>
</trkpt>
<trkpt lat="25.27932" lon="121.520192">
<ele>37.7</ele>
<time>2025-09-09T02:38:51Z</time>
</trkpt>
<trkpt lat="25.279295" lon="121.520131">
<ele>37.4</ele>
<time>2025-09-09T02:38:57Z</time>
</trkpt>
<trkpt lat="25.279282" lon="121.520076">
<ele>35.7</ele>
<time>2025-09-09T02:39:03Z</time>
</trkpt>
<trkpt lat="25.279246" lon="121.520035">
<ele>36.9</ele>
<time>2025-09-09T02:39:09Z</time>
</trkpt>
<trkpt lat="25.279257" lon="121.519986">
<ele>36.9</ele>
<time>2025-09-09T02:39:16Z</time>
</trkpt>
<trkpt lat="25.279253" lon="121.519925">
<ele>36.7</ele>
<time>2025-09-09T02:39:36Z</time>
</trkpt>
<trkpt lat="25.279234" lon="121.51986">
<ele>37.1</ele>
<time>2025-09-09T02:39:41Z</time>
</trkpt>
<trkpt lat="25.279226" lon="121.519909">
<ele>38.1</ele>
<time>2025-09-09T02:40:04Z</time>
</trkpt>
<trkpt lat="25.279256" lon="121.519968">
<ele>37.3</ele>
<time>2025-09-09T02:40:10Z</time>
</trkpt>
<trkpt lat="25.279285" lon="121.520011">
<ele>34.9</ele>
<time>2025-09-09T02:44:02Z</time>
</trkpt>
<trkpt lat="25.279249" lon="121.519962">
<ele>35.2</ele>
<time>2025-09-09T02:44:08Z</time>
</trkpt>
<trkpt lat="25.279276" lon="121.519922">
<ele>35.1</ele>
<time>2025-09-09T02:44:17Z</time>
</trkpt>
<trkpt lat="25.279249" lon="121.519974">
<ele>36.2</ele>
<time>2025-09-09T02:44:26Z</time>
</trkpt>
<trkpt lat="25.279235" lon="121.519926">
<ele>37.1</ele>
<time>2025-09-09T02:46:37Z</time>
</trkpt>
<trkpt lat="25.279238" lon="121.519866">
<ele>38.2</ele>
<time>2025-09-09T02:46:48Z</time>
</trkpt>
<trkpt lat="25.279254" lon="121.519813">
<ele>37.5</ele>
<time>2025-09-09T02:46:53Z</time>
</trkpt>
<trkpt lat="25.279297" lon="121.519779">
<ele>36.7</ele>
<time>2025-09-09T02:46:58Z</time>
</trkpt>
<trkpt lat="25.279338" lon="121.519741">
<ele>36.7</ele>
<time>2025-09-09T02:47:03Z</time>
</trkpt>
<trkpt lat="25.279374" lon="121.519707">
<ele>36.4</ele>
<time>2025-09-09T02:47:08Z</time>
</trkpt>
<trkpt lat="25.279414" lon="121.519674">
<ele>35.5</ele>
<time>2025-09-09T02:47:13Z</time>
</trkpt>
<trkpt lat="25.279453" lon="121.51964">
<ele>34.8</ele>
<time>2025-09-09T02:47:18Z</time>
</trkpt>
<trkpt lat="25.279495" lon="121.519602">
<ele>35.3</ele>
<time>2025-09-09T02:47:23Z</time>
</trkpt>
<trkpt lat="25.279532" lon="121.519568">
<ele>35.4</ele>
<time>2025-09-09T02:47:29Z</time>
</trkpt>
<trkpt lat="25.279569" lon="121.51953">
<ele>35.6</ele>
<time>2025-09-09T02:47:43Z</time>
</trkpt>
<trkpt lat="25.279603" lon="121.519496">
<ele>35</ele>
<time>2025-09-09T02:47:48Z</time>
</trkpt>
<trkpt lat="25.279645" lon="121.519452">
<ele>35.2</ele>
<time>2025-09-09T02:47:53Z</time>
</trkpt>
<trkpt lat="25.279696" lon="121.519419">
<ele>34</ele>
<time>2025-09-09T02:47:59Z</time>
</trkpt>
<trkpt lat="25.27974" lon="121.519374">
<ele>34.2</ele>
<time>2025-09-09T02:48:05Z</time>
</trkpt>
<trkpt lat="25.279795" lon="121.519325">
<ele>32.8</ele>
<time>2025-09-09T02:48:11Z</time>
</trkpt>
<trkpt lat="25.279853" lon="121.519285">
<ele>32.9</ele>
<time>2025-09-09T02:48:17Z</time>
</trkpt>
<trkpt lat="25.279907" lon="121.519243">
<ele>32.6</ele>
<time>2025-09-09T02:48:23Z</time>
</trkpt>
<trkpt lat="25.279959" lon="121.5192">
<ele>31.8</ele>
<time>2025-09-09T02:48:29Z</time>
</trkpt>
<trkpt lat="25.280017" lon="121.51917">
<ele>31.6</ele>
<time>2025-09-09T02:48:35Z</time>
</trkpt>
<trkpt lat="25.280058" lon="121.519129">
<ele>31.6</ele>
<time>2025-09-09T02:48:43Z</time>
</trkpt>
<trkpt lat="25.28011" lon="121.519126">
<ele>30.4</ele>
<time>2025-09-09T02:48:51Z</time>
</trkpt>
<trkpt lat="25.28015" lon="121.519101">
<ele>29.8</ele>
<time>2025-09-09T02:49:05Z</time>
</trkpt>
<trkpt lat="25.280197" lon="121.519098">
<ele>29.2</ele>
<time>2025-09-09T02:49:20Z</time>
</trkpt>
<trkpt lat="25.280248" lon="121.519106">
<ele>28.8</ele>
<time>2025-09-09T02:49:27Z</time>
</trkpt>
<trkpt lat="25.280292" lon="121.519076">
<ele>29</ele>
<time>2025-09-09T02:49:59Z</time>
</trkpt>
<trkpt lat="25.280337" lon="121.519055">
<ele>28.5</ele>
<time>2025-09-09T02:50:44Z</time>
</trkpt>
<trkpt lat="25.280384" lon="121.519043">
<ele>28.2</ele>
<time>2025-09-09T02:50:52Z</time>
</trkpt>
<trkpt lat="25.280431" lon="121.519026">
<ele>28.9</ele>
<time>2025-09-09T02:51:32Z</time>
</trkpt>
<trkpt lat="25.280477" lon="121.519011">
<ele>28.3</ele>
<time>2025-09-09T02:51:37Z</time>
</trkpt>
<trkpt lat="25.280527" lon="121.519008">
<ele>28.8</ele>
<time>2025-09-09T02:51:43Z</time>
</trkpt>
<trkpt lat="25.280586" lon="121.519">
<ele>29.2</ele>
<time>2025-09-09T02:51:48Z</time>
</trkpt>
<trkpt lat="25.280631" lon="121.519022">
<ele>29.4</ele>
<time>2025-09-09T02:52:06Z</time>
</trkpt>
<trkpt lat="25.280689" lon="121.519017">
<ele>29.1</ele>
<time>2025-09-09T02:52:12Z</time>
</trkpt>
<trkpt lat="25.280735" lon="121.51904">
<ele>28.5</ele>
<time>2025-09-09T02:52:18Z</time>
</trkpt>
<trkpt lat="25.280787" lon="121.519067">
<ele>28.9</ele>
<time>2025-09-09T02:52:24Z</time>
</trkpt>
<trkpt lat="25.280836" lon="121.519088">
<ele>28.8</ele>
<time>2025-09-09T02:52:36Z</time>
</trkpt>
<trkpt lat="25.280883" lon="121.519102">
<ele>27.9</ele>
<time>2025-09-09T02:52:45Z</time>
</trkpt>
<trkpt lat="25.280936" lon="121.519114">
<ele>28.4</ele>
<time>2025-09-09T02:52:51Z</time>
</trkpt>
<trkpt lat="25.280987" lon="121.519149">
<ele>28.2</ele>
<time>2025-09-09T02:52:57Z</time>
</trkpt>
<trkpt lat="25.281024" lon="121.519192">
<ele>27.8</ele>
<time>2025-09-09T02:53:03Z</time>
</trkpt>
<trkpt lat="25.281072" lon="121.519217">
<ele>27.4</ele>
<time>2025-09-09T02:53:09Z</time>
</trkpt>
<trkpt lat="25.281115" lon="121.519237">
<ele>26.7</ele>
<time>2025-09-09T02:53:15Z</time>
</trkpt>
<trkpt lat="25.281159" lon="121.519259">
<ele>26.5</ele>
<time>2025-09-09T02:53:23Z</time>
</trkpt>
<trkpt lat="25.281202" lon="121.519282">
<ele>26.9</ele>
<time>2025-09-09T02:53:29Z</time>
</trkpt>
<trkpt lat="25.281248" lon="121.519293">
<ele>25.4</ele>
<time>2025-09-09T02:53:35Z</time>
</trkpt>
<trkpt lat="25.281302" lon="121.519312">
<ele>25.2</ele>
<time>2025-09-09T02:53:42Z</time>
</trkpt>
<trkpt lat="25.281349" lon="121.519331">
<ele>25</ele>
<time>2025-09-09T02:53:48Z</time>
</trkpt>
<trkpt lat="25.28139" lon="121.519365">
<ele>24.3</ele>
<time>2025-09-09T02:53:54Z</time>
</trkpt>
<trkpt lat="25.281445" lon="121.519384">
<ele>23.8</ele>
<time>2025-09-09T02:54:00Z</time>
</trkpt>
<trkpt lat="25.281504" lon="121.519416">
<ele>24.3</ele>
<time>2025-09-09T02:54:06Z</time>
</trkpt>
<trkpt lat="25.281515" lon="121.519468">
<ele>23.9</ele>
<time>2025-09-09T02:54:21Z</time>
</trkpt>
<trkpt lat="25.281531" lon="121.519415">
<ele>25.4</ele>
<time>2025-09-09T02:57:39Z</time>
</trkpt>
<trkpt lat="25.281576" lon="121.519379">
<ele>25.4</ele>
<time>2025-09-09T02:57:45Z</time>
</trkpt>
<trkpt lat="25.281624" lon="121.519431">
<ele>24.4</ele>
<time>2025-09-09T02:57:51Z</time>
</trkpt>
<trkpt lat="25.281684" lon="121.51947">
<ele>24.2</ele>
<time>2025-09-09T02:57:57Z</time>
</trkpt>
<trkpt lat="25.281736" lon="121.519497">
<ele>23.5</ele>
<time>2025-09-09T02:58:03Z</time>
</trkpt>
<trkpt lat="25.281783" lon="121.519555">
<ele>23.2</ele>
<time>2025-09-09T02:58:09Z</time>
</trkpt>
<trkpt lat="25.281824" lon="121.519605">
<ele>23.4</ele>
<time>2025-09-09T02:58:15Z</time>
</trkpt>
<trkpt lat="25.281871" lon="121.519647">
<ele>22</ele>
<time>2025-09-09T02:58:21Z</time>
</trkpt>
<trkpt lat="25.281906" lon="121.519689">
<ele>22.3</ele>
<time>2025-09-09T02:58:32Z</time>
</trkpt>
<trkpt lat="25.281865" lon="121.519712">
<ele>20</ele>
<time>2025-09-09T02:58:45Z</time>
</trkpt>
<trkpt lat="25.281824" lon="121.519747">
<ele>18.8</ele>
<time>2025-09-09T02:58:53Z</time>
</trkpt>
<trkpt lat="25.281772" lon="121.519773">
<ele>20.3</ele>
<time>2025-09-09T02:58:59Z</time>
</trkpt>
<trkpt lat="25.281762" lon="121.519719">
<ele>19.6</ele>
<time>2025-09-09T02:59:26Z</time>
</trkpt>
<trkpt lat="25.281713" lon="121.519664">
<ele>18.3</ele>
<time>2025-09-09T02:59:32Z</time>
</trkpt>
<trkpt lat="25.281657" lon="121.519623">
<ele>18.1</ele>
<time>2025-09-09T02:59:38Z</time>
</trkpt>
<trkpt lat="25.281612" lon="121.519594">
<ele>17.6</ele>
<time>2025-09-09T02:59:44Z</time>
</trkpt>
<trkpt lat="25.281561" lon="121.51958">
<ele>16</ele>
<time>2025-09-09T02:59:52Z</time>
</trkpt>
<trkpt lat="25.281505" lon="121.519555">
<ele>15.8</ele>
<time>2025-09-09T02:59:58Z</time>
</trkpt>
<trkpt lat="25.281435" lon="121.51955">
<ele>14.8</ele>
<time>2025-09-09T03:00:04Z</time>
</trkpt>
<trkpt lat="25.281379" lon="121.519546">
<ele>15.1</ele>
<time>2025-09-09T03:00:10Z</time>
</trkpt>
<trkpt lat="25.281317" lon="121.51951">
<ele>15.9</ele>
<time>2025-09-09T03:00:16Z</time>
</trkpt>
<trkpt lat="25.281257" lon="121.519503">
<ele>16.7</ele>
<time>2025-09-09T03:00:22Z</time>
</trkpt>
<trkpt lat="25.281196" lon="121.519489">
<ele>17</ele>
<time>2025-09-09T03:00:28Z</time>
</trkpt>
<trkpt lat="25.281142" lon="121.519487">
<ele>17.5</ele>
<time>2025-09-09T03:00:34Z</time>
</trkpt>
<trkpt lat="25.281082" lon="121.519482">
<ele>17.5</ele>
<time>2025-09-09T03:00:40Z</time>
</trkpt>
<trkpt lat="25.281036" lon="121.519459">
<ele>20.4</ele>
<time>2025-09-09T03:01:09Z</time>
</trkpt>
<trkpt lat="25.281082" lon="121.519472">
<ele>20.9</ele>
<time>2025-09-09T03:01:23Z</time>
</trkpt>
<trkpt lat="25.281127" lon="121.519493">
<ele>19.5</ele>
<time>2025-09-09T03:01:31Z</time>
</trkpt>
<trkpt lat="25.281179" lon="121.51949">
<ele>18.6</ele>
<time>2025-09-09T03:01:40Z</time>
</trkpt>
<trkpt lat="25.281231" lon="121.519505">
<ele>18.6</ele>
<time>2025-09-09T03:02:00Z</time>
</trkpt>
<trkpt lat="25.281273" lon="121.519532">
<ele>18</ele>
<time>2025-09-09T03:02:07Z</time>
</trkpt>
<trkpt lat="25.281322" lon="121.519537">
<ele>18.5</ele>
<time>2025-09-09T03:02:13Z</time>
</trkpt>
<trkpt lat="25.281372" lon="121.519539">
<ele>17.7</ele>
<time>2025-09-09T03:02:22Z</time>
</trkpt>
<trkpt lat="25.281421" lon="121.519565">
<ele>16.9</ele>
<time>2025-09-09T03:02:32Z</time>
</trkpt>
<trkpt lat="25.281462" lon="121.519586">
<ele>16.9</ele>
<time>2025-09-09T03:02:39Z</time>
</trkpt>
<trkpt lat="25.281512" lon="121.519584">
<ele>16.2</ele>
<time>2025-09-09T03:02:46Z</time>
</trkpt>
<trkpt lat="25.28157" lon="121.519584">
<ele>16.1</ele>
<time>2025-09-09T03:02:54Z</time>
</trkpt>
<trkpt lat="25.281615" lon="121.519622">
<ele>17.1</ele>
<time>2025-09-09T03:03:00Z</time>
</trkpt>
<trkpt lat="25.281666" lon="121.519627">
<ele>16.2</ele>
<time>2025-09-09T03:03:06Z</time>
</trkpt>
<trkpt lat="25.281715" lon="121.519656">
<ele>16.9</ele>
<time>2025-09-09T03:03:13Z</time>
</trkpt>
<trkpt lat="25.281753" lon="121.51969">
<ele>18.1</ele>
<time>2025-09-09T03:03:19Z</time>
</trkpt>
<trkpt lat="25.281774" lon="121.519746">
<ele>17.5</ele>
<time>2025-09-09T03:03:25Z</time>
</trkpt>
<trkpt lat="25.28178" lon="121.519795">
<ele>18.2</ele>
<time>2025-09-09T03:03:40Z</time>
</trkpt>
<trkpt lat="25.281805" lon="121.519837">
<ele>18.5</ele>
<time>2025-09-09T03:04:10Z</time>
</trkpt>
<trkpt lat="25.281821" lon="121.51989">
<ele>17.8</ele>
<time>2025-09-09T03:04:23Z</time>
</trkpt>
<trkpt lat="25.281847" lon="121.519968">
<ele>17.6</ele>
<time>2025-09-09T03:04:29Z</time>
</trkpt>
<trkpt lat="25.281862" lon="121.520035">
<ele>16.4</ele>
<time>2025-09-09T03:04:35Z</time>
</trkpt>
<trkpt lat="25.28187" lon="121.520099">
<ele>15.4</ele>
<time>2025-09-09T03:04:40Z</time>
</trkpt>
<trkpt lat="25.281891" lon="121.520146">
<ele>13.4</ele>
<time>2025-09-09T03:04:46Z</time>
</trkpt>
<trkpt lat="25.281916" lon="121.520187">
<ele>14</ele>
<time>2025-09-09T03:04:51Z</time>
</trkpt>
<trkpt lat="25.281905" lon="121.520238">
<ele>14.8</ele>
<time>2025-09-09T03:04:57Z</time>
</trkpt>
<trkpt lat="25.281861" lon="121.520273">
<ele>15.3</ele>
<time>2025-09-09T03:05:03Z</time>
</trkpt>
<trkpt lat="25.281933" lon="121.520263">
<ele>15.1</ele>
<time>2025-09-09T03:05:08Z</time>
</trkpt>
<trkpt lat="25.281976" lon="121.520296">
<ele>11</ele>
<time>2025-09-09T03:05:42Z</time>
</trkpt>
<trkpt lat="25.281949" lon="121.520255">
<ele>8.6</ele>
<time>2025-09-09T03:07:16Z</time>
</trkpt>
<trkpt lat="25.281952" lon="121.520205">
<ele>11.2</ele>
<time>2025-09-09T03:07:41Z</time>
</trkpt>
<trkpt lat="25.28196" lon="121.520258">
<ele>9</ele>
<time>2025-09-09T03:09:10Z</time>
</trkpt>
<trkpt lat="25.281965" lon="121.520203">
<ele>9.6</ele>
<time>2025-09-09T03:10:29Z</time>
</trkpt>
<trkpt lat="25.281974" lon="121.520152">
<ele>15.6</ele>
<time>2025-09-09T03:11:26Z</time>
</trkpt>
<trkpt lat="25.28196" lon="121.520213">
<ele>13.7</ele>
<time>2025-09-09T03:11:31Z</time>
</trkpt>
<trkpt lat="25.28193" lon="121.52025">
<ele>12.9</ele>
<time>2025-09-09T03:11:54Z</time>
</trkpt>
<trkpt lat="25.281976" lon="121.52024">
<ele>11.1</ele>
<time>2025-09-09T03:12:39Z</time>
</trkpt>
<trkpt lat="25.281931" lon="121.520236">
<ele>12.3</ele>
<time>2025-09-09T03:14:47Z</time>
</trkpt>
<trkpt lat="25.281909" lon="121.520184">
<ele>8.6</ele>
<time>2025-09-09T03:16:47Z</time>
</trkpt>
<trkpt lat="25.281879" lon="121.520127">
<ele>10.6</ele>
<time>2025-09-09T03:16:52Z</time>
</trkpt>
<trkpt lat="25.281851" lon="121.520081">
<ele>12.1</ele>
<time>2025-09-09T03:16:57Z</time>
</trkpt>
<trkpt lat="25.281843" lon="121.52002">
<ele>15</ele>
<time>2025-09-09T03:17:02Z</time>
</trkpt>
<trkpt lat="25.281836" lon="121.51996">
<ele>15.2</ele>
<time>2025-09-09T03:17:07Z</time>
</trkpt>
<trkpt lat="25.28182" lon="121.519904">
<ele>17.6</ele>
<time>2025-09-09T03:17:12Z</time>
</trkpt>
<trkpt lat="25.281809" lon="121.519845">
<ele>16.9</ele>
<time>2025-09-09T03:17:18Z</time>
</trkpt>
<trkpt lat="25.28178" lon="121.519807">
<ele>18.2</ele>
<time>2025-09-09T03:17:32Z</time>
</trkpt>
<trkpt lat="25.281777" lon="121.519746">
<ele>18</ele>
<time>2025-09-09T03:17:47Z</time>
</trkpt>
<trkpt lat="25.281751" lon="121.519671">
<ele>19.5</ele>
<time>2025-09-09T03:17:53Z</time>
</trkpt>
<trkpt lat="25.281698" lon="121.519628">
<ele>19.5</ele>
<time>2025-09-09T03:17:59Z</time>
</trkpt>
<trkpt lat="25.281638" lon="121.519602">
<ele>19.3</ele>
<time>2025-09-09T03:18:04Z</time>
</trkpt>
<trkpt lat="25.281606" lon="121.51956">
<ele>19.1</ele>
<time>2025-09-09T03:18:10Z</time>
</trkpt>
<trkpt lat="25.281561" lon="121.519549">
<ele>17.5</ele>
<time>2025-09-09T03:18:16Z</time>
</trkpt>
<trkpt lat="25.28151" lon="121.519528">
<ele>15.7</ele>
<time>2025-09-09T03:18:21Z</time>
</trkpt>
<trkpt lat="25.281458" lon="121.519519">
<ele>14.9</ele>
<time>2025-09-09T03:18:26Z</time>
</trkpt>
<trkpt lat="25.281404" lon="121.519536">
<ele>15.9</ele>
<time>2025-09-09T03:18:31Z</time>
</trkpt>
<trkpt lat="25.281381" lon="121.519581">
<ele>16.1</ele>
<time>2025-09-09T03:18:40Z</time>
</trkpt>
<trkpt lat="25.281348" lon="121.519615">
<ele>14.3</ele>
<time>2025-09-09T03:18:51Z</time>
</trkpt>
<trkpt lat="25.2814" lon="121.519563">
<ele>13</ele>
<time>2025-09-09T03:19:35Z</time>
</trkpt>
<trkpt lat="25.281439" lon="121.519596">
<ele>16.1</ele>
<time>2025-09-09T03:23:17Z</time>
</trkpt>
<trkpt lat="25.281506" lon="121.519576">
<ele>15.8</ele>
<time>2025-09-09T03:23:22Z</time>
</trkpt>
<trkpt lat="25.281556" lon="121.519564">
<ele>15.4</ele>
<time>2025-09-09T03:23:31Z</time>
</trkpt>
<trkpt lat="25.281602" lon="121.519569">
<ele>16.5</ele>
<time>2025-09-09T03:23:39Z</time>
</trkpt>
<trkpt lat="25.281648" lon="121.519556">
<ele>18.6</ele>
<time>2025-09-09T03:23:44Z</time>
</trkpt>
<trkpt lat="25.281693" lon="121.519584">
<ele>20.7</ele>
<time>2025-09-09T03:23:52Z</time>
</trkpt>
<trkpt lat="25.281749" lon="121.51962">
<ele>22</ele>
<time>2025-09-09T03:23:57Z</time>
</trkpt>
<trkpt lat="25.281778" lon="121.51967">
<ele>23.2</ele>
<time>2025-09-09T03:24:03Z</time>
</trkpt>
<trkpt lat="25.281786" lon="121.519728">
<ele>23.4</ele>
<time>2025-09-09T03:24:10Z</time>
</trkpt>
<trkpt lat="25.281781" lon="121.519778">
<ele>24.5</ele>
<time>2025-09-09T03:24:15Z</time>
</trkpt>
<trkpt lat="25.281811" lon="121.519817">
<ele>22.6</ele>
<time>2025-09-09T03:24:20Z</time>
</trkpt>
<trkpt lat="25.281855" lon="121.519863">
<ele>21.7</ele>
<time>2025-09-09T03:24:29Z</time>
</trkpt>
<trkpt lat="25.281851" lon="121.519919">
<ele>20.2</ele>
<time>2025-09-09T03:24:34Z</time>
</trkpt>
<trkpt lat="25.281856" lon="121.519981">
<ele>20</ele>
<time>2025-09-09T03:24:39Z</time>
</trkpt>
<trkpt lat="25.281868" lon="121.520033">
<ele>18</ele>
<time>2025-09-09T03:24:45Z</time>
</trkpt>
<trkpt lat="25.28189" lon="121.520099">
<ele>16.6</ele>
<time>2025-09-09T03:24:50Z</time>
</trkpt>
<trkpt lat="25.281913" lon="121.520154">
<ele>15</ele>
<time>2025-09-09T03:24:55Z</time>
</trkpt>
<trkpt lat="25.281946" lon="121.520223">
<ele>13.3</ele>
<time>2025-09-09T03:25:01Z</time>
</trkpt>
<trkpt lat="25.281944" lon="121.520169">
<ele>10.5</ele>
<time>2025-09-09T03:25:27Z</time>
</trkpt>
<trkpt lat="25.281927" lon="121.520115">
<ele>11</ele>
<time>2025-09-09T03:25:32Z</time>
</trkpt>
<trkpt lat="25.281905" lon="121.520065">
<ele>11.9</ele>
<time>2025-09-09T03:25:37Z</time>
</trkpt>
<trkpt lat="25.281903" lon="121.519998">
<ele>12.5</ele>
<time>2025-09-09T03:25:42Z</time>
</trkpt>
<trkpt lat="25.281893" lon="121.519943">
<ele>13.9</ele>
<time>2025-09-09T03:25:48Z</time>
</trkpt>
<trkpt lat="25.281907" lon="121.51988">
<ele>14.8</ele>
<time>2025-09-09T03:25:53Z</time>
</trkpt>
<trkpt lat="25.281955" lon="121.519889">
<ele>15.1</ele>
<time>2025-09-09T03:25:58Z</time>
</trkpt>
<trkpt lat="25.28201" lon="121.519883">
<ele>17</ele>
<time>2025-09-09T03:26:04Z</time>
</trkpt>
<trkpt lat="25.282054" lon="121.519903">
<ele>16.1</ele>
<time>2025-09-09T03:26:09Z</time>
</trkpt>
<trkpt lat="25.282104" lon="121.519918">
<ele>16.2</ele>
<time>2025-09-09T03:26:14Z</time>
</trkpt>
<trkpt lat="25.282157" lon="121.519915">
<ele>14.9</ele>
<time>2025-09-09T03:26:19Z</time>
</trkpt>
<trkpt lat="25.282213" lon="121.51994">
<ele>14.8</ele>
<time>2025-09-09T03:26:25Z</time>
</trkpt>
<trkpt lat="25.282262" lon="121.519975">
<ele>15.8</ele>
<time>2025-09-09T03:26:30Z</time>
</trkpt>
<trkpt lat="25.282312" lon="121.519988">
<ele>15.4</ele>
<time>2025-09-09T03:26:36Z</time>
</trkpt>
<trkpt lat="25.28239" lon="121.519997">
<ele>15.6</ele>
<time>2025-09-09T03:26:41Z</time>
</trkpt>
<trkpt lat="25.28244" lon="121.520039">
<ele>15.7</ele>
<time>2025-09-09T03:26:46Z</time>
</trkpt>
<trkpt lat="25.282481" lon="121.52008">
<ele>16</ele>
<time>2025-09-09T03:26:51Z</time>
</trkpt>
<trkpt lat="25.282561" lon="121.520067">
<ele>15.9</ele>
<time>2025-09-09T03:26:56Z</time>
</trkpt>
<trkpt lat="25.282624" lon="121.520041">
<ele>16.8</ele>
<time>2025-09-09T03:27:01Z</time>
</trkpt>
<trkpt lat="25.282663" lon="121.519987">
<ele>18.2</ele>
<time>2025-09-09T03:27:06Z</time>
</trkpt>
<trkpt lat="25.282693" lon="121.519934">
<ele>19.7</ele>
<time>2025-09-09T03:27:11Z</time>
</trkpt>
<trkpt lat="25.282722" lon="121.519889">
<ele>18.3</ele>
<time>2025-09-09T03:27:17Z</time>
</trkpt>
<trkpt lat="25.282771" lon="121.519848">
<ele>17.9</ele>
<time>2025-09-09T03:27:22Z</time>
</trkpt>
<trkpt lat="25.282812" lon="121.519792">
<ele>18.6</ele>
<time>2025-09-09T03:27:27Z</time>
</trkpt>
<trkpt lat="25.282837" lon="121.51975">
<ele>18.2</ele>
<time>2025-09-09T03:27:33Z</time>
</trkpt>
<trkpt lat="25.282788" lon="121.519724">
<ele>15.5</ele>
<time>2025-09-09T03:28:00Z</time>
</trkpt>
<trkpt lat="25.282838" lon="121.519716">
<ele>15</ele>
<time>2025-09-09T03:28:07Z</time>
</trkpt>
<trkpt lat="25.282876" lon="121.51968">
<ele>14.5</ele>
<time>2025-09-09T03:28:19Z</time>
</trkpt>
<trkpt lat="25.282869" lon="121.519629">
<ele>14.3</ele>
<time>2025-09-09T03:28:34Z</time>
</trkpt>
<trkpt lat="25.282981" lon="121.519507">
<ele>14.9</ele>
<time>2025-09-09T03:28:51Z</time>
</trkpt>
<trkpt lat="25.282867" lon="121.519405">
<ele>14.8</ele>
<time>2025-09-09T03:28:56Z</time>
</trkpt>
<trkpt lat="25.28291" lon="121.519465">
<ele>14.7</ele>
<time>2025-09-09T03:29:01Z</time>
</trkpt>
<trkpt lat="25.28289" lon="121.51951">
<ele>14.3</ele>
<time>2025-09-09T03:29:17Z</time>
</trkpt>
<trkpt lat="25.282878" lon="121.519559">
<ele>14.5</ele>
<time>2025-09-09T03:29:27Z</time>
</trkpt>
<trkpt lat="25.282825" lon="121.519598">
<ele>14.1</ele>
<time>2025-09-09T03:29:37Z</time>
</trkpt>
<trkpt lat="25.282845" lon="121.519551">
<ele>13.9</ele>
<time>2025-09-09T03:29:51Z</time>
</trkpt>
<trkpt lat="25.282867" lon="121.519602">
<ele>13.9</ele>
<time>2025-09-09T03:29:56Z</time>
</trkpt>
<trkpt lat="25.28285" lon="121.519678">
<ele>14</ele>
<time>2025-09-09T03:30:13Z</time>
</trkpt>
<trkpt lat="25.282885" lon="121.519616">
<ele>13.8</ele>
<time>2025-09-09T03:30:19Z</time>
</trkpt>
<trkpt lat="25.282874" lon="121.519669">
<ele>14</ele>
<time>2025-09-09T03:30:34Z</time>
</trkpt>
<trkpt lat="25.282913" lon="121.51964">
<ele>13.9</ele>
<time>2025-09-09T03:30:42Z</time>
</trkpt>
<trkpt lat="25.282881" lon="121.519679">
<ele>14.6</ele>
<time>2025-09-09T03:30:48Z</time>
</trkpt>
<trkpt lat="25.28288" lon="121.519756">
<ele>17.6</ele>
<time>2025-09-09T03:31:06Z</time>
</trkpt>
<trkpt lat="25.282857" lon="121.519806">
<ele>21.2</ele>
<time>2025-09-09T03:31:15Z</time>
</trkpt>
<trkpt lat="25.282887" lon="121.519737">
<ele>20.3</ele>
<time>2025-09-09T03:31:38Z</time>
</trkpt>
<trkpt lat="25.282855" lon="121.519797">
<ele>22.9</ele>
<time>2025-09-09T03:35:27Z</time>
</trkpt>
<trkpt lat="25.282884" lon="121.519746">
<ele>20.9</ele>
<time>2025-09-09T03:35:33Z</time>
</trkpt>
<trkpt lat="25.282838" lon="121.519741">
<ele>16.6</ele>
<time>2025-09-09T03:37:06Z</time>
</trkpt>
<trkpt lat="25.282793" lon="121.519765">
<ele>17.7</ele>
<time>2025-09-09T03:37:15Z</time>
</trkpt>
<trkpt lat="25.282867" lon="121.519727">
<ele>17.3</ele>
<time>2025-09-09T03:37:27Z</time>
</trkpt>
<trkpt lat="25.282858" lon="121.519789">
<ele>21.7</ele>
<time>2025-09-09T03:37:50Z</time>
</trkpt>
<trkpt lat="25.282892" lon="121.519749">
<ele>21.8</ele>
<time>2025-09-09T03:38:10Z</time>
</trkpt>
<trkpt lat="25.282882" lon="121.519694">
<ele>15.1</ele>
<time>2025-09-09T03:39:05Z</time>
</trkpt>
<trkpt lat="25.282852" lon="121.519733">
<ele>19</ele>
<time>2025-09-09T03:40:07Z</time>
</trkpt>
<trkpt lat="25.282897" lon="121.519747">
<ele>22.3</ele>
<time>2025-09-09T03:40:15Z</time>
</trkpt>
<trkpt lat="25.282923" lon="121.519793">
<ele>30.7</ele>
<time>2025-09-09T03:40:25Z</time>
</trkpt>
<trkpt lat="25.282897" lon="121.519748">
<ele>26.4</ele>
<time>2025-09-09T03:41:17Z</time>
</trkpt>
<trkpt lat="25.282841" lon="121.519743">
<ele>20.8</ele>
<time>2025-09-09T03:42:35Z</time>
</trkpt>
<trkpt lat="25.28287" lon="121.519783">
<ele>24.6</ele>
<time>2025-09-09T03:42:56Z</time>
</trkpt>
<trkpt lat="25.282899" lon="121.519827">
<ele>29.4</ele>
<time>2025-09-09T03:43:47Z</time>
</trkpt>
<trkpt lat="25.28289" lon="121.519778">
<ele>25.8</ele>
<time>2025-09-09T03:43:59Z</time>
</trkpt>
<trkpt lat="25.282836" lon="121.519774">
<ele>23.8</ele>
<time>2025-09-09T03:44:06Z</time>
</trkpt>
<trkpt lat="25.282883" lon="121.519763">
<ele>24.9</ele>
<time>2025-09-09T03:44:23Z</time>
</trkpt>
<trkpt lat="25.282844" lon="121.519797">
<ele>23.1</ele>
<time>2025-09-09T03:44:31Z</time>
</trkpt>
<trkpt lat="25.282869" lon="121.51975">
<ele>21.6</ele>
<time>2025-09-09T03:44:38Z</time>
</trkpt>
<trkpt lat="25.282865" lon="121.519836">
<ele>23.9</ele>
<time>2025-09-09T03:45:30Z</time>
</trkpt>
<trkpt lat="25.28286" lon="121.519784">
<ele>24.3</ele>
<time>2025-09-09T03:45:43Z</time>
</trkpt>
<trkpt lat="25.282837" lon="121.519741">
<ele>20.7</ele>
<time>2025-09-09T03:45:57Z</time>
</trkpt>
<trkpt lat="25.282863" lon="121.519784">
<ele>24.1</ele>
<time>2025-09-09T03:46:13Z</time>
</trkpt>
<trkpt lat="25.282855" lon="121.519832">
<ele>24.9</ele>
<time>2025-09-09T03:46:23Z</time>
</trkpt>
<trkpt lat="25.282804" lon="121.519836">
<ele>24.6</ele>
<time>2025-09-09T03:46:30Z</time>
</trkpt>
<trkpt lat="25.282756" lon="121.519871">
<ele>22.2</ele>
<time>2025-09-09T03:46:38Z</time>
</trkpt>
<trkpt lat="25.28272" lon="121.519905">
<ele>20.4</ele>
<time>2025-09-09T03:46:43Z</time>
</trkpt>
<trkpt lat="25.28268" lon="121.519945">
<ele>19.1</ele>
<time>2025-09-09T03:46:48Z</time>
</trkpt>
<trkpt lat="25.282647" lon="121.520014">
<ele>19</ele>
<time>2025-09-09T03:46:53Z</time>
</trkpt>
<trkpt lat="25.282626" lon="121.52008">
<ele>17.7</ele>
<time>2025-09-09T03:46:59Z</time>
</trkpt>
<trkpt lat="25.282627" lon="121.520154">
<ele>16.6</ele>
<time>2025-09-09T03:47:05Z</time>
</trkpt>
<trkpt lat="25.282677" lon="121.520215">
<ele>16.4</ele>
<time>2025-09-09T03:47:11Z</time>
</trkpt>
<trkpt lat="25.282732" lon="121.520266">
<ele>16.9</ele>
<time>2025-09-09T03:47:17Z</time>
</trkpt>
<trkpt lat="25.282786" lon="121.520315">
<ele>17.7</ele>
<time>2025-09-09T03:47:23Z</time>
</trkpt>
<trkpt lat="25.282834" lon="121.520367">
<ele>17.9</ele>
<time>2025-09-09T03:47:29Z</time>
</trkpt>
<trkpt lat="25.282884" lon="121.520414">
<ele>18</ele>
<time>2025-09-09T03:47:35Z</time>
</trkpt>
<trkpt lat="25.282923" lon="121.520457">
<ele>17.5</ele>
<time>2025-09-09T03:47:41Z</time>
</trkpt>
<trkpt lat="25.282967" lon="121.520501">
<ele>15.9</ele>
<time>2025-09-09T03:47:47Z</time>
</trkpt>
<trkpt lat="25.283012" lon="121.520541">
<ele>15.9</ele>
<time>2025-09-09T03:47:52Z</time>
</trkpt>
<trkpt lat="25.28305" lon="121.520585">
<ele>15.3</ele>
<time>2025-09-09T03:47:57Z</time>
</trkpt>
<trkpt lat="25.283066" lon="121.520637">
<ele>15.9</ele>
<time>2025-09-09T03:48:05Z</time>
</trkpt>
<trkpt lat="25.283097" lon="121.520677">
<ele>14.4</ele>
<time>2025-09-09T03:48:20Z</time>
</trkpt>
<trkpt lat="25.283137" lon="121.520713">
<ele>14.4</ele>
<time>2025-09-09T03:48:28Z</time>
</trkpt>
<trkpt lat="25.283178" lon="121.520735">
<ele>14.3</ele>
<time>2025-09-09T03:48:33Z</time>
</trkpt>
<trkpt lat="25.28322" lon="121.520772">
<ele>14.7</ele>
<time>2025-09-09T03:48:38Z</time>
</trkpt>
<trkpt lat="25.283264" lon="121.520806">
<ele>15.4</ele>
<time>2025-09-09T03:48:43Z</time>
</trkpt>
<trkpt lat="25.283295" lon="121.520852">
<ele>14.8</ele>
<time>2025-09-09T03:48:49Z</time>
</trkpt>
<trkpt lat="25.283266" lon="121.520901">
<ele>15</ele>
<time>2025-09-09T03:48:55Z</time>
</trkpt>
<trkpt lat="25.283217" lon="121.520916">
<ele>16.7</ele>
<time>2025-09-09T03:49:00Z</time>
</trkpt>
<trkpt lat="25.283152" lon="121.520909">
<ele>17.3</ele>
<time>2025-09-09T03:49:06Z</time>
</trkpt>
<trkpt lat="25.283087" lon="121.520909">
<ele>18.5</ele>
<time>2025-09-09T03:49:12Z</time>
</trkpt>
<trkpt lat="25.283135" lon="121.520937">
<ele>16.4</ele>
<time>2025-09-09T03:49:26Z</time>
</trkpt>
<trkpt lat="25.283122" lon="121.520997">
<ele>18.6</ele>
<time>2025-09-09T03:49:51Z</time>
</trkpt>
<trkpt lat="25.283072" lon="121.520984">
<ele>18.7</ele>
<time>2025-09-09T03:50:02Z</time>
</trkpt>
<trkpt lat="25.28312" lon="121.520976">
<ele>17.8</ele>
<time>2025-09-09T03:54:28Z</time>
</trkpt>
<trkpt lat="25.283159" lon="121.520949">
<ele>16.3</ele>
<time>2025-09-09T03:54:44Z</time>
</trkpt>
<trkpt lat="25.283128" lon="121.520908">
<ele>17.4</ele>
<time>2025-09-09T03:54:53Z</time>
</trkpt>
<trkpt lat="25.283078" lon="121.520906">
<ele>15.3</ele>
<time>2025-09-09T03:54:59Z</time>
</trkpt>
<trkpt lat="25.283107" lon="121.520863">
<ele>15.3</ele>
<time>2025-09-09T03:55:08Z</time>
</trkpt>
<trkpt lat="25.283157" lon="121.520857">
<ele>14</ele>
<time>2025-09-09T03:55:25Z</time>
</trkpt>
<trkpt lat="25.283203" lon="121.520854">
<ele>11.6</ele>
<time>2025-09-09T03:55:35Z</time>
</trkpt>
<trkpt lat="25.283258" lon="121.520854">
<ele>10.7</ele>
<time>2025-09-09T03:55:41Z</time>
</trkpt>
<trkpt lat="25.283285" lon="121.520894">
<ele>10.6</ele>
<time>2025-09-09T03:55:53Z</time>
</trkpt>
<trkpt lat="25.283291" lon="121.520805">
<ele>10.4</ele>
<time>2025-09-09T03:55:59Z</time>
</trkpt>
<trkpt lat="25.283428" lon="121.520792">
<ele>9.9</ele>
<time>2025-09-09T03:56:10Z</time>
</trkpt>
<trkpt lat="25.283574" lon="121.520695">
<ele>9.4</ele>
<time>2025-09-09T03:56:16Z</time>
</trkpt>
<trkpt lat="25.283567" lon="121.520758">
<ele>12.4</ele>
<time>2025-09-09T03:56:22Z</time>
</trkpt>
<trkpt lat="25.283603" lon="121.520808">
<ele>14.7</ele>
<time>2025-09-09T03:56:36Z</time>
</trkpt>
<trkpt lat="25.283651" lon="121.520801">
<ele>16</ele>
<time>2025-09-09T03:56:42Z</time>
</trkpt>
<trkpt lat="25.283675" lon="121.520698">
<ele>14.6</ele>
<time>2025-09-09T03:56:48Z</time>
</trkpt>
<trkpt lat="25.283733" lon="121.520653">
<ele>12.1</ele>
<time>2025-09-09T03:56:54Z</time>
</trkpt>
<trkpt lat="25.283781" lon="121.520664">
<ele>12.9</ele>
<time>2025-09-09T03:57:03Z</time>
</trkpt>
<trkpt lat="25.283723" lon="121.520657">
<ele>11.9</ele>
<time>2025-09-09T03:59:08Z</time>
</trkpt>
<trkpt lat="25.283663" lon="121.52067">
<ele>11.4</ele>
<time>2025-09-09T03:59:14Z</time>
</trkpt>
<trkpt lat="25.283638" lon="121.520716">
<ele>8.8</ele>
<time>2025-09-09T03:59:20Z</time>
</trkpt>
<trkpt lat="25.2836" lon="121.520757">
<ele>9</ele>
<time>2025-09-09T03:59:26Z</time>
</trkpt>
<trkpt lat="25.283644" lon="121.520783">
<ele>4.5</ele>
<time>2025-09-09T03:59:35Z</time>
</trkpt>
<trkpt lat="25.283644" lon="121.520833">
<ele>12.7</ele>
<time>2025-09-09T04:00:16Z</time>
</trkpt>
<trkpt lat="25.2836" lon="121.520848">
<ele>13.7</ele>
<time>2025-09-09T04:00:48Z</time>
</trkpt>
<trkpt lat="25.28354" lon="121.520821">
<ele>11.1</ele>
<time>2025-09-09T04:00:54Z</time>
</trkpt>
<trkpt lat="25.283474" lon="121.520773">
<ele>12</ele>
<time>2025-09-09T04:01:00Z</time>
</trkpt>
<trkpt lat="25.283404" lon="121.520785">
<ele>14.5</ele>
<time>2025-09-09T04:01:06Z</time>
</trkpt>
<trkpt lat="25.283361" lon="121.520765">
<ele>14.1</ele>
<time>2025-09-09T04:01:15Z</time>
</trkpt>
<trkpt lat="25.283336" lon="121.520808">
<ele>15.3</ele>
<time>2025-09-09T04:01:29Z</time>
</trkpt>
<trkpt lat="25.283333" lon="121.520869">
<ele>15.6</ele>
<time>2025-09-09T04:01:35Z</time>
</trkpt>
<trkpt lat="25.283299" lon="121.520905">
<ele>14</ele>
<time>2025-09-09T04:01:40Z</time>
</trkpt>
<trkpt lat="25.283231" lon="121.520907">
<ele>16.5</ele>
<time>2025-09-09T04:01:46Z</time>
</trkpt>
<trkpt lat="25.283171" lon="121.520912">
<ele>16.8</ele>
<time>2025-09-09T04:01:52Z</time>
</trkpt>
<trkpt lat="25.283113" lon="121.520928">
<ele>17.1</ele>
<time>2025-09-09T04:01:58Z</time>
</trkpt>
<trkpt lat="25.283049" lon="121.520961">
<ele>17.3</ele>
<time>2025-09-09T04:02:04Z</time>
</trkpt>
<trkpt lat="25.283004" lon="121.520992">
<ele>15.2</ele>
<time>2025-09-09T04:02:10Z</time>
</trkpt>
<trkpt lat="25.282963" lon="121.521026">
<ele>16.2</ele>
<time>2025-09-09T04:02:16Z</time>
</trkpt>
<trkpt lat="25.28291" lon="121.521014">
<ele>20.5</ele>
<time>2025-09-09T04:02:27Z</time>
</trkpt>
<trkpt lat="25.282879" lon="121.521063">
<ele>20.8</ele>
<time>2025-09-09T04:02:33Z</time>
</trkpt>
<trkpt lat="25.28283" lon="121.521065">
<ele>22.1</ele>
<time>2025-09-09T04:02:39Z</time>
</trkpt>
<trkpt lat="25.282787" lon="121.521101">
<ele>21.4</ele>
<time>2025-09-09T04:02:45Z</time>
</trkpt>
<trkpt lat="25.282737" lon="121.521107">
<ele>23.8</ele>
<time>2025-09-09T04:02:51Z</time>
</trkpt>
<trkpt lat="25.282689" lon="121.521143">
<ele>22.2</ele>
<time>2025-09-09T04:02:58Z</time>
</trkpt>
<trkpt lat="25.282643" lon="121.521154">
<ele>20.8</ele>
<time>2025-09-09T04:03:12Z</time>
</trkpt>
<trkpt lat="25.282595" lon="121.521186">
<ele>20.6</ele>
<time>2025-09-09T04:03:32Z</time>
</trkpt>
<trkpt lat="25.282549" lon="121.52118">
<ele>22.1</ele>
<time>2025-09-09T04:03:45Z</time>
</trkpt>
<trkpt lat="25.282533" lon="121.521229">
<ele>22.6</ele>
<time>2025-09-09T04:04:04Z</time>
</trkpt>
<trkpt lat="25.282494" lon="121.521269">
<ele>21.7</ele>
<time>2025-09-09T04:04:11Z</time>
</trkpt>
<trkpt lat="25.282461" lon="121.521326">
<ele>20.4</ele>
<time>2025-09-09T04:04:16Z</time>
</trkpt>
<trkpt lat="25.282417" lon="121.52136">
<ele>20</ele>
<time>2025-09-09T04:04:22Z</time>
</trkpt>
<trkpt lat="25.282367" lon="121.521414">
<ele>20.9</ele>
<time>2025-09-09T04:04:28Z</time>
</trkpt>
<trkpt lat="25.2823" lon="121.52143">
<ele>19.3</ele>
<time>2025-09-09T04:04:34Z</time>
</trkpt>
<trkpt lat="25.282246" lon="121.521472">
<ele>21.3</ele>
<time>2025-09-09T04:04:40Z</time>
</trkpt>
<trkpt lat="25.282208" lon="121.521515">
<ele>21.3</ele>
<time>2025-09-09T04:04:46Z</time>
</trkpt>
<trkpt lat="25.282168" lon="121.52154">
<ele>22</ele>
<time>2025-09-09T04:04:52Z</time>
</trkpt>
<trkpt lat="25.282116" lon="121.521583">
<ele>21.8</ele>
<time>2025-09-09T04:04:58Z</time>
</trkpt>
<trkpt lat="25.282084" lon="121.521622">
<ele>21.5</ele>
<time>2025-09-09T04:05:05Z</time>
</trkpt>
<trkpt lat="25.282037" lon="121.521647">
<ele>23.8</ele>
<time>2025-09-09T04:05:16Z</time>
</trkpt>
<trkpt lat="25.281972" lon="121.521671">
<ele>22.7</ele>
<time>2025-09-09T04:05:22Z</time>
</trkpt>
<trkpt lat="25.281911" lon="121.521702">
<ele>22.7</ele>
<time>2025-09-09T04:05:28Z</time>
</trkpt>
<trkpt lat="25.281863" lon="121.521739">
<ele>23.1</ele>
<time>2025-09-09T04:05:34Z</time>
</trkpt>
<trkpt lat="25.281812" lon="121.521786">
<ele>22.7</ele>
<time>2025-09-09T04:05:40Z</time>
</trkpt>
<trkpt lat="25.281779" lon="121.521831">
<ele>23</ele>
<time>2025-09-09T04:05:46Z</time>
</trkpt>
<trkpt lat="25.281742" lon="121.52179">
<ele>24.6</ele>
<time>2025-09-09T04:05:55Z</time>
</trkpt>
<trkpt lat="25.281711" lon="121.521834">
<ele>25.5</ele>
<time>2025-09-09T04:06:20Z</time>
</trkpt>
<trkpt lat="25.28168" lon="121.521871">
<ele>25.2</ele>
<time>2025-09-09T04:06:25Z</time>
</trkpt>
<trkpt lat="25.28165" lon="121.521912">
<ele>26.3</ele>
<time>2025-09-09T04:06:31Z</time>
</trkpt>
<trkpt lat="25.281601" lon="121.521923">
<ele>28.3</ele>
<time>2025-09-09T04:06:38Z</time>
</trkpt>
<trkpt lat="25.281554" lon="121.52193">
<ele>29.8</ele>
<time>2025-09-09T04:06:47Z</time>
</trkpt>
<trkpt lat="25.281511" lon="121.521964">
<ele>29.7</ele>
<time>2025-09-09T04:07:05Z</time>
</trkpt>
<trkpt lat="25.281471" lon="121.522004">
<ele>28.8</ele>
<time>2025-09-09T04:07:12Z</time>
</trkpt>
<trkpt lat="25.28144" lon="121.522046">
<ele>29.2</ele>
<time>2025-09-09T04:07:17Z</time>
</trkpt>
<trkpt lat="25.281414" lon="121.522101">
<ele>30.4</ele>
<time>2025-09-09T04:07:25Z</time>
</trkpt>
<trkpt lat="25.28138" lon="121.522136">
<ele>28.2</ele>
<time>2025-09-09T04:07:41Z</time>
</trkpt>
<trkpt lat="25.281338" lon="121.522165">
<ele>28.1</ele>
<time>2025-09-09T04:07:59Z</time>
</trkpt>
<trkpt lat="25.281291" lon="121.522187">
<ele>27</ele>
<time>2025-09-09T04:08:12Z</time>
</trkpt>
<trkpt lat="25.281241" lon="121.52219">
<ele>25.8</ele>
<time>2025-09-09T04:08:18Z</time>
</trkpt>
<trkpt lat="25.281203" lon="121.522163">
<ele>26.6</ele>
<time>2025-09-09T04:08:23Z</time>
</trkpt>
<trkpt lat="25.281174" lon="121.522112">
<ele>27.6</ele>
<time>2025-09-09T04:08:30Z</time>
</trkpt>
<trkpt lat="25.281125" lon="121.522108">
<ele>27.8</ele>
<time>2025-09-09T04:08:35Z</time>
</trkpt>
<trkpt lat="25.281083" lon="121.522081">
<ele>28.6</ele>
<time>2025-09-09T04:08:40Z</time>
</trkpt>
<trkpt lat="25.281031" lon="121.522082">
<ele>29.4</ele>
<time>2025-09-09T04:08:46Z</time>
</trkpt>
<trkpt lat="25.280978" lon="121.5221">
<ele>29.7</ele>
<time>2025-09-09T04:08:51Z</time>
</trkpt>
<trkpt lat="25.280944" lon="121.522153">
<ele>28.5</ele>
<time>2025-09-09T04:08:56Z</time>
</trkpt>
<trkpt lat="25.280919" lon="121.522202">
<ele>29</ele>
<time>2025-09-09T04:09:01Z</time>
</trkpt>
<trkpt lat="25.280873" lon="121.522202">
<ele>29</ele>
<time>2025-09-09T04:09:06Z</time>
</trkpt>
<trkpt lat="25.280823" lon="121.522195">
<ele>30</ele>
<time>2025-09-09T04:09:12Z</time>
</trkpt>
<trkpt lat="25.280767" lon="121.522183">
<ele>31.1</ele>
<time>2025-09-09T04:09:19Z</time>
</trkpt>
<trkpt lat="25.28073" lon="121.522215">
<ele>30.5</ele>
<time>2025-09-09T04:09:24Z</time>
</trkpt>
<trkpt lat="25.280693" lon="121.52225">
<ele>31.5</ele>
<time>2025-09-09T04:09:30Z</time>
</trkpt>
<trkpt lat="25.280645" lon="121.522285">
<ele>32.4</ele>
<time>2025-09-09T04:09:35Z</time>
</trkpt>
<trkpt lat="25.280585" lon="121.522303">
<ele>33.7</ele>
<time>2025-09-09T04:09:40Z</time>
</trkpt>
<trkpt lat="25.280532" lon="121.52232">
<ele>34</ele>
<time>2025-09-09T04:09:45Z</time>
</trkpt>
<trkpt lat="25.280481" lon="121.522337">
<ele>34.6</ele>
<time>2025-09-09T04:09:51Z</time>
</trkpt>
<trkpt lat="25.280451" lon="121.522381">
<ele>36.1</ele>
<time>2025-09-09T04:10:00Z</time>
</trkpt>
<trkpt lat="25.280426" lon="121.522441">
<ele>36.7</ele>
<time>2025-09-09T04:10:09Z</time>
</trkpt>
<trkpt lat="25.280474" lon="121.522466">
<ele>36.3</ele>
<time>2025-09-09T04:10:14Z</time>
</trkpt>
<trkpt lat="25.280511" lon="121.522507">
<ele>37.2</ele>
<time>2025-09-09T04:10:27Z</time>
</trkpt>
<trkpt lat="25.280562" lon="121.522534">
<ele>38.7</ele>
<time>2025-09-09T04:10:41Z</time>
</trkpt>
<trkpt lat="25.280524" lon="121.522561">
<ele>42.5</ele>
<time>2025-09-09T04:11:05Z</time>
</trkpt>
<trkpt lat="25.280496" lon="121.522604">
<ele>45.2</ele>
<time>2025-09-09T04:11:17Z</time>
</trkpt>
<trkpt lat="25.280495" lon="121.522657">
<ele>45.8</ele>
<time>2025-09-09T04:11:24Z</time>
</trkpt>
<trkpt lat="25.280503" lon="121.52271">
<ele>45.8</ele>
<time>2025-09-09T04:11:32Z</time>
</trkpt>
<trkpt lat="25.280493" lon="121.522761">
<ele>46.5</ele>
<time>2025-09-09T04:11:38Z</time>
</trkpt>
<trkpt lat="25.28047" lon="121.522806">
<ele>46.4</ele>
<time>2025-09-09T04:11:46Z</time>
</trkpt>
<trkpt lat="25.280456" lon="121.522862">
<ele>46.2</ele>
<time>2025-09-09T04:11:53Z</time>
</trkpt>
<trkpt lat="25.280442" lon="121.522912">
<ele>44.8</ele>
<time>2025-09-09T04:11:59Z</time>
</trkpt>
<trkpt lat="25.280416" lon="121.522956">
<ele>46</ele>
<time>2025-09-09T04:12:04Z</time>
</trkpt>
<trkpt lat="25.280381" lon="121.522992">
<ele>45.8</ele>
<time>2025-09-09T04:12:20Z</time>
</trkpt>
<trkpt lat="25.280332" lon="121.522987">
<ele>45.5</ele>
<time>2025-09-09T04:13:04Z</time>
</trkpt>
<trkpt lat="25.280282" lon="121.522963">
<ele>46.3</ele>
<time>2025-09-09T04:13:10Z</time>
</trkpt>
<trkpt lat="25.280236" lon="121.522941">
<ele>46.9</ele>
<time>2025-09-09T04:13:19Z</time>
</trkpt>
<trkpt lat="25.280197" lon="121.522916">
<ele>45.8</ele>
<time>2025-09-09T04:13:28Z</time>
</trkpt>
<trkpt lat="25.280145" lon="121.5229">
<ele>46.5</ele>
<time>2025-09-09T04:13:36Z</time>
</trkpt>
<trkpt lat="25.280123" lon="121.522854">
<ele>46.9</ele>
<time>2025-09-09T04:13:42Z</time>
</trkpt>
<trkpt lat="25.280098" lon="121.52281">
<ele>47.7</ele>
<time>2025-09-09T04:14:03Z</time>
</trkpt>
<trkpt lat="25.280071" lon="121.522767">
<ele>46.5</ele>
<time>2025-09-09T04:14:10Z</time>
</trkpt>
<trkpt lat="25.28002" lon="121.522741">
<ele>45.5</ele>
<time>2025-09-09T04:14:16Z</time>
</trkpt>
<trkpt lat="25.279978" lon="121.522703">
<ele>45.7</ele>
<time>2025-09-09T04:14:21Z</time>
</trkpt>
<trkpt lat="25.279936" lon="121.522684">
<ele>46.1</ele>
<time>2025-09-09T04:14:28Z</time>
</trkpt>
<trkpt lat="25.279887" lon="121.522679">
<ele>46.6</ele>
<time>2025-09-09T04:14:34Z</time>
</trkpt>
<trkpt lat="25.279842" lon="121.522653">
<ele>46.5</ele>
<time>2025-09-09T04:14:43Z</time>
</trkpt>
<trkpt lat="25.2798" lon="121.522623">
<ele>46.4</ele>
<time>2025-09-09T04:14:56Z</time>
</trkpt>
<trkpt lat="25.279832" lon="121.522665">
<ele>45.9</ele>
<time>2025-09-09T04:15:27Z</time>
</trkpt>
<trkpt lat="25.279888" lon="121.522688">
<ele>45.9</ele>
<time>2025-09-09T04:15:32Z</time>
</trkpt>
<trkpt lat="25.279933" lon="121.522694">
<ele>46.5</ele>
<time>2025-09-09T04:15:38Z</time>
</trkpt>
<trkpt lat="25.279978" lon="121.522729">
<ele>46.6</ele>
<time>2025-09-09T04:15:45Z</time>
</trkpt>
<trkpt lat="25.280023" lon="121.522755">
<ele>45</ele>
<time>2025-09-09T04:16:08Z</time>
</trkpt>
<trkpt lat="25.280065" lon="121.522776">
<ele>44.9</ele>
<time>2025-09-09T04:16:13Z</time>
</trkpt>
<trkpt lat="25.28011" lon="121.52282">
<ele>45.5</ele>
<time>2025-09-09T04:16:19Z</time>
</trkpt>
<trkpt lat="25.280139" lon="121.52286">
<ele>45.3</ele>
<time>2025-09-09T04:16:25Z</time>
</trkpt>
<trkpt lat="25.280158" lon="121.522916">
<ele>44.6</ele>
<time>2025-09-09T04:16:32Z</time>
</trkpt>
<trkpt lat="25.280117" lon="121.522949">
<ele>45.4</ele>
<time>2025-09-09T04:16:38Z</time>
</trkpt>
<trkpt lat="25.280163" lon="121.52294">
<ele>45.8</ele>
<time>2025-09-09T04:16:44Z</time>
</trkpt>
<trkpt lat="25.280213" lon="121.522936">
<ele>45.9</ele>
<time>2025-09-09T04:16:50Z</time>
</trkpt>
<trkpt lat="25.280261" lon="121.522959">
<ele>45.7</ele>
<time>2025-09-09T04:16:56Z</time>
</trkpt>
<trkpt lat="25.280316" lon="121.522966">
<ele>45.4</ele>
<time>2025-09-09T04:17:02Z</time>
</trkpt>
<trkpt lat="25.280366" lon="121.52297">
<ele>45.4</ele>
<time>2025-09-09T04:17:08Z</time>
</trkpt>
<trkpt lat="25.280411" lon="121.522959">
<ele>45.1</ele>
<time>2025-09-09T04:17:14Z</time>
</trkpt>
<trkpt lat="25.280456" lon="121.522943">
<ele>45.2</ele>
<time>2025-09-09T04:17:26Z</time>
</trkpt>
<trkpt lat="25.280501" lon="121.522971">
<ele>44.8</ele>
<time>2025-09-09T04:17:31Z</time>
</trkpt>
<trkpt lat="25.280554" lon="121.523001">
<ele>43.9</ele>
<time>2025-09-09T04:17:36Z</time>
</trkpt>
<trkpt lat="25.280602" lon="121.523026">
<ele>43.7</ele>
<time>2025-09-09T04:17:41Z</time>
</trkpt>
<trkpt lat="25.280653" lon="121.523055">
<ele>43.6</ele>
<time>2025-09-09T04:17:46Z</time>
</trkpt>
<trkpt lat="25.280665" lon="121.523106">
<ele>44.5</ele>
<time>2025-09-09T04:18:29Z</time>
</trkpt>
<trkpt lat="25.28063" lon="121.523138">
<ele>43.7</ele>
<time>2025-09-09T04:18:34Z</time>
</trkpt>
<trkpt lat="25.280595" lon="121.523181">
<ele>43.4</ele>
<time>2025-09-09T04:18:39Z</time>
</trkpt>
<trkpt lat="25.280566" lon="121.523227">
<ele>43.8</ele>
<time>2025-09-09T04:18:45Z</time>
</trkpt>
<trkpt lat="25.280541" lon="121.523282">
<ele>43.8</ele>
<time>2025-09-09T04:18:50Z</time>
</trkpt>
<trkpt lat="25.280523" lon="121.523329">
<ele>45.1</ele>
<time>2025-09-09T04:18:56Z</time>
</trkpt>
<trkpt lat="25.280522" lon="121.523383">
<ele>44.5</ele>
<time>2025-09-09T04:19:03Z</time>
</trkpt>
<trkpt lat="25.280533" lon="121.523439">
<ele>43.8</ele>
<time>2025-09-09T04:19:16Z</time>
</trkpt>
<trkpt lat="25.280502" lon="121.523485">
<ele>43.4</ele>
<time>2025-09-09T04:19:28Z</time>
</trkpt>
<trkpt lat="25.28048" lon="121.523531">
<ele>44.4</ele>
<time>2025-09-09T04:19:35Z</time>
</trkpt>
<trkpt lat="25.280477" lon="121.523585">
<ele>43.9</ele>
<time>2025-09-09T04:19:40Z</time>
</trkpt>
<trkpt lat="25.280476" lon="121.523636">
<ele>43.8</ele>
<time>2025-09-09T04:19:45Z</time>
</trkpt>
<trkpt lat="25.280477" lon="121.523695">
<ele>44.2</ele>
<time>2025-09-09T04:19:51Z</time>
</trkpt>
<trkpt lat="25.280471" lon="121.523748">
<ele>44.3</ele>
<time>2025-09-09T04:19:57Z</time>
</trkpt>
<trkpt lat="25.280466" lon="121.523805">
<ele>43.9</ele>
<time>2025-09-09T04:20:05Z</time>
</trkpt>
<trkpt lat="25.280481" lon="121.523853">
<ele>44.6</ele>
<time>2025-09-09T04:20:13Z</time>
</trkpt>
<trkpt lat="25.28052" lon="121.523879">
<ele>44.7</ele>
<time>2025-09-09T04:20:20Z</time>
</trkpt>
<trkpt lat="25.280562" lon="121.523904">
<ele>44.3</ele>
<time>2025-09-09T04:20:27Z</time>
</trkpt>
<trkpt lat="25.280588" lon="121.523858">
<ele>44.8</ele>
<time>2025-09-09T04:20:37Z</time>
</trkpt>
<trkpt lat="25.280581" lon="121.523808">
<ele>44.5</ele>
<time>2025-09-09T04:20:43Z</time>
</trkpt>
<trkpt lat="25.280605" lon="121.523756">
<ele>43.2</ele>
<time>2025-09-09T04:20:49Z</time>
</trkpt>
<trkpt lat="25.280599" lon="121.523702">
<ele>43.3</ele>
<time>2025-09-09T04:20:57Z</time>
</trkpt>
<trkpt lat="25.280597" lon="121.523649">
<ele>43.3</ele>
<time>2025-09-09T04:21:02Z</time>
</trkpt>
<trkpt lat="25.280598" lon="121.523597">
<ele>42.7</ele>
<time>2025-09-09T04:21:09Z</time>
</trkpt>
<trkpt lat="25.280575" lon="121.523552">
<ele>42.8</ele>
<time>2025-09-09T04:21:16Z</time>
</trkpt>
<trkpt lat="25.280604" lon="121.523597">
<ele>42.7</ele>
<time>2025-09-09T04:21:57Z</time>
</trkpt>
<trkpt lat="25.280615" lon="121.523647">
<ele>43.5</ele>
<time>2025-09-09T04:22:03Z</time>
</trkpt>
<trkpt lat="25.280592" lon="121.523692">
<ele>44.2</ele>
<time>2025-09-09T04:22:15Z</time>
</trkpt>
<trkpt lat="25.280592" lon="121.52375">
<ele>43.9</ele>
<time>2025-09-09T04:22:20Z</time>
</trkpt>
<trkpt lat="25.280591" lon="121.523801">
<ele>44.3</ele>
<time>2025-09-09T04:22:26Z</time>
</trkpt>
<trkpt lat="25.280562" lon="121.523843">
<ele>45.3</ele>
<time>2025-09-09T04:22:32Z</time>
</trkpt>
<trkpt lat="25.280599" lon="121.523886">
<ele>47.4</ele>
<time>2025-09-09T04:22:38Z</time>
</trkpt>
<trkpt lat="25.28064" lon="121.523913">
<ele>46.3</ele>
<time>2025-09-09T04:22:45Z</time>
</trkpt>
<trkpt lat="25.280677" lon="121.523955">
<ele>45.7</ele>
<time>2025-09-09T04:22:51Z</time>
</trkpt>
<trkpt lat="25.280724" lon="121.523932">
<ele>46.7</ele>
<time>2025-09-09T04:23:00Z</time>
</trkpt>
<trkpt lat="25.28072" lon="121.523983">
<ele>47.2</ele>
<time>2025-09-09T04:23:05Z</time>
</trkpt>
<trkpt lat="25.280744" lon="121.524025">
<ele>49.5</ele>
<time>2025-09-09T04:23:20Z</time>
</trkpt>
<trkpt lat="25.2807" lon="121.524051">
<ele>49.8</ele>
<time>2025-09-09T04:23:26Z</time>
</trkpt>
<trkpt lat="25.28066" lon="121.524085">
<ele>49.8</ele>
<time>2025-09-09T04:23:32Z</time>
</trkpt>
<trkpt lat="25.280627" lon="121.52412">
<ele>49.7</ele>
<time>2025-09-09T04:23:37Z</time>
</trkpt>
<trkpt lat="25.280589" lon="121.524168">
<ele>49.4</ele>
<time>2025-09-09T04:23:42Z</time>
</trkpt>
<trkpt lat="25.280543" lon="121.524168">
<ele>49.7</ele>
<time>2025-09-09T04:23:49Z</time>
</trkpt>
<trkpt lat="25.28051" lon="121.524132">
<ele>48.9</ele>
<time>2025-09-09T04:23:55Z</time>
</trkpt>
<trkpt lat="25.280461" lon="121.524115">
<ele>48.8</ele>
<time>2025-09-09T04:24:02Z</time>
</trkpt>
<trkpt lat="25.280406" lon="121.524094">
<ele>48.9</ele>
<time>2025-09-09T04:24:09Z</time>
</trkpt>
<trkpt lat="25.28036" lon="121.524062">
<ele>48.7</ele>
<time>2025-09-09T04:24:14Z</time>
</trkpt>
<trkpt lat="25.28031" lon="121.524028">
<ele>49.7</ele>
<time>2025-09-09T04:24:19Z</time>
</trkpt>
<trkpt lat="25.280258" lon="121.524004">
<ele>50.2</ele>
<time>2025-09-09T04:24:24Z</time>
</trkpt>
<trkpt lat="25.280229" lon="121.524073">
<ele>51.6</ele>
<time>2025-09-09T04:24:32Z</time>
</trkpt>
<trkpt lat="25.280225" lon="121.524127">
<ele>52</ele>
<time>2025-09-09T04:24:37Z</time>
</trkpt>
<trkpt lat="25.280216" lon="121.524206">
<ele>51.9</ele>
<time>2025-09-09T04:24:43Z</time>
</trkpt>
<trkpt lat="25.280212" lon="121.524267">
<ele>52.2</ele>
<time>2025-09-09T04:24:53Z</time>
</trkpt>
<trkpt lat="25.280226" lon="121.524322">
<ele>52.3</ele>
<time>2025-09-09T04:24:59Z</time>
</trkpt>
<trkpt lat="25.280182" lon="121.524357">
<ele>52.4</ele>
<time>2025-09-09T04:25:05Z</time>
</trkpt>
<trkpt lat="25.280164" lon="121.524437">
<ele>53.9</ele>
<time>2025-09-09T04:25:11Z</time>
</trkpt>
<trkpt lat="25.280129" lon="121.524476">
<ele>54.9</ele>
<time>2025-09-09T04:25:18Z</time>
</trkpt>
<trkpt lat="25.280133" lon="121.524551">
<ele>54.7</ele>
<time>2025-09-09T04:25:23Z</time>
</trkpt>
<trkpt lat="25.280105" lon="121.524602">
<ele>55.8</ele>
<time>2025-09-09T04:25:28Z</time>
</trkpt>
<trkpt lat="25.280092" lon="121.524652">
<ele>55.6</ele>
<time>2025-09-09T04:25:33Z</time>
</trkpt>
<trkpt lat="25.280101" lon="121.524703">
<ele>53.9</ele>
<time>2025-09-09T04:25:40Z</time>
</trkpt>
<trkpt lat="25.280131" lon="121.524744">
<ele>52.6</ele>
<time>2025-09-09T04:25:46Z</time>
</trkpt>
<trkpt lat="25.280172" lon="121.524766">
<ele>52.3</ele>
<time>2025-09-09T04:25:52Z</time>
</trkpt>
<trkpt lat="25.280186" lon="121.524816">
<ele>52.4</ele>
<time>2025-09-09T04:26:05Z</time>
</trkpt>
<trkpt lat="25.280155" lon="121.524857">
<ele>53.2</ele>
<time>2025-09-09T04:26:11Z</time>
</trkpt>
<trkpt lat="25.280151" lon="121.524909">
<ele>53.9</ele>
<time>2025-09-09T04:26:16Z</time>
</trkpt>
<trkpt lat="25.280155" lon="121.52496">
<ele>54.2</ele>
<time>2025-09-09T04:26:21Z</time>
</trkpt>
<trkpt lat="25.280145" lon="121.525018">
<ele>54</ele>
<time>2025-09-09T04:26:28Z</time>
</trkpt>
<trkpt lat="25.280109" lon="121.525058">
<ele>54.8</ele>
<time>2025-09-09T04:26:39Z</time>
</trkpt>
<trkpt lat="25.280154" lon="121.525071">
<ele>53.9</ele>
<time>2025-09-09T04:27:16Z</time>
</trkpt>
<trkpt lat="25.28014" lon="121.525123">
<ele>55.8</ele>
<time>2025-09-09T04:27:23Z</time>
</trkpt>
<trkpt lat="25.280188" lon="121.525121">
<ele>55</ele>
<time>2025-09-09T04:27:29Z</time>
</trkpt>
<trkpt lat="25.280152" lon="121.525162">
<ele>52.5</ele>
<time>2025-09-09T04:27:35Z</time>
</trkpt>
<trkpt lat="25.280115" lon="121.525133">
<ele>51.6</ele>
<time>2025-09-09T04:27:43Z</time>
</trkpt>
<trkpt lat="25.280177" lon="121.525197">
<ele>50.8</ele>
<time>2025-09-09T04:27:48Z</time>
</trkpt>
<trkpt lat="25.280116" lon="121.525226">
<ele>53.9</ele>
<time>2025-09-09T04:27:57Z</time>
</trkpt>
<trkpt lat="25.280143" lon="121.525281">
<ele>54.8</ele>
<time>2025-09-09T04:28:02Z</time>
</trkpt>
<trkpt lat="25.280177" lon="121.525328">
<ele>55.5</ele>
<time>2025-09-09T04:28:15Z</time>
</trkpt>
<trkpt lat="25.280187" lon="121.525384">
<ele>54.6</ele>
<time>2025-09-09T04:28:22Z</time>
</trkpt>
<trkpt lat="25.280142" lon="121.525359">
<ele>53.6</ele>
<time>2025-09-09T04:28:37Z</time>
</trkpt>
<trkpt lat="25.280095" lon="121.525356">
<ele>52.1</ele>
<time>2025-09-09T04:28:42Z</time>
</trkpt>
<trkpt lat="25.280141" lon="121.5254">
<ele>54.5</ele>
<time>2025-09-09T04:28:54Z</time>
</trkpt>
<trkpt lat="25.280115" lon="121.525354">
<ele>53.8</ele>
<time>2025-09-09T04:29:22Z</time>
</trkpt>
<trkpt lat="25.28008" lon="121.525314">
<ele>54.7</ele>
<time>2025-09-09T04:29:30Z</time>
</trkpt>
<trkpt lat="25.280046" lon="121.52528">
<ele>54.7</ele>
<time>2025-09-09T04:29:37Z</time>
</trkpt>
<trkpt lat="25.28002" lon="121.525223">
<ele>55.1</ele>
<time>2025-09-09T04:29:47Z</time>
</trkpt>
<trkpt lat="25.280006" lon="121.525174">
<ele>56</ele>
<time>2025-09-09T04:29:54Z</time>
</trkpt>
<trkpt lat="25.279974" lon="121.525129">
<ele>55.9</ele>
<time>2025-09-09T04:30:02Z</time>
</trkpt>
<trkpt lat="25.27995" lon="121.525081">
<ele>56.1</ele>
<time>2025-09-09T04:30:10Z</time>
</trkpt>
<trkpt lat="25.279938" lon="121.525032">
<ele>57</ele>
<time>2025-09-09T04:30:16Z</time>
</trkpt>
<trkpt lat="25.279893" lon="121.525015">
<ele>58.2</ele>
<time>2025-09-09T04:30:24Z</time>
</trkpt>
<trkpt lat="25.27986" lon="121.525051">
<ele>58.9</ele>
<time>2025-09-09T04:30:30Z</time>
</trkpt>
<trkpt lat="25.279825" lon="121.525086">
<ele>58.8</ele>
<time>2025-09-09T04:30:36Z</time>
</trkpt>
<trkpt lat="25.279804" lon="121.525141">
<ele>58.6</ele>
<time>2025-09-09T04:30:41Z</time>
</trkpt>
<trkpt lat="25.279761" lon="121.525165">
<ele>55.8</ele>
<time>2025-09-09T04:30:49Z</time>
</trkpt>
<trkpt lat="25.279707" lon="121.525159">
<ele>54.2</ele>
<time>2025-09-09T04:30:59Z</time>
</trkpt>
<trkpt lat="25.279664" lon="121.52513">
<ele>53.4</ele>
<time>2025-09-09T04:31:07Z</time>
</trkpt>
<trkpt lat="25.27962" lon="121.525103">
<ele>53</ele>
<time>2025-09-09T04:31:13Z</time>
</trkpt>
<trkpt lat="25.279568" lon="121.525091">
<ele>52.8</ele>
<time>2025-09-09T04:31:20Z</time>
</trkpt>
<trkpt lat="25.279518" lon="121.525098">
<ele>51.6</ele>
<time>2025-09-09T04:31:26Z</time>
</trkpt>
<trkpt lat="25.279474" lon="121.525075">
<ele>51.7</ele>
<time>2025-09-09T04:31:31Z</time>
</trkpt>
<trkpt lat="25.279424" lon="121.525071">
<ele>51.8</ele>
<time>2025-09-09T04:31:37Z</time>
</trkpt>
<trkpt lat="25.279377" lon="121.525072">
<ele>50.3</ele>
<time>2025-09-09T04:31:44Z</time>
</trkpt>
<trkpt lat="25.279326" lon="121.52507">
<ele>51.2</ele>
<time>2025-09-09T04:31:50Z</time>
</trkpt>
<trkpt lat="25.279274" lon="121.525067">
<ele>53.8</ele>
<time>2025-09-09T04:31:58Z</time>
</trkpt>
<trkpt lat="25.279313" lon="121.525098">
<ele>56.8</ele>
<time>2025-09-09T04:32:26Z</time>
</trkpt>
<trkpt lat="25.279359" lon="121.525106">
<ele>55.9</ele>
<time>2025-09-09T04:32:46Z</time>
</trkpt>
<trkpt lat="25.279408" lon="121.525121">
<ele>56.3</ele>
<time>2025-09-09T04:32:52Z</time>
</trkpt>
<trkpt lat="25.279463" lon="121.525122">
<ele>55</ele>
<time>2025-09-09T04:32:59Z</time>
</trkpt>
<trkpt lat="25.279512" lon="121.525112">
<ele>53.5</ele>
<time>2025-09-09T04:33:04Z</time>
</trkpt>
<trkpt lat="25.279559" lon="121.525114">
<ele>52.4</ele>
<time>2025-09-09T04:33:09Z</time>
</trkpt>
<trkpt lat="25.279625" lon="121.52513">
<ele>54</ele>
<time>2025-09-09T04:33:15Z</time>
</trkpt>
<trkpt lat="25.279673" lon="121.525167">
<ele>54.5</ele>
<time>2025-09-09T04:33:21Z</time>
</trkpt>
<trkpt lat="25.27972" lon="121.525178">
<ele>54.2</ele>
<time>2025-09-09T04:33:28Z</time>
</trkpt>
<trkpt lat="25.279771" lon="121.525191">
<ele>56.1</ele>
<time>2025-09-09T04:33:36Z</time>
</trkpt>
<trkpt lat="25.279797" lon="121.525135">
<ele>56.1</ele>
<time>2025-09-09T04:33:42Z</time>
</trkpt>
<trkpt lat="25.27984" lon="121.525081">
<ele>56.7</ele>
<time>2025-09-09T04:33:48Z</time>
</trkpt>
<trkpt lat="25.279915" lon="121.525055">
<ele>57.9</ele>
<time>2025-09-09T04:33:54Z</time>
</trkpt>
<trkpt lat="25.279949" lon="121.525017">
<ele>57.8</ele>
<time>2025-09-09T04:34:05Z</time>
</trkpt>
<trkpt lat="25.279961" lon="121.525074">
<ele>58.2</ele>
<time>2025-09-09T04:34:30Z</time>
</trkpt>
<trkpt lat="25.279968" lon="121.525132">
<ele>57.4</ele>
<time>2025-09-09T04:34:38Z</time>
</trkpt>
<trkpt lat="25.280003" lon="121.525174">
<ele>55.3</ele>
<time>2025-09-09T04:34:45Z</time>
</trkpt>
<trkpt lat="25.280025" lon="121.525218">
<ele>56.6</ele>
<time>2025-09-09T04:34:50Z</time>
</trkpt>
<trkpt lat="25.280054" lon="121.525264">
<ele>56.1</ele>
<time>2025-09-09T04:34:57Z</time>
</trkpt>
<trkpt lat="25.280073" lon="121.525313">
<ele>54.6</ele>
<time>2025-09-09T04:35:05Z</time>
</trkpt>
<trkpt lat="25.280129" lon="121.52539">
<ele>54.2</ele>
<time>2025-09-09T04:35:11Z</time>
</trkpt>
<trkpt lat="25.280182" lon="121.525407">
<ele>55.8</ele>
<time>2025-09-09T04:35:21Z</time>
</trkpt>
<trkpt lat="25.280228" lon="121.525397">
<ele>56.2</ele>
<time>2025-09-09T04:35:27Z</time>
</trkpt>
<trkpt lat="25.280286" lon="121.525464">
<ele>58</ele>
<time>2025-09-09T04:35:35Z</time>
</trkpt>
<trkpt lat="25.280283" lon="121.525517">
<ele>58.8</ele>
<time>2025-09-09T04:35:44Z</time>
</trkpt>
<trkpt lat="25.280334" lon="121.525508">
<ele>60.6</ele>
<time>2025-09-09T04:35:51Z</time>
</trkpt>
<trkpt lat="25.280334" lon="121.52556">
<ele>61.4</ele>
<time>2025-09-09T04:36:03Z</time>
</trkpt>
<trkpt lat="25.280294" lon="121.525589">
<ele>62.6</ele>
<time>2025-09-09T04:36:12Z</time>
</trkpt>
<trkpt lat="25.280272" lon="121.525632">
<ele>62.3</ele>
<time>2025-09-09T04:36:19Z</time>
</trkpt>
<trkpt lat="25.280246" lon="121.525686">
<ele>61.3</ele>
<time>2025-09-09T04:36:25Z</time>
</trkpt>
<trkpt lat="25.280221" lon="121.525732">
<ele>61.7</ele>
<time>2025-09-09T04:36:31Z</time>
</trkpt>
<trkpt lat="25.280196" lon="121.525784">
<ele>61.5</ele>
<time>2025-09-09T04:36:37Z</time>
</trkpt>
<trkpt lat="25.280168" lon="121.525835">
<ele>61.6</ele>
<time>2025-09-09T04:36:43Z</time>
</trkpt>
<trkpt lat="25.280144" lon="121.525888">
<ele>60.9</ele>
<time>2025-09-09T04:36:49Z</time>
</trkpt>
<trkpt lat="25.280119" lon="121.525938">
<ele>60.5</ele>
<time>2025-09-09T04:36:55Z</time>
</trkpt>
<trkpt lat="25.280103" lon="121.526009">
<ele>62.2</ele>
<time>2025-09-09T04:37:01Z</time>
</trkpt>
<trkpt lat="25.280081" lon="121.526062">
<ele>62.5</ele>
<time>2025-09-09T04:37:12Z</time>
</trkpt>
<trkpt lat="25.280054" lon="121.526116">
<ele>62.8</ele>
<time>2025-09-09T04:37:18Z</time>
</trkpt>
<trkpt lat="25.280033" lon="121.526176">
<ele>64</ele>
<time>2025-09-09T04:37:24Z</time>
</trkpt>
<trkpt lat="25.280005" lon="121.526217">
<ele>64.2</ele>
<time>2025-09-09T04:37:30Z</time>
</trkpt>
<trkpt lat="25.279984" lon="121.52627">
<ele>65.1</ele>
<time>2025-09-09T04:37:37Z</time>
</trkpt>
<trkpt lat="25.279948" lon="121.52632">
<ele>65.7</ele>
<time>2025-09-09T04:37:43Z</time>
</trkpt>
<trkpt lat="25.279913" lon="121.526388">
<ele>67.7</ele>
<time>2025-09-09T04:37:49Z</time>
</trkpt>
<trkpt lat="25.279889" lon="121.526433">
<ele>69.1</ele>
<time>2025-09-09T04:37:55Z</time>
</trkpt>
<trkpt lat="25.279854" lon="121.526471">
<ele>70.9</ele>
<time>2025-09-09T04:38:01Z</time>
</trkpt>
<trkpt lat="25.279819" lon="121.526504">
<ele>70.8</ele>
<time>2025-09-09T04:38:08Z</time>
</trkpt>
<trkpt lat="25.279782" lon="121.526542">
<ele>71.4</ele>
<time>2025-09-09T04:38:14Z</time>
</trkpt>
<trkpt lat="25.279735" lon="121.526564">
<ele>71.6</ele>
<time>2025-09-09T04:38:20Z</time>
</trkpt>
<trkpt lat="25.279686" lon="121.526586">
<ele>71.6</ele>
<time>2025-09-09T04:38:26Z</time>
</trkpt>
<trkpt lat="25.279639" lon="121.526613">
<ele>71.4</ele>
<time>2025-09-09T04:38:32Z</time>
</trkpt>
<trkpt lat="25.279595" lon="121.526636">
<ele>72.1</ele>
<time>2025-09-09T04:38:39Z</time>
</trkpt>
<trkpt lat="25.279551" lon="121.526668">
<ele>71.7</ele>
<time>2025-09-09T04:38:45Z</time>
</trkpt>
<trkpt lat="25.279496" lon="121.526677">
<ele>71.9</ele>
<time>2025-09-09T04:38:51Z</time>
</trkpt>
<trkpt lat="25.279456" lon="121.526707">
<ele>73.6</ele>
<time>2025-09-09T04:38:58Z</time>
</trkpt>
<trkpt lat="25.279409" lon="121.526737">
<ele>73.5</ele>
<time>2025-09-09T04:39:05Z</time>
</trkpt>
<trkpt lat="25.279365" lon="121.526768">
<ele>73.7</ele>
<time>2025-09-09T04:39:11Z</time>
</trkpt>
<trkpt lat="25.279317" lon="121.526794">
<ele>74.2</ele>
<time>2025-09-09T04:39:17Z</time>
</trkpt>
<trkpt lat="25.279273" lon="121.526834">
<ele>75.2</ele>
<time>2025-09-09T04:39:23Z</time>
</trkpt>
<trkpt lat="25.279229" lon="121.526869">
<ele>74.8</ele>
<time>2025-09-09T04:39:29Z</time>
</trkpt>
<trkpt lat="25.279181" lon="121.526906">
<ele>76.2</ele>
<time>2025-09-09T04:39:36Z</time>
</trkpt>
<trkpt lat="25.27914" lon="121.526941">
<ele>76.4</ele>
<time>2025-09-09T04:39:42Z</time>
</trkpt>
<trkpt lat="25.279095" lon="121.526972">
<ele>75.7</ele>
<time>2025-09-09T04:39:48Z</time>
</trkpt>
<trkpt lat="25.279046" lon="121.52701">
<ele>75.2</ele>
<time>2025-09-09T04:39:54Z</time>
</trkpt>
<trkpt lat="25.278999" lon="121.527035">
<ele>73.5</ele>
<time>2025-09-09T04:40:01Z</time>
</trkpt>
<trkpt lat="25.278956" lon="121.52707">
<ele>73.5</ele>
<time>2025-09-09T04:40:07Z</time>
</trkpt>
<trkpt lat="25.278913" lon="121.527094">
<ele>72.5</ele>
<time>2025-09-09T04:40:13Z</time>
</trkpt>
<trkpt lat="25.278863" lon="121.527129">
<ele>73.1</ele>
<time>2025-09-09T04:40:19Z</time>
</trkpt>
<trkpt lat="25.278814" lon="121.527155">
<ele>72.1</ele>
<time>2025-09-09T04:40:26Z</time>
</trkpt>
<trkpt lat="25.278758" lon="121.527193">
<ele>73.2</ele>
<time>2025-09-09T04:40:32Z</time>
</trkpt>
<trkpt lat="25.278713" lon="121.527215">
<ele>72.3</ele>
<time>2025-09-09T04:40:38Z</time>
</trkpt>
<trkpt lat="25.27866" lon="121.527238">
<ele>72.4</ele>
<time>2025-09-09T04:40:44Z</time>
</trkpt>
<trkpt lat="25.278609" lon="121.527248">
<ele>73</ele>
<time>2025-09-09T04:40:50Z</time>
</trkpt>
<trkpt lat="25.278561" lon="121.527261">
<ele>72.6</ele>
<time>2025-09-09T04:40:56Z</time>
</trkpt>
<trkpt lat="25.278504" lon="121.527264">
<ele>72.4</ele>
<time>2025-09-09T04:41:02Z</time>
</trkpt>
<trkpt lat="25.278451" lon="121.527255">
<ele>71</ele>
<time>2025-09-09T04:41:09Z</time>
</trkpt>
<trkpt lat="25.278401" lon="121.527237">
<ele>70.8</ele>
<time>2025-09-09T04:41:15Z</time>
</trkpt>
<trkpt lat="25.278348" lon="121.527216">
<ele>71.7</ele>
<time>2025-09-09T04:41:21Z</time>
</trkpt>
<trkpt lat="25.2783" lon="121.527198">
<ele>71.8</ele>
<time>2025-09-09T04:41:27Z</time>
</trkpt>
<trkpt lat="25.278253" lon="121.527178">
<ele>73</ele>
<time>2025-09-09T04:41:32Z</time>
</trkpt>
<trkpt lat="25.278203" lon="121.527168">
<ele>73</ele>
<time>2025-09-09T04:41:38Z</time>
</trkpt>
<trkpt lat="25.278153" lon="121.527156">
<ele>73.3</ele>
<time>2025-09-09T04:41:44Z</time>
</trkpt>
<trkpt lat="25.278097" lon="121.527141">
<ele>74.3</ele>
<time>2025-09-09T04:41:50Z</time>
</trkpt>
<trkpt lat="25.278049" lon="121.527135">
<ele>75.2</ele>
<time>2025-09-09T04:41:57Z</time>
</trkpt>
<trkpt lat="25.278003" lon="121.527103">
<ele>74.2</ele>
<time>2025-09-09T04:42:03Z</time>
</trkpt>
<trkpt lat="25.278007" lon="121.527042">
<ele>75.5</ele>
<time>2025-09-09T04:42:09Z</time>
</trkpt>
<trkpt lat="25.278022" lon="121.52699">
<ele>76.7</ele>
<time>2025-09-09T04:42:16Z</time>
</trkpt>
<trkpt lat="25.278037" lon="121.526939">
<ele>77.7</ele>
<time>2025-09-09T04:42:22Z</time>
</trkpt>
<trkpt lat="25.278067" lon="121.526893">
<ele>77.7</ele>
<time>2025-09-09T04:42:29Z</time>
</trkpt>
<trkpt lat="25.278076" lon="121.526841">
<ele>77.7</ele>
<time>2025-09-09T04:43:00Z</time>
</trkpt>
<trkpt lat="25.278096" lon="121.526779">
<ele>77.3</ele>
<time>2025-09-09T04:43:06Z</time>
</trkpt>
<trkpt lat="25.278101" lon="121.526722">
<ele>79</ele>
<time>2025-09-09T04:43:21Z</time>
</trkpt>
<trkpt lat="25.278085" lon="121.526657">
<ele>80.6</ele>
<time>2025-09-09T04:43:27Z</time>
</trkpt>
<trkpt lat="25.278073" lon="121.526596">
<ele>79.6</ele>
<time>2025-09-09T04:43:33Z</time>
</trkpt>
<trkpt lat="25.278077" lon="121.526538">
<ele>78.7</ele>
<time>2025-09-09T04:43:39Z</time>
</trkpt>
<trkpt lat="25.278101" lon="121.526484">
<ele>78</ele>
<time>2025-09-09T04:43:45Z</time>
</trkpt>
<trkpt lat="25.278131" lon="121.526433">
<ele>77.8</ele>
<time>2025-09-09T04:43:51Z</time>
</trkpt>
<trkpt lat="25.278168" lon="121.526378">
<ele>78</ele>
<time>2025-09-09T04:43:57Z</time>
</trkpt>
<trkpt lat="25.278201" lon="121.526316">
<ele>79.2</ele>
<time>2025-09-09T04:44:03Z</time>
</trkpt>
<trkpt lat="25.278221" lon="121.526269">
<ele>77.9</ele>
<time>2025-09-09T04:44:09Z</time>
</trkpt>
<trkpt lat="25.27825" lon="121.526216">
<ele>76.7</ele>
<time>2025-09-09T04:44:15Z</time>
</trkpt>
<trkpt lat="25.278274" lon="121.526163">
<ele>76.3</ele>
<time>2025-09-09T04:44:21Z</time>
</trkpt>
<trkpt lat="25.278294" lon="121.526105">
<ele>76.6</ele>
<time>2025-09-09T04:44:32Z</time>
</trkpt>
<trkpt lat="25.278313" lon="121.526059">
<ele>76.6</ele>
<time>2025-09-09T04:44:38Z</time>
</trkpt>
<trkpt lat="25.278315" lon="121.526001">
<ele>74.7</ele>
<time>2025-09-09T04:44:46Z</time>
</trkpt>
<trkpt lat="25.278329" lon="121.525954">
<ele>75.7</ele>
<time>2025-09-09T04:44:53Z</time>
</trkpt>
<trkpt lat="25.278336" lon="121.525898">
<ele>74.9</ele>
<time>2025-09-09T04:45:16Z</time>
</trkpt>
<trkpt lat="25.278357" lon="121.52585">
<ele>74.3</ele>
<time>2025-09-09T04:45:22Z</time>
</trkpt>
<trkpt lat="25.278347" lon="121.525899">
<ele>75.2</ele>
<time>2025-09-09T04:45:47Z</time>
</trkpt>
<trkpt lat="25.278345" lon="121.525843">
<ele>76.1</ele>
<time>2025-09-09T04:46:34Z</time>
</trkpt>
<trkpt lat="25.278339" lon="121.525901">
<ele>74.6</ele>
<time>2025-09-09T04:47:46Z</time>
</trkpt>
<trkpt lat="25.278353" lon="121.52585">
<ele>74.2</ele>
<time>2025-09-09T04:48:04Z</time>
</trkpt>
<trkpt lat="25.278358" lon="121.5258">
<ele>75</ele>
<time>2025-09-09T04:48:29Z</time>
</trkpt>
<trkpt lat="25.27836" lon="121.525749">
<ele>74.2</ele>
<time>2025-09-09T04:48:35Z</time>
</trkpt>
<trkpt lat="25.27837" lon="121.525698">
<ele>73.7</ele>
<time>2025-09-09T04:49:32Z</time>
</trkpt>
<trkpt lat="25.278364" lon="121.525647">
<ele>72.1</ele>
<time>2025-09-09T04:49:38Z</time>
</trkpt>
<trkpt lat="25.278335" lon="121.525604">
<ele>70.2</ele>
<time>2025-09-09T04:49:44Z</time>
</trkpt>
<trkpt lat="25.278304" lon="121.525563">
<ele>67.9</ele>
<time>2025-09-09T04:49:49Z</time>
</trkpt>
<trkpt lat="25.278271" lon="121.525523">
<ele>67.2</ele>
<time>2025-09-09T04:49:55Z</time>
</trkpt>
<trkpt lat="25.278304" lon="121.525489">
<ele>68.2</ele>
<time>2025-09-09T04:50:01Z</time>
</trkpt>
<trkpt lat="25.278341" lon="121.525452">
<ele>68.9</ele>
<time>2025-09-09T04:50:08Z</time>
</trkpt>
<trkpt lat="25.278295" lon="121.525456">
<ele>66.1</ele>
<time>2025-09-09T04:50:30Z</time>
</trkpt>
<trkpt lat="25.278229" lon="121.525478">
<ele>67.4</ele>
<time>2025-09-09T04:50:36Z</time>
</trkpt>
<trkpt lat="25.278194" lon="121.525444">
<ele>65.9</ele>
<time>2025-09-09T04:50:48Z</time>
</trkpt>
<trkpt lat="25.278154" lon="121.52547">
<ele>66.6</ele>
<time>2025-09-09T04:51:04Z</time>
</trkpt>
<trkpt lat="25.278121" lon="121.525507">
<ele>66.2</ele>
<time>2025-09-09T04:51:12Z</time>
</trkpt>
<trkpt lat="25.278161" lon="121.525478">
<ele>66.9</ele>
<time>2025-09-09T04:51:54Z</time>
</trkpt>
<trkpt lat="25.278114" lon="121.525476">
<ele>66.5</ele>
<time>2025-09-09T04:52:59Z</time>
</trkpt>
<trkpt lat="25.278118" lon="121.525426">
<ele>66.2</ele>
<time>2025-09-09T04:53:05Z</time>
</trkpt>
<trkpt lat="25.278155" lon="121.525392">
<ele>67.9</ele>
<time>2025-09-09T04:53:16Z</time>
</trkpt>
<trkpt lat="25.278201" lon="121.525381">
<ele>67.6</ele>
<time>2025-09-09T04:55:07Z</time>
</trkpt>
<trkpt lat="25.278256" lon="121.525386">
<ele>69.1</ele>
<time>2025-09-09T04:56:08Z</time>
</trkpt>
<trkpt lat="25.278302" lon="121.525402">
<ele>68.4</ele>
<time>2025-09-09T04:56:34Z</time>
</trkpt>
<trkpt lat="25.278347" lon="121.525391">
<ele>68.4</ele>
<time>2025-09-09T04:56:44Z</time>
</trkpt>
<trkpt lat="25.278334" lon="121.525443">
<ele>70.4</ele>
<time>2025-09-09T04:56:57Z</time>
</trkpt>
<trkpt lat="25.278391" lon="121.525386">
<ele>70.1</ele>
<time>2025-09-09T04:57:17Z</time>
</trkpt>
<trkpt lat="25.278374" lon="121.525455">
<ele>70</ele>
<time>2025-09-09T04:57:23Z</time>
</trkpt>
<trkpt lat="25.278407" lon="121.525365">
<ele>70.5</ele>
<time>2025-09-09T04:57:29Z</time>
</trkpt>
<trkpt lat="25.278382" lon="121.52542">
<ele>69.7</ele>
<time>2025-09-09T04:57:39Z</time>
</trkpt>
<trkpt lat="25.278408" lon="121.525376">
<ele>70.3</ele>
<time>2025-09-09T04:57:48Z</time>
</trkpt>
<trkpt lat="25.278389" lon="121.525326">
<ele>65.1</ele>
<time>2025-09-09T04:58:03Z</time>
</trkpt>
<trkpt lat="25.27842" lon="121.525274">
<ele>63.1</ele>
<time>2025-09-09T04:58:12Z</time>
</trkpt>
<trkpt lat="25.278404" lon="121.525222">
<ele>62.1</ele>
<time>2025-09-09T04:58:18Z</time>
</trkpt>
<trkpt lat="25.278385" lon="121.525173">
<ele>64.5</ele>
<time>2025-09-09T04:58:26Z</time>
</trkpt>
<trkpt lat="25.278374" lon="121.52512">
<ele>63.7</ele>
<time>2025-09-09T04:59:25Z</time>
</trkpt>
<trkpt lat="25.278396" lon="121.525076">
<ele>64.7</ele>
<time>2025-09-09T04:59:38Z</time>
</trkpt>
<trkpt lat="25.278369" lon="121.525025">
<ele>64.8</ele>
<time>2025-09-09T04:59:47Z</time>
</trkpt>
<trkpt lat="25.278326" lon="121.524973">
<ele>64.7</ele>
<time>2025-09-09T04:59:53Z</time>
</trkpt>
<trkpt lat="25.278273" lon="121.524985">
<ele>66.2</ele>
<time>2025-09-09T04:59:59Z</time>
</trkpt>
<trkpt lat="25.278234" lon="121.525021">
<ele>66.1</ele>
<time>2025-09-09T05:00:06Z</time>
</trkpt>
<trkpt lat="25.27828" lon="121.525017">
<ele>68.1</ele>
<time>2025-09-09T05:00:44Z</time>
</trkpt>
<trkpt lat="25.278336" lon="121.52501">
<ele>68.7</ele>
<time>2025-09-09T05:00:50Z</time>
</trkpt>
<trkpt lat="25.278353" lon="121.524963">
<ele>70.2</ele>
<time>2025-09-09T05:01:10Z</time>
</trkpt>
<trkpt lat="25.27837" lon="121.524907">
<ele>69.2</ele>
<time>2025-09-09T05:01:44Z</time>
</trkpt>
<trkpt lat="25.278376" lon="121.524856">
<ele>73.9</ele>
<time>2025-09-09T05:02:43Z</time>
</trkpt>
<trkpt lat="25.278403" lon="121.524801">
<ele>72.9</ele>
<time>2025-09-09T05:03:13Z</time>
</trkpt>
<trkpt lat="25.27846" lon="121.524782">
<ele>70.9</ele>
<time>2025-09-09T05:03:32Z</time>
</trkpt>
<trkpt lat="25.278515" lon="121.524771">
<ele>70.9</ele>
<time>2025-09-09T05:03:38Z</time>
</trkpt>
<trkpt lat="25.278545" lon="121.524727">
<ele>69.3</ele>
<time>2025-09-09T05:03:46Z</time>
</trkpt>
<trkpt lat="25.278604" lon="121.524695">
<ele>69.2</ele>
<time>2025-09-09T05:03:56Z</time>
</trkpt>
<trkpt lat="25.278623" lon="121.524641">
<ele>69.1</ele>
<time>2025-09-09T05:04:19Z</time>
</trkpt>
<trkpt lat="25.27861" lon="121.524591">
<ele>67.3</ele>
<time>2025-09-09T05:04:26Z</time>
</trkpt>
<trkpt lat="25.27866" lon="121.524596">
<ele>67.9</ele>
<time>2025-09-09T05:04:34Z</time>
</trkpt>
<trkpt lat="25.278706" lon="121.524548">
<ele>67.8</ele>
<time>2025-09-09T05:04:46Z</time>
</trkpt>
<trkpt lat="25.278737" lon="121.524511">
<ele>67.2</ele>
<time>2025-09-09T05:05:37Z</time>
</trkpt>
<trkpt lat="25.278778" lon="121.524479">
<ele>66.4</ele>
<time>2025-09-09T05:05:48Z</time>
</trkpt>
<trkpt lat="25.278823" lon="121.524492">
<ele>66.5</ele>
<time>2025-09-09T05:05:56Z</time>
</trkpt>
<trkpt lat="25.278869" lon="121.524505">
<ele>66.9</ele>
<time>2025-09-09T05:06:02Z</time>
</trkpt>
<trkpt lat="25.278909" lon="121.524541">
<ele>67.4</ele>
<time>2025-09-09T05:06:08Z</time>
</trkpt>
<trkpt lat="25.278955" lon="121.524568">
<ele>65.7</ele>
<time>2025-09-09T05:06:19Z</time>
</trkpt>
<trkpt lat="25.278987" lon="121.524608">
<ele>66.4</ele>
<time>2025-09-09T05:06:26Z</time>
</trkpt>
<trkpt lat="25.279031" lon="121.524591">
<ele>65.7</ele>
<time>2025-09-09T05:06:33Z</time>
</trkpt>
<trkpt lat="25.279065" lon="121.524551">
<ele>64.7</ele>
<time>2025-09-09T05:06:46Z</time>
</trkpt>
<trkpt lat="25.279114" lon="121.524529">
<ele>64.2</ele>
<time>2025-09-09T05:06:59Z</time>
</trkpt>
<trkpt lat="25.279159" lon="121.524533">
<ele>64.7</ele>
<time>2025-09-09T05:07:05Z</time>
</trkpt>
<trkpt lat="25.279206" lon="121.524509">
<ele>64.6</ele>
<time>2025-09-09T05:07:12Z</time>
</trkpt>
<trkpt lat="25.279252" lon="121.524522">
<ele>65.4</ele>
<time>2025-09-09T05:07:26Z</time>
</trkpt>
<trkpt lat="25.279301" lon="121.524501">
<ele>63.9</ele>
<time>2025-09-09T05:07:39Z</time>
</trkpt>
<trkpt lat="25.279318" lon="121.524453">
<ele>63.5</ele>
<time>2025-09-09T05:07:49Z</time>
</trkpt>
<trkpt lat="25.279344" lon="121.524405">
<ele>63</ele>
<time>2025-09-09T05:07:56Z</time>
</trkpt>
<trkpt lat="25.279379" lon="121.524372">
<ele>61.4</ele>
<time>2025-09-09T05:08:05Z</time>
</trkpt>
<trkpt lat="25.279427" lon="121.524358">
<ele>59.8</ele>
<time>2025-09-09T05:08:46Z</time>
</trkpt>
<trkpt lat="25.279474" lon="121.52433">
<ele>59.9</ele>
<time>2025-09-09T05:09:00Z</time>
</trkpt>
<trkpt lat="25.279521" lon="121.524299">
<ele>60.8</ele>
<time>2025-09-09T05:09:08Z</time>
</trkpt>
<trkpt lat="25.279564" lon="121.524276">
<ele>60.1</ele>
<time>2025-09-09T05:09:18Z</time>
</trkpt>
<trkpt lat="25.279607" lon="121.524295">
<ele>59.9</ele>
<time>2025-09-09T05:09:24Z</time>
</trkpt>
<trkpt lat="25.279649" lon="121.524269">
<ele>59.9</ele>
<time>2025-09-09T05:09:33Z</time>
</trkpt>
<trkpt lat="25.279693" lon="121.524282">
<ele>59.1</ele>
<time>2025-09-09T05:09:45Z</time>
</trkpt>
<trkpt lat="25.279742" lon="121.524281">
<ele>58.7</ele>
<time>2025-09-09T05:09:54Z</time>
</trkpt>
<trkpt lat="25.2798" lon="121.524286">
<ele>59.4</ele>
<time>2025-09-09T05:10:14Z</time>
</trkpt>
<trkpt lat="25.279847" lon="121.5243">
<ele>59.4</ele>
<time>2025-09-09T05:10:21Z</time>
</trkpt>
<trkpt lat="25.279892" lon="121.524287">
<ele>60</ele>
<time>2025-09-09T05:10:29Z</time>
</trkpt>
<trkpt lat="25.279921" lon="121.524244">
<ele>60.1</ele>
<time>2025-09-09T05:10:39Z</time>
</trkpt>
<trkpt lat="25.279952" lon="121.524202">
<ele>59.5</ele>
<time>2025-09-09T05:10:45Z</time>
</trkpt>
<trkpt lat="25.279949" lon="121.524148">
<ele>59.3</ele>
<time>2025-09-09T05:10:51Z</time>
</trkpt>
<trkpt lat="25.279944" lon="121.524097">
<ele>59.4</ele>
<time>2025-09-09T05:10:59Z</time>
</trkpt>
<trkpt lat="25.279963" lon="121.524046">
<ele>57.8</ele>
<time>2025-09-09T05:11:13Z</time>
</trkpt>
<trkpt lat="25.279944" lon="121.524">
<ele>56.1</ele>
<time>2025-09-09T05:11:30Z</time>
</trkpt>
<trkpt lat="25.279932" lon="121.523948">
<ele>55.9</ele>
<time>2025-09-09T05:11:42Z</time>
</trkpt>
<trkpt lat="25.279981" lon="121.52395">
<ele>55.6</ele>
<time>2025-09-09T05:11:54Z</time>
</trkpt>
<trkpt lat="25.280024" lon="121.523933">
<ele>55.1</ele>
<time>2025-09-09T05:12:12Z</time>
</trkpt>
<trkpt lat="25.280087" lon="121.523924">
<ele>55.3</ele>
<time>2025-09-09T05:12:26Z</time>
</trkpt>
<trkpt lat="25.280108" lon="121.523876">
<ele>55.4</ele>
<time>2025-09-09T05:12:49Z</time>
</trkpt>
<trkpt lat="25.280154" lon="121.523878">
<ele>56.6</ele>
<time>2025-09-09T05:13:17Z</time>
</trkpt>
<trkpt lat="25.280196" lon="121.523853">
<ele>56.6</ele>
<time>2025-09-09T05:13:36Z</time>
</trkpt>
<trkpt lat="25.280227" lon="121.523808">
<ele>54.8</ele>
<time>2025-09-09T05:13:52Z</time>
</trkpt>
<trkpt lat="25.28027" lon="121.523829">
<ele>56.4</ele>
<time>2025-09-09T05:14:14Z</time>
</trkpt>
<trkpt lat="25.280298" lon="121.523872">
<ele>55.5</ele>
<time>2025-09-09T05:14:28Z</time>
</trkpt>
<trkpt lat="25.280286" lon="121.523944">
<ele>55.5</ele>
<time>2025-09-09T05:14:43Z</time>
</trkpt>
<trkpt lat="25.280341" lon="121.523947">
<ele>52.3</ele>
<time>2025-09-09T05:15:36Z</time>
</trkpt>
<trkpt lat="25.280296" lon="121.523981">
<ele>52.1</ele>
<time>2025-09-09T05:15:44Z</time>
</trkpt>
<trkpt lat="25.280291" lon="121.524032">
<ele>51.4</ele>
<time>2025-09-09T05:15:52Z</time>
</trkpt>
<trkpt lat="25.280221" lon="121.52405">
<ele>53</ele>
<time>2025-09-09T05:16:11Z</time>
</trkpt>
<trkpt lat="25.280275" lon="121.524055">
<ele>53.8</ele>
<time>2025-09-09T05:16:30Z</time>
</trkpt>
<trkpt lat="25.280272" lon="121.524003">
<ele>52.9</ele>
<time>2025-09-09T05:16:35Z</time>
</trkpt>
<trkpt lat="25.280313" lon="121.52397">
<ele>53.4</ele>
<time>2025-09-09T05:17:29Z</time>
</trkpt>
<trkpt lat="25.280297" lon="121.523924">
<ele>52.2</ele>
<time>2025-09-09T05:18:22Z</time>
</trkpt>
<trkpt lat="25.280332" lon="121.523887">
<ele>52.3</ele>
<time>2025-09-09T05:18:35Z</time>
</trkpt>
<trkpt lat="25.280337" lon="121.523837">
<ele>52.9</ele>
<time>2025-09-09T05:18:48Z</time>
</trkpt>
<trkpt lat="25.280301" lon="121.523798">
<ele>53</ele>
<time>2025-09-09T05:18:57Z</time>
</trkpt>
<trkpt lat="25.280317" lon="121.523749">
<ele>54.2</ele>
<time>2025-09-09T05:19:04Z</time>
</trkpt>
<trkpt lat="25.280369" lon="121.523783">
<ele>53.2</ele>
<time>2025-09-09T05:19:09Z</time>
</trkpt>
<trkpt lat="25.280415" lon="121.523748">
<ele>53.5</ele>
<time>2025-09-09T05:19:33Z</time>
</trkpt>
<trkpt lat="25.280382" lon="121.523705">
<ele>52.4</ele>
<time>2025-09-09T05:19:42Z</time>
</trkpt>
<trkpt lat="25.280349" lon="121.52374">
<ele>52.1</ele>
<time>2025-09-09T05:24:21Z</time>
</trkpt>
<trkpt lat="25.280397" lon="121.52373">
<ele>52</ele>
<time>2025-09-09T05:24:28Z</time>
</trkpt>
<trkpt lat="25.280351" lon="121.52372">
<ele>50.3</ele>
<time>2025-09-09T05:25:10Z</time>
</trkpt>
<trkpt lat="25.280407" lon="121.523734">
<ele>54.4</ele>
<time>2025-09-09T05:25:51Z</time>
</trkpt>
<trkpt lat="25.280409" lon="121.523682">
<ele>51.8</ele>
<time>2025-09-09T05:26:28Z</time>
</trkpt>
<trkpt lat="25.28046" lon="121.523645">
<ele>51.1</ele>
<time>2025-09-09T05:27:03Z</time>
</trkpt>
<trkpt lat="25.280482" lon="121.523601">
<ele>49.8</ele>
<time>2025-09-09T05:27:15Z</time>
</trkpt>
<trkpt lat="25.280465" lon="121.52354">
<ele>49.4</ele>
<time>2025-09-09T05:27:27Z</time>
</trkpt>
<trkpt lat="25.280476" lon="121.523491">
<ele>49.5</ele>
<time>2025-09-09T05:27:34Z</time>
</trkpt>
<trkpt lat="25.280476" lon="121.523437">
<ele>49.8</ele>
<time>2025-09-09T05:27:40Z</time>
</trkpt>
<trkpt lat="25.280507" lon="121.523397">
<ele>48.5</ele>
<time>2025-09-09T05:27:53Z</time>
</trkpt>
<trkpt lat="25.280551" lon="121.523407">
<ele>44.4</ele>
<time>2025-09-09T05:28:10Z</time>
</trkpt>
<trkpt lat="25.280581" lon="121.523355">
<ele>43.9</ele>
<time>2025-09-09T05:28:18Z</time>
</trkpt>
<trkpt lat="25.280619" lon="121.523305">
<ele>44.5</ele>
<time>2025-09-09T05:28:24Z</time>
</trkpt>
<trkpt lat="25.280632" lon="121.523235">
<ele>44.7</ele>
<time>2025-09-09T05:28:30Z</time>
</trkpt>
<trkpt lat="25.280673" lon="121.523184">
<ele>45.2</ele>
<time>2025-09-09T05:28:36Z</time>
</trkpt>
<trkpt lat="25.280704" lon="121.523145">
<ele>42.6</ele>
<time>2025-09-09T05:28:59Z</time>
</trkpt>
<trkpt lat="25.280761" lon="121.523129">
<ele>43.1</ele>
<time>2025-09-09T05:29:05Z</time>
</trkpt>
<trkpt lat="25.280764" lon="121.523075">
<ele>43.3</ele>
<time>2025-09-09T05:29:22Z</time>
</trkpt>
<trkpt lat="25.280718" lon="121.523059">
<ele>43.6</ele>
<time>2025-09-09T05:29:46Z</time>
</trkpt>
<trkpt lat="25.280668" lon="121.523056">
<ele>44</ele>
<time>2025-09-09T05:31:03Z</time>
</trkpt>
<trkpt lat="25.280615" lon="121.523042">
<ele>43.5</ele>
<time>2025-09-09T05:31:09Z</time>
</trkpt>
<trkpt lat="25.280571" lon="121.523016">
<ele>45</ele>
<time>2025-09-09T05:31:15Z</time>
</trkpt>
<trkpt lat="25.280523" lon="121.523006">
<ele>44.5</ele>
<time>2025-09-09T05:31:21Z</time>
</trkpt>
<trkpt lat="25.280479" lon="121.522995">
<ele>45.5</ele>
<time>2025-09-09T05:31:27Z</time>
</trkpt>
<trkpt lat="25.280442" lon="121.523041">
<ele>45.7</ele>
<time>2025-09-09T05:31:33Z</time>
</trkpt>
<trkpt lat="25.280386" lon="121.523044">
<ele>45.5</ele>
<time>2025-09-09T05:31:39Z</time>
</trkpt>
<trkpt lat="25.28034" lon="121.523016">
<ele>45</ele>
<time>2025-09-09T05:31:45Z</time>
</trkpt>
<trkpt lat="25.28028" lon="121.522986">
<ele>45.9</ele>
<time>2025-09-09T05:31:51Z</time>
</trkpt>
<trkpt lat="25.280236" lon="121.522967">
<ele>44.7</ele>
<time>2025-09-09T05:31:56Z</time>
</trkpt>
<trkpt lat="25.2802" lon="121.522934">
<ele>46.1</ele>
<time>2025-09-09T05:32:02Z</time>
</trkpt>
<trkpt lat="25.280178" lon="121.522891">
<ele>46.1</ele>
<time>2025-09-09T05:32:09Z</time>
</trkpt>
<trkpt lat="25.280157" lon="121.522841">
<ele>47.1</ele>
<time>2025-09-09T05:32:17Z</time>
</trkpt>
<trkpt lat="25.280121" lon="121.52281">
<ele>47</ele>
<time>2025-09-09T05:32:22Z</time>
</trkpt>
<trkpt lat="25.280094" lon="121.522756">
<ele>48.8</ele>
<time>2025-09-09T05:32:43Z</time>
</trkpt>
<trkpt lat="25.280069" lon="121.522714">
<ele>47.9</ele>
<time>2025-09-09T05:32:57Z</time>
</trkpt>
<trkpt lat="25.280013" lon="121.522711">
<ele>47.1</ele>
<time>2025-09-09T05:33:03Z</time>
</trkpt>
<trkpt lat="25.279946" lon="121.522694">
<ele>46.1</ele>
<time>2025-09-09T05:33:09Z</time>
</trkpt>
<trkpt lat="25.279886" lon="121.522679">
<ele>45.5</ele>
<time>2025-09-09T05:33:15Z</time>
</trkpt>
<trkpt lat="25.279841" lon="121.522646">
<ele>44.6</ele>
<time>2025-09-09T05:33:22Z</time>
</trkpt>
<trkpt lat="25.279782" lon="121.522655">
<ele>44.2</ele>
<time>2025-09-09T05:33:28Z</time>
</trkpt>
<trkpt lat="25.279717" lon="121.522679">
<ele>44.3</ele>
<time>2025-09-09T05:33:34Z</time>
</trkpt>
<trkpt lat="25.279673" lon="121.522668">
<ele>43.8</ele>
<time>2025-09-09T05:33:40Z</time>
</trkpt>
<trkpt lat="25.279623" lon="121.522649">
<ele>42.7</ele>
<time>2025-09-09T05:33:47Z</time>
</trkpt>
<trkpt lat="25.279586" lon="121.522603">
<ele>41.7</ele>
<time>2025-09-09T05:33:53Z</time>
</trkpt>
<trkpt lat="25.279541" lon="121.522549">
<ele>41.5</ele>
<time>2025-09-09T05:33:58Z</time>
</trkpt>
<trkpt lat="25.279499" lon="121.522499">
<ele>41.8</ele>
<time>2025-09-09T05:34:03Z</time>
</trkpt>
<trkpt lat="25.279463" lon="121.522467">
<ele>42</ele>
<time>2025-09-09T05:34:08Z</time>
</trkpt>
<trkpt lat="25.279429" lon="121.522432">
<ele>42.4</ele>
<time>2025-09-09T05:34:13Z</time>
</trkpt>
<trkpt lat="25.279371" lon="121.522421">
<ele>42.2</ele>
<time>2025-09-09T05:34:18Z</time>
</trkpt>
<trkpt lat="25.279314" lon="121.522411">
<ele>43</ele>
<time>2025-09-09T05:34:23Z</time>
</trkpt>
<trkpt lat="25.27928" lon="121.52237">
<ele>42.7</ele>
<time>2025-09-09T05:34:28Z</time>
</trkpt>
<trkpt lat="25.279231" lon="121.522367">
<ele>43</ele>
<time>2025-09-09T05:34:34Z</time>
</trkpt>
<trkpt lat="25.279182" lon="121.522357">
<ele>44.6</ele>
<time>2025-09-09T05:34:40Z</time>
</trkpt>
<trkpt lat="25.279131" lon="121.522328">
<ele>45</ele>
<time>2025-09-09T05:34:46Z</time>
</trkpt>
<trkpt lat="25.279085" lon="121.522324">
<ele>45.9</ele>
<time>2025-09-09T05:34:56Z</time>
</trkpt>
<trkpt lat="25.279044" lon="121.522354">
<ele>47.7</ele>
<time>2025-09-09T05:35:02Z</time>
</trkpt>
<trkpt lat="25.279048" lon="121.522416">
<ele>48.1</ele>
<time>2025-09-09T05:35:07Z</time>
</trkpt>
<trkpt lat="25.279005" lon="121.522443">
<ele>48.9</ele>
<time>2025-09-09T05:35:20Z</time>
</trkpt>
<trkpt lat="25.278977" lon="121.522398">
<ele>49.5</ele>
<time>2025-09-09T05:35:25Z</time>
</trkpt>
<trkpt lat="25.278965" lon="121.522468">
<ele>49.4</ele>
<time>2025-09-09T05:35:41Z</time>
</trkpt>
<trkpt lat="25.27894" lon="121.522411">
<ele>49.7</ele>
<time>2025-09-09T05:35:46Z</time>
</trkpt>
<trkpt lat="25.278934" lon="121.522358">
<ele>51</ele>
<time>2025-09-09T05:35:51Z</time>
</trkpt>
<trkpt lat="25.27891" lon="121.522424">
<ele>50.5</ele>
<time>2025-09-09T05:35:58Z</time>
</trkpt>
<trkpt lat="25.278863" lon="121.522407">
<ele>50.6</ele>
<time>2025-09-09T05:36:06Z</time>
</trkpt>
<trkpt lat="25.278908" lon="121.522401">
<ele>50.9</ele>
<time>2025-09-09T05:36:11Z</time>
</trkpt>
<trkpt lat="25.278905" lon="121.52233">
<ele>51.2</ele>
<time>2025-09-09T05:36:16Z</time>
</trkpt>
<trkpt lat="25.27886" lon="121.522364">
<ele>50.4</ele>
<time>2025-09-09T05:36:26Z</time>
</trkpt>
<trkpt lat="25.278808" lon="121.522371">
<ele>52.2</ele>
<time>2025-09-09T05:36:46Z</time>
</trkpt>
<trkpt lat="25.278782" lon="121.522422">
<ele>51.2</ele>
<time>2025-09-09T05:36:51Z</time>
</trkpt>
<trkpt lat="25.278749" lon="121.522457">
<ele>51.5</ele>
<time>2025-09-09T05:37:00Z</time>
</trkpt>
<trkpt lat="25.278735" lon="121.522507">
<ele>52.4</ele>
<time>2025-09-09T05:37:10Z</time>
</trkpt>
<trkpt lat="25.27869" lon="121.522514">
<ele>52.8</ele>
<time>2025-09-09T05:37:34Z</time>
</trkpt>
<trkpt lat="25.278652" lon="121.522576">
<ele>53.4</ele>
<time>2025-09-09T05:37:39Z</time>
</trkpt>
<trkpt lat="25.278679" lon="121.522625">
<ele>53.2</ele>
<time>2025-09-09T05:37:44Z</time>
</trkpt>
<trkpt lat="25.278685" lon="121.522676">
<ele>52.7</ele>
<time>2025-09-09T05:37:49Z</time>
</trkpt>
<trkpt lat="25.278639" lon="121.522695">
<ele>52.8</ele>
<time>2025-09-09T05:37:54Z</time>
</trkpt>
<trkpt lat="25.278625" lon="121.522756">
<ele>53.5</ele>
<time>2025-09-09T05:37:59Z</time>
</trkpt>
<trkpt lat="25.278582" lon="121.522791">
<ele>53.5</ele>
<time>2025-09-09T05:38:04Z</time>
</trkpt>
<trkpt lat="25.278573" lon="121.52284">
<ele>54.5</ele>
<time>2025-09-09T05:38:10Z</time>
</trkpt>
<trkpt lat="25.278593" lon="121.52289">
<ele>55.2</ele>
<time>2025-09-09T05:38:21Z</time>
</trkpt>
<trkpt lat="25.278528" lon="121.5229">
<ele>56.9</ele>
<time>2025-09-09T05:38:26Z</time>
</trkpt>
<trkpt lat="25.27846" lon="121.522892">
<ele>55.8</ele>
<time>2025-09-09T05:38:49Z</time>
</trkpt>
<trkpt lat="25.27851" lon="121.522934">
<ele>55.9</ele>
<time>2025-09-09T05:38:54Z</time>
</trkpt>
<trkpt lat="25.278531" lon="121.522881">
<ele>57.5</ele>
<time>2025-09-09T05:39:02Z</time>
</trkpt>
<trkpt lat="25.278485" lon="121.522851">
<ele>57.5</ele>
<time>2025-09-09T05:39:27Z</time>
</trkpt>
<trkpt lat="25.278432" lon="121.522808">
<ele>58.6</ele>
<time>2025-09-09T05:39:47Z</time>
</trkpt>
<trkpt lat="25.278424" lon="121.522758">
<ele>57</ele>
<time>2025-09-09T05:39:56Z</time>
</trkpt>
<trkpt lat="25.278399" lon="121.522805">
<ele>55.9</ele>
<time>2025-09-09T05:40:26Z</time>
</trkpt>
<trkpt lat="25.278437" lon="121.522774">
<ele>58.6</ele>
<time>2025-09-09T05:41:18Z</time>
</trkpt>
<trkpt lat="25.278501" lon="121.522881">
<ele>57.6</ele>
<time>2025-09-09T05:41:23Z</time>
</trkpt>
<trkpt lat="25.278426" lon="121.522806">
<ele>59.6</ele>
<time>2025-09-09T05:41:28Z</time>
</trkpt>
<trkpt lat="25.278374" lon="121.522818">
<ele>59</ele>
<time>2025-09-09T05:41:39Z</time>
</trkpt>
<trkpt lat="25.278402" lon="121.522771">
<ele>57.6</ele>
<time>2025-09-09T05:41:44Z</time>
</trkpt>
<trkpt lat="25.278392" lon="121.522711">
<ele>57.7</ele>
<time>2025-09-09T05:41:50Z</time>
</trkpt>
<trkpt lat="25.278397" lon="121.52266">
<ele>58.5</ele>
<time>2025-09-09T05:42:00Z</time>
</trkpt>
<trkpt lat="25.27841" lon="121.522604">
<ele>58.3</ele>
<time>2025-09-09T05:42:05Z</time>
</trkpt>
<trkpt lat="25.278425" lon="121.522547">
<ele>58.9</ele>
<time>2025-09-09T05:42:10Z</time>
</trkpt>
<trkpt lat="25.278443" lon="121.522492">
<ele>58</ele>
<time>2025-09-09T05:42:15Z</time>
</trkpt>
<trkpt lat="25.278473" lon="121.522452">
<ele>57.5</ele>
<time>2025-09-09T05:42:20Z</time>
</trkpt>
<trkpt lat="25.278511" lon="121.522407">
<ele>58.2</ele>
<time>2025-09-09T05:42:26Z</time>
</trkpt>
<trkpt lat="25.278553" lon="121.52237">
<ele>57.5</ele>
<time>2025-09-09T05:42:31Z</time>
</trkpt>
<trkpt lat="25.278593" lon="121.522321">
<ele>57.7</ele>
<time>2025-09-09T05:42:37Z</time>
</trkpt>
<trkpt lat="25.278616" lon="121.522264">
<ele>57.9</ele>
<time>2025-09-09T05:42:43Z</time>
</trkpt>
<trkpt lat="25.278628" lon="121.522217">
<ele>57.1</ele>
<time>2025-09-09T05:42:48Z</time>
</trkpt>
<trkpt lat="25.278656" lon="121.522171">
<ele>58</ele>
<time>2025-09-09T05:42:53Z</time>
</trkpt>
<trkpt lat="25.278648" lon="121.522121">
<ele>59.5</ele>
<time>2025-09-09T05:43:00Z</time>
</trkpt>
<trkpt lat="25.278609" lon="121.522077">
<ele>61.1</ele>
<time>2025-09-09T05:43:06Z</time>
</trkpt>
<trkpt lat="25.278574" lon="121.522042">
<ele>62.8</ele>
<time>2025-09-09T05:43:11Z</time>
</trkpt>
<trkpt lat="25.27853" lon="121.52202">
<ele>64</ele>
<time>2025-09-09T05:43:17Z</time>
</trkpt>
<trkpt lat="25.278487" lon="121.521989">
<ele>65.8</ele>
<time>2025-09-09T05:43:22Z</time>
</trkpt>
<trkpt lat="25.278439" lon="121.521984">
<ele>65.6</ele>
<time>2025-09-09T05:43:28Z</time>
</trkpt>
<trkpt lat="25.278391" lon="121.521962">
<ele>66.1</ele>
<time>2025-09-09T05:43:34Z</time>
</trkpt>
<trkpt lat="25.278348" lon="121.521948">
<ele>65.6</ele>
<time>2025-09-09T05:43:40Z</time>
</trkpt>
<trkpt lat="25.278299" lon="121.521956">
<ele>64.4</ele>
<time>2025-09-09T05:43:51Z</time>
</trkpt>
<trkpt lat="25.278334" lon="121.521995">
<ele>65.5</ele>
<time>2025-09-09T05:44:32Z</time>
</trkpt>
<trkpt lat="25.278367" lon="121.522029">
<ele>65.7</ele>
<time>2025-09-09T05:44:38Z</time>
</trkpt>
<trkpt lat="25.278318" lon="121.522024">
<ele>65.2</ele>
<time>2025-09-09T05:44:49Z</time>
</trkpt>
<trkpt lat="25.278298" lon="121.522079">
<ele>65.9</ele>
<time>2025-09-09T05:44:54Z</time>
</trkpt>
<trkpt lat="25.278303" lon="121.522131">
<ele>64.8</ele>
<time>2025-09-09T05:45:02Z</time>
</trkpt>
<trkpt lat="25.278349" lon="121.522176">
<ele>66.4</ele>
<time>2025-09-09T05:45:07Z</time>
</trkpt>
<trkpt lat="25.278324" lon="121.522124">
<ele>68.1</ele>
<time>2025-09-09T05:45:58Z</time>
</trkpt>
<trkpt lat="25.278324" lon="121.522051">
<ele>65.7</ele>
<time>2025-09-09T05:46:07Z</time>
</trkpt>
<trkpt lat="25.278351" lon="121.522011">
<ele>65.6</ele>
<time>2025-09-09T05:46:45Z</time>
</trkpt>
<trkpt lat="25.278328" lon="121.521966">
<ele>64.8</ele>
<time>2025-09-09T05:46:55Z</time>
</trkpt>
<trkpt lat="25.278338" lon="121.521912">
<ele>64.5</ele>
<time>2025-09-09T05:47:03Z</time>
</trkpt>
<trkpt lat="25.278349" lon="121.521859">
<ele>64.8</ele>
<time>2025-09-09T05:47:09Z</time>
</trkpt>
<trkpt lat="25.278316" lon="121.521811">
<ele>64.3</ele>
<time>2025-09-09T05:47:15Z</time>
</trkpt>
<trkpt lat="25.27828" lon="121.521762">
<ele>63.3</ele>
<time>2025-09-09T05:47:21Z</time>
</trkpt>
<trkpt lat="25.278253" lon="121.521713">
<ele>63.5</ele>
<time>2025-09-09T05:47:28Z</time>
</trkpt>
<trkpt lat="25.278247" lon="121.521661">
<ele>62</ele>
<time>2025-09-09T05:47:37Z</time>
</trkpt>
<trkpt lat="25.278222" lon="121.521612">
<ele>58.9</ele>
<time>2025-09-09T05:47:46Z</time>
</trkpt>
<trkpt lat="25.278192" lon="121.521563">
<ele>58</ele>
<time>2025-09-09T05:47:51Z</time>
</trkpt>
<trkpt lat="25.27816" lon="121.521514">
<ele>56.2</ele>
<time>2025-09-09T05:47:58Z</time>
</trkpt>
<trkpt lat="25.278152" lon="121.521464">
<ele>55.9</ele>
<time>2025-09-09T05:48:06Z</time>
</trkpt>
<trkpt lat="25.278175" lon="121.521418">
<ele>55.9</ele>
<time>2025-09-09T05:48:12Z</time>
</trkpt>
<trkpt lat="25.278202" lon="121.52136">
<ele>56.4</ele>
<time>2025-09-09T05:48:17Z</time>
</trkpt>
<trkpt lat="25.278205" lon="121.521295">
<ele>58.3</ele>
<time>2025-09-09T05:48:22Z</time>
</trkpt>
<trkpt lat="25.278219" lon="121.521242">
<ele>58.3</ele>
<time>2025-09-09T05:48:27Z</time>
</trkpt>
<trkpt lat="25.278181" lon="121.521272">
<ele>57.6</ele>
<time>2025-09-09T05:48:49Z</time>
</trkpt>
<trkpt lat="25.278227" lon="121.52128">
<ele>58.3</ele>
<time>2025-09-09T05:48:55Z</time>
</trkpt>
<trkpt lat="25.278184" lon="121.521323">
<ele>60.3</ele>
<time>2025-09-09T05:49:08Z</time>
</trkpt>
<trkpt lat="25.278218" lon="121.521276">
<ele>57.2</ele>
<time>2025-09-09T05:49:19Z</time>
</trkpt>
<trkpt lat="25.278254" lon="121.521326">
<ele>57.7</ele>
<time>2025-09-09T05:49:30Z</time>
</trkpt>
<trkpt lat="25.278255" lon="121.521405">
<ele>59.8</ele>
<time>2025-09-09T05:49:44Z</time>
</trkpt>
<trkpt lat="25.278291" lon="121.521373">
<ele>60.2</ele>
<time>2025-09-09T05:49:50Z</time>
</trkpt>
<trkpt lat="25.278335" lon="121.521357">
<ele>59.9</ele>
<time>2025-09-09T05:49:55Z</time>
</trkpt>
<trkpt lat="25.278364" lon="121.521318">
<ele>58.9</ele>
<time>2025-09-09T05:50:00Z</time>
</trkpt>
<trkpt lat="25.278336" lon="121.521364">
<ele>59.3</ele>
<time>2025-09-09T05:50:21Z</time>
</trkpt>
<trkpt lat="25.278289" lon="121.52136">
<ele>58.3</ele>
<time>2025-09-09T05:50:26Z</time>
</trkpt>
<trkpt lat="25.278283" lon="121.521423">
<ele>60.8</ele>
<time>2025-09-09T05:50:52Z</time>
</trkpt>
<trkpt lat="25.278276" lon="121.521353">
<ele>60.6</ele>
<time>2025-09-09T05:51:48Z</time>
</trkpt>
<trkpt lat="25.278232" lon="121.521317">
<ele>60.4</ele>
<time>2025-09-09T05:51:54Z</time>
</trkpt>
<trkpt lat="25.278238" lon="121.521266">
<ele>57.7</ele>
<time>2025-09-09T05:52:02Z</time>
</trkpt>
<trkpt lat="25.278185" lon="121.521237">
<ele>57.8</ele>
<time>2025-09-09T05:52:25Z</time>
</trkpt>
<trkpt lat="25.278183" lon="121.521184">
<ele>56.4</ele>
<time>2025-09-09T05:53:00Z</time>
</trkpt>
<trkpt lat="25.278223" lon="121.521151">
<ele>56.9</ele>
<time>2025-09-09T05:53:06Z</time>
</trkpt>
<trkpt lat="25.278234" lon="121.521086">
<ele>57.4</ele>
<time>2025-09-09T05:53:12Z</time>
</trkpt>
<trkpt lat="25.278249" lon="121.521035">
<ele>58.2</ele>
<time>2025-09-09T05:53:19Z</time>
</trkpt>
<trkpt lat="25.278252" lon="121.52098">
<ele>59.7</ele>
<time>2025-09-09T05:53:28Z</time>
</trkpt>
<trkpt lat="25.278274" lon="121.520934">
<ele>57.9</ele>
<time>2025-09-09T05:53:35Z</time>
</trkpt>
<trkpt lat="25.278288" lon="121.520881">
<ele>54.8</ele>
<time>2025-09-09T05:54:15Z</time>
</trkpt>
<trkpt lat="25.278308" lon="121.520833">
<ele>52.7</ele>
<time>2025-09-09T05:54:22Z</time>
</trkpt>
<trkpt lat="25.278333" lon="121.520791">
<ele>52.6</ele>
<time>2025-09-09T05:54:33Z</time>
</trkpt>
<trkpt lat="25.278386" lon="121.520748">
<ele>51.2</ele>
<time>2025-09-09T05:54:39Z</time>
</trkpt>
<trkpt lat="25.278414" lon="121.5207">
<ele>49.3</ele>
<time>2025-09-09T05:54:46Z</time>
</trkpt>
<trkpt lat="25.278462" lon="121.520682">
<ele>47.5</ele>
<time>2025-09-09T05:54:52Z</time>
</trkpt>
<trkpt lat="25.278501" lon="121.52065">
<ele>48.2</ele>
<time>2025-09-09T05:54:58Z</time>
</trkpt>
<trkpt lat="25.278542" lon="121.520627">
<ele>46.7</ele>
<time>2025-09-09T05:55:04Z</time>
</trkpt>
<trkpt lat="25.278585" lon="121.520596">
<ele>46.8</ele>
<time>2025-09-09T05:55:10Z</time>
</trkpt>
<trkpt lat="25.278635" lon="121.520582">
<ele>46.1</ele>
<time>2025-09-09T05:55:15Z</time>
</trkpt>
<trkpt lat="25.278681" lon="121.520555">
<ele>45</ele>
<time>2025-09-09T05:55:23Z</time>
</trkpt>
<trkpt lat="25.278729" lon="121.520532">
<ele>44.5</ele>
<time>2025-09-09T05:55:30Z</time>
</trkpt>
<trkpt lat="25.278779" lon="121.520504">
<ele>44.5</ele>
<time>2025-09-09T05:55:36Z</time>
</trkpt>
<trkpt lat="25.278825" lon="121.520466">
<ele>44.9</ele>
<time>2025-09-09T05:55:42Z</time>
</trkpt>
<trkpt lat="25.278871" lon="121.520461">
<ele>44.2</ele>
<time>2025-09-09T05:55:57Z</time>
</trkpt>
<trkpt lat="25.278905" lon="121.520412">
<ele>44.2</ele>
<time>2025-09-09T05:56:03Z</time>
</trkpt>
<trkpt lat="25.278952" lon="121.520395">
<ele>42.5</ele>
<time>2025-09-09T05:56:09Z</time>
</trkpt>
<trkpt lat="25.278993" lon="121.520355">
<ele>42.5</ele>
<time>2025-09-09T05:56:15Z</time>
</trkpt>
<trkpt lat="25.279036" lon="121.520319">
<ele>43.4</ele>
<time>2025-09-09T05:56:21Z</time>
</trkpt>
<trkpt lat="25.279085" lon="121.5203">
<ele>42.9</ele>
<time>2025-09-09T05:56:27Z</time>
</trkpt>
<trkpt lat="25.27913" lon="121.520276">
<ele>41.4</ele>
<time>2025-09-09T05:56:34Z</time>
</trkpt>
<trkpt lat="25.279179" lon="121.520256">
<ele>40.5</ele>
<time>2025-09-09T05:56:40Z</time>
</trkpt>
<trkpt lat="25.279213" lon="121.520221">
<ele>40.6</ele>
<time>2025-09-09T05:56:46Z</time>
</trkpt>
<trkpt lat="25.279245" lon="121.520179">
<ele>39</ele>
<time>2025-09-09T05:56:53Z</time>
</trkpt>
<trkpt lat="25.279296" lon="121.52016">
<ele>38.8</ele>
<time>2025-09-09T05:56:59Z</time>
</trkpt>
<trkpt lat="25.279338" lon="121.520135">
<ele>37.2</ele>
<time>2025-09-09T05:57:05Z</time>
</trkpt>
<trkpt lat="25.279338" lon="121.52008">
<ele>34.3</ele>
<time>2025-09-09T05:57:41Z</time>
</trkpt>
<trkpt lat="25.279323" lon="121.520031">
<ele>32.1</ele>
<time>2025-09-09T05:58:02Z</time>
</trkpt>
<trkpt lat="25.279295" lon="121.519984">
<ele>32.8</ele>
<time>2025-09-09T05:58:10Z</time>
</trkpt>
<trkpt lat="25.279289" lon="121.51993">
<ele>35</ele>
<time>2025-09-09T05:58:16Z</time>
</trkpt>
<trkpt lat="25.279261" lon="121.519888">
<ele>37.8</ele>
<time>2025-09-09T05:58:22Z</time>
</trkpt>
<trkpt lat="25.279217" lon="121.519858">
<ele>39</ele>
<time>2025-09-09T05:58:28Z</time>
</trkpt>
<trkpt lat="25.279167" lon="121.51984">
<ele>40.2</ele>
<time>2025-09-09T05:58:37Z</time>
</trkpt>
<trkpt lat="25.279105" lon="121.519826">
<ele>41.4</ele>
<time>2025-09-09T05:58:43Z</time>
</trkpt>
<trkpt lat="25.279059" lon="121.51984">
<ele>42.6</ele>
<time>2025-09-09T05:58:50Z</time>
</trkpt>
<trkpt lat="25.279005" lon="121.519862">
<ele>43.6</ele>
<time>2025-09-09T05:58:56Z</time>
</trkpt>
<trkpt lat="25.278956" lon="121.51989">
<ele>43.8</ele>
<time>2025-09-09T05:59:02Z</time>
</trkpt>
<trkpt lat="25.27891" lon="121.519894">
<ele>44.9</ele>
<time>2025-09-09T05:59:08Z</time>
</trkpt>
<trkpt lat="25.278853" lon="121.519893">
<ele>43.8</ele>
<time>2025-09-09T05:59:14Z</time>
</trkpt>
<trkpt lat="25.278803" lon="121.519892">
<ele>45.1</ele>
<time>2025-09-09T05:59:21Z</time>
</trkpt>
<trkpt lat="25.278756" lon="121.519923">
<ele>45</ele>
<time>2025-09-09T05:59:27Z</time>
</trkpt>
<trkpt lat="25.278703" lon="121.519953">
<ele>45</ele>
<time>2025-09-09T05:59:33Z</time>
</trkpt>
<trkpt lat="25.278658" lon="121.519963">
<ele>45.6</ele>
<time>2025-09-09T05:59:39Z</time>
</trkpt>
<trkpt lat="25.278605" lon="121.519979">
<ele>45.2</ele>
<time>2025-09-09T05:59:45Z</time>
</trkpt>
<trkpt lat="25.278556" lon="121.519979">
<ele>43.8</ele>
<time>2025-09-09T05:59:52Z</time>
</trkpt>
<trkpt lat="25.27852" lon="121.519942">
<ele>43.4</ele>
<time>2025-09-09T05:59:58Z</time>
</trkpt>
<trkpt lat="25.278462" lon="121.519963">
<ele>43.7</ele>
<time>2025-09-09T06:00:04Z</time>
</trkpt>
<trkpt lat="25.278409" lon="121.519938">
<ele>43.6</ele>
<time>2025-09-09T06:00:10Z</time>
</trkpt>
<trkpt lat="25.278344" lon="121.519983">
<ele>44.2</ele>
<time>2025-09-09T06:00:16Z</time>
</trkpt>
<trkpt lat="25.278301" lon="121.519944">
<ele>44.5</ele>
<time>2025-09-09T06:00:22Z</time>
</trkpt>
<trkpt lat="25.278236" lon="121.519912">
<ele>41.8</ele>
<time>2025-09-09T06:00:28Z</time>
</trkpt>
<trkpt lat="25.278177" lon="121.519891">
<ele>41.4</ele>
<time>2025-09-09T06:00:34Z</time>
</trkpt>
<trkpt lat="25.278114" lon="121.519919">
<ele>40.7</ele>
<time>2025-09-09T06:00:40Z</time>
</trkpt>
<trkpt lat="25.27807" lon="121.519898">
<ele>41.7</ele>
<time>2025-09-09T06:00:46Z</time>
</trkpt>
<trkpt lat="25.278044" lon="121.519857">
<ele>41.7</ele>
<time>2025-09-09T06:00:53Z</time>
</trkpt>
<trkpt lat="25.278013" lon="121.5199">
<ele>42.9</ele>
<time>2025-09-09T06:01:00Z</time>
</trkpt>
<trkpt lat="25.277968" lon="121.519903">
<ele>43.3</ele>
<time>2025-09-09T06:01:06Z</time>
</trkpt>
<trkpt lat="25.277923" lon="121.519919">
<ele>43.1</ele>
<time>2025-09-09T06:01:19Z</time>
</trkpt>
<trkpt lat="25.277902" lon="121.519851">
<ele>42.6</ele>
<time>2025-09-09T06:01:34Z</time>
</trkpt>
<trkpt lat="25.277892" lon="121.5198">
<ele>42.3</ele>
<time>2025-09-09T06:01:41Z</time>
</trkpt>
<trkpt lat="25.277823" lon="121.519765">
<ele>41.5</ele>
<time>2025-09-09T06:01:47Z</time>
</trkpt>
<trkpt lat="25.277763" lon="121.519766">
<ele>40.2</ele>
<time>2025-09-09T06:01:53Z</time>
</trkpt>
<trkpt lat="25.277735" lon="121.519722">
<ele>40.7</ele>
<time>2025-09-09T06:02:00Z</time>
</trkpt>
<trkpt lat="25.277701" lon="121.519662">
<ele>40.2</ele>
<time>2025-09-09T06:02:06Z</time>
</trkpt>
<trkpt lat="25.277643" lon="121.519594">
<ele>40.5</ele>
<time>2025-09-09T06:02:12Z</time>
</trkpt>
<trkpt lat="25.277601" lon="121.51957">
<ele>40.6</ele>
<time>2025-09-09T06:02:19Z</time>
</trkpt>
<trkpt lat="25.277562" lon="121.519537">
<ele>40.5</ele>
<time>2025-09-09T06:02:25Z</time>
</trkpt>
<trkpt lat="25.277537" lon="121.519471">
<ele>41.1</ele>
<time>2025-09-09T06:02:31Z</time>
</trkpt>
<trkpt lat="25.277445" lon="121.519485">
<ele>43.4</ele>
<time>2025-09-09T06:02:37Z</time>
</trkpt>
<trkpt lat="25.277414" lon="121.519448">
<ele>42.6</ele>
<time>2025-09-09T06:02:47Z</time>
</trkpt>
<trkpt lat="25.277376" lon="121.519416">
<ele>43.3</ele>
<time>2025-09-09T06:02:55Z</time>
</trkpt>
<trkpt lat="25.277414" lon="121.519365">
<ele>46.6</ele>
<time>2025-09-09T06:04:07Z</time>
</trkpt>
<trkpt lat="25.277363" lon="121.519346">
<ele>46.8</ele>
<time>2025-09-09T06:04:26Z</time>
</trkpt>
<trkpt lat="25.277392" lon="121.519297">
<ele>48.6</ele>
<time>2025-09-09T06:04:35Z</time>
</trkpt>
<trkpt lat="25.277367" lon="121.519255">
<ele>49.9</ele>
<time>2025-09-09T06:04:47Z</time>
</trkpt>
<trkpt lat="25.277314" lon="121.519255">
<ele>50</ele>
<time>2025-09-09T06:04:53Z</time>
</trkpt>
<trkpt lat="25.27727" lon="121.519211">
<ele>52.1</ele>
<time>2025-09-09T06:05:03Z</time>
</trkpt>
<trkpt lat="25.277221" lon="121.519187">
<ele>53.1</ele>
<time>2025-09-09T06:05:12Z</time>
</trkpt>
<trkpt lat="25.277182" lon="121.519226">
<ele>53.3</ele>
<time>2025-09-09T06:05:57Z</time>
</trkpt>
<trkpt lat="25.27714" lon="121.519252">
<ele>53.1</ele>
<time>2025-09-09T06:06:12Z</time>
</trkpt>
<trkpt lat="25.277114" lon="121.519295">
<ele>52.3</ele>
<time>2025-09-09T06:06:18Z</time>
</trkpt>
<trkpt lat="25.277097" lon="121.519361">
<ele>53.4</ele>
<time>2025-09-09T06:06:26Z</time>
</trkpt>
<trkpt lat="25.277067" lon="121.5194">
<ele>52.9</ele>
<time>2025-09-09T06:06:38Z</time>
</trkpt>
<trkpt lat="25.277024" lon="121.519426">
<ele>53.6</ele>
<time>2025-09-09T06:06:44Z</time>
</trkpt>
<trkpt lat="25.27698" lon="121.519389">
<ele>50.4</ele>
<time>2025-09-09T06:06:59Z</time>
</trkpt>
<trkpt lat="25.276944" lon="121.519422">
<ele>49.4</ele>
<time>2025-09-09T06:07:09Z</time>
</trkpt>
<trkpt lat="25.276904" lon="121.519396">
<ele>49</ele>
<time>2025-09-09T06:07:22Z</time>
</trkpt>
<trkpt lat="25.276851" lon="121.519416">
<ele>49.3</ele>
<time>2025-09-09T06:07:28Z</time>
</trkpt>
<trkpt lat="25.276803" lon="121.519408">
<ele>49.1</ele>
<time>2025-09-09T06:07:34Z</time>
</trkpt>
<trkpt lat="25.276757" lon="121.519421">
<ele>49.9</ele>
<time>2025-09-09T06:07:40Z</time>
</trkpt>
<trkpt lat="25.276709" lon="121.519451">
<ele>50.9</ele>
<time>2025-09-09T06:07:46Z</time>
</trkpt>
<trkpt lat="25.276695" lon="121.519504">
<ele>52.5</ele>
<time>2025-09-09T06:07:58Z</time>
</trkpt>
<trkpt lat="25.276704" lon="121.519556">
<ele>52.5</ele>
<time>2025-09-09T06:08:04Z</time>
</trkpt>
<trkpt lat="25.27666" lon="121.519587">
<ele>52.5</ele>
<time>2025-09-09T06:08:10Z</time>
</trkpt>
<trkpt lat="25.276614" lon="121.519613">
<ele>53</ele>
<time>2025-09-09T06:08:16Z</time>
</trkpt>
<trkpt lat="25.27657" lon="121.519631">
<ele>53.2</ele>
<time>2025-09-09T06:08:22Z</time>
</trkpt>
<trkpt lat="25.276523" lon="121.519663">
<ele>51.9</ele>
<time>2025-09-09T06:08:28Z</time>
</trkpt>
<trkpt lat="25.276484" lon="121.519729">
<ele>52.1</ele>
<time>2025-09-09T06:08:34Z</time>
</trkpt>
<trkpt lat="25.276438" lon="121.519758">
<ele>52.3</ele>
<time>2025-09-09T06:08:40Z</time>
</trkpt>
<trkpt lat="25.276384" lon="121.51975">
<ele>53.9</ele>
<time>2025-09-09T06:08:52Z</time>
</trkpt>
<trkpt lat="25.276344" lon="121.519796">
<ele>53.8</ele>
<time>2025-09-09T06:08:58Z</time>
</trkpt>
<trkpt lat="25.276314" lon="121.519845">
<ele>55.3</ele>
<time>2025-09-09T06:09:06Z</time>
</trkpt>
<trkpt lat="25.276276" lon="121.519879">
<ele>55.7</ele>
<time>2025-09-09T06:09:12Z</time>
</trkpt>
<trkpt lat="25.276205" lon="121.519873">
<ele>56.1</ele>
<time>2025-09-09T06:09:18Z</time>
</trkpt>
<trkpt lat="25.27618" lon="121.519917">
<ele>54.7</ele>
<time>2025-09-09T06:09:24Z</time>
</trkpt>
<trkpt lat="25.276166" lon="121.519971">
<ele>55</ele>
<time>2025-09-09T06:09:39Z</time>
</trkpt>
<trkpt lat="25.276125" lon="121.519936">
<ele>55</ele>
<time>2025-09-09T06:09:47Z</time>
</trkpt>
<trkpt lat="25.276108" lon="121.519986">
<ele>54.7</ele>
<time>2025-09-09T06:09:55Z</time>
</trkpt>
<trkpt lat="25.276114" lon="121.52004">
<ele>56.8</ele>
<time>2025-09-09T06:10:06Z</time>
</trkpt>
<trkpt lat="25.276103" lon="121.519991">
<ele>55.9</ele>
<time>2025-09-09T06:10:18Z</time>
</trkpt>
<trkpt lat="25.276057" lon="121.520003">
<ele>55.4</ele>
<time>2025-09-09T06:10:31Z</time>
</trkpt>
<trkpt lat="25.276027" lon="121.520064">
<ele>55.2</ele>
<time>2025-09-09T06:10:52Z</time>
</trkpt>
<trkpt lat="25.276072" lon="121.520092">
<ele>54.7</ele>
<time>2025-09-09T06:11:26Z</time>
</trkpt>
<trkpt lat="25.276033" lon="121.520053">
<ele>55.5</ele>
<time>2025-09-09T06:11:47Z</time>
</trkpt>
<trkpt lat="25.276059" lon="121.520122">
<ele>56.2</ele>
<time>2025-09-09T06:11:53Z</time>
</trkpt>
<trkpt lat="25.276093" lon="121.520193">
<ele>57.1</ele>
<time>2025-09-09T06:12:04Z</time>
</trkpt>
<trkpt lat="25.276079" lon="121.520128">
<ele>57.6</ele>
<time>2025-09-09T06:12:10Z</time>
</trkpt>
<trkpt lat="25.276037" lon="121.520159">
<ele>58.7</ele>
<time>2025-09-09T06:12:20Z</time>
</trkpt>
<trkpt lat="25.276054" lon="121.520212">
<ele>58.7</ele>
<time>2025-09-09T06:12:28Z</time>
</trkpt>
<trkpt lat="25.276" lon="121.520216">
<ele>59.3</ele>
<time>2025-09-09T06:12:50Z</time>
</trkpt>
<trkpt lat="25.276034" lon="121.520262">
<ele>60.3</ele>
<time>2025-09-09T06:12:58Z</time>
</trkpt>
<trkpt lat="25.276088" lon="121.520299">
<ele>61.5</ele>
<time>2025-09-09T06:13:05Z</time>
</trkpt>
<trkpt lat="25.276025" lon="121.520299">
<ele>61.3</ele>
<time>2025-09-09T06:13:11Z</time>
</trkpt>
<trkpt lat="25.275954" lon="121.520323">
<ele>62.6</ele>
<time>2025-09-09T06:13:34Z</time>
</trkpt>
<trkpt lat="25.27596" lon="121.52038">
<ele>62.6</ele>
<time>2025-09-09T06:13:42Z</time>
</trkpt>
<trkpt lat="25.276001" lon="121.520432">
<ele>63.1</ele>
<time>2025-09-09T06:13:48Z</time>
</trkpt>
<trkpt lat="25.276047" lon="121.520471">
<ele>65.3</ele>
<time>2025-09-09T06:13:56Z</time>
</trkpt>
<trkpt lat="25.275989" lon="121.52049">
<ele>64.5</ele>
<time>2025-09-09T06:14:09Z</time>
</trkpt>
<trkpt lat="25.275944" lon="121.520476">
<ele>60.7</ele>
<time>2025-09-09T06:14:19Z</time>
</trkpt>
<trkpt lat="25.275887" lon="121.520442">
<ele>62.2</ele>
<time>2025-09-09T06:14:25Z</time>
</trkpt>
<trkpt lat="25.275848" lon="121.520415">
<ele>62.9</ele>
<time>2025-09-09T06:15:13Z</time>
</trkpt>
<trkpt lat="25.275816" lon="121.520368">
<ele>60.6</ele>
<time>2025-09-09T06:15:40Z</time>
</trkpt>
<trkpt lat="25.275768" lon="121.520337">
<ele>57.6</ele>
<time>2025-09-09T06:15:49Z</time>
</trkpt>
<trkpt lat="25.275752" lon="121.520278">
<ele>55.4</ele>
<time>2025-09-09T06:15:55Z</time>
</trkpt>
<trkpt lat="25.27572" lon="121.520234">
<ele>55.5</ele>
<time>2025-09-09T06:16:02Z</time>
</trkpt>
<trkpt lat="25.275678" lon="121.520209">
<ele>55.8</ele>
<time>2025-09-09T06:16:10Z</time>
</trkpt>
<trkpt lat="25.275637" lon="121.520165">
<ele>54.8</ele>
<time>2025-09-09T06:16:16Z</time>
</trkpt>
<trkpt lat="25.275603" lon="121.520132">
<ele>54</ele>
<time>2025-09-09T06:16:24Z</time>
</trkpt>
<trkpt lat="25.275579" lon="121.520077">
<ele>54.3</ele>
<time>2025-09-09T06:16:30Z</time>
</trkpt>
<trkpt lat="25.27553" lon="121.52008">
<ele>56.5</ele>
<time>2025-09-09T06:16:38Z</time>
</trkpt>
<trkpt lat="25.275466" lon="121.520085">
<ele>57.8</ele>
<time>2025-09-09T06:16:44Z</time>
</trkpt>
<trkpt lat="25.275412" lon="121.520136">
<ele>58.2</ele>
<time>2025-09-09T06:16:50Z</time>
</trkpt>
<trkpt lat="25.275374" lon="121.520182">
<ele>58.6</ele>
<time>2025-09-09T06:16:56Z</time>
</trkpt>
<trkpt lat="25.275315" lon="121.520203">
<ele>56.8</ele>
<time>2025-09-09T06:17:02Z</time>
</trkpt>
<trkpt lat="25.275258" lon="121.52024">
<ele>57.3</ele>
<time>2025-09-09T06:17:08Z</time>
</trkpt>
<trkpt lat="25.275207" lon="121.520259">
<ele>56.3</ele>
<time>2025-09-09T06:17:14Z</time>
</trkpt>
<trkpt lat="25.275145" lon="121.520253">
<ele>55.9</ele>
<time>2025-09-09T06:17:20Z</time>
</trkpt>
<trkpt lat="25.275085" lon="121.520257">
<ele>56</ele>
<time>2025-09-09T06:17:26Z</time>
</trkpt>
<trkpt lat="25.275019" lon="121.520263">
<ele>56.6</ele>
<time>2025-09-09T06:17:32Z</time>
</trkpt>
<trkpt lat="25.274968" lon="121.520264">
<ele>56.6</ele>
<time>2025-09-09T06:17:38Z</time>
</trkpt>
<trkpt lat="25.27491" lon="121.52027">
<ele>56</ele>
<time>2025-09-09T06:17:44Z</time>
</trkpt>
<trkpt lat="25.274846" lon="121.520275">
<ele>56.5</ele>
<time>2025-09-09T06:17:50Z</time>
</trkpt>
<trkpt lat="25.274789" lon="121.520273">
<ele>55</ele>
<time>2025-09-09T06:17:56Z</time>
</trkpt>
<trkpt lat="25.27474" lon="121.520278">
<ele>55.5</ele>
<time>2025-09-09T06:18:02Z</time>
</trkpt>
<trkpt lat="25.274677" lon="121.52028">
<ele>56.3</ele>
<time>2025-09-09T06:18:07Z</time>
</trkpt>
<trkpt lat="25.274628" lon="121.520288">
<ele>58.1</ele>
<time>2025-09-09T06:18:14Z</time>
</trkpt>
<trkpt lat="25.274583" lon="121.520294">
<ele>58</ele>
<time>2025-09-09T06:18:20Z</time>
</trkpt>
<trkpt lat="25.274538" lon="121.520314">
<ele>57.8</ele>
<time>2025-09-09T06:18:28Z</time>
</trkpt>
<trkpt lat="25.274492" lon="121.520332">
<ele>57.7</ele>
<time>2025-09-09T06:18:35Z</time>
</trkpt>
<trkpt lat="25.27445" lon="121.520351">
<ele>57.5</ele>
<time>2025-09-09T06:18:46Z</time>
</trkpt>
<trkpt lat="25.274411" lon="121.520376">
<ele>58.1</ele>
<time>2025-09-09T06:18:53Z</time>
</trkpt>
<trkpt lat="25.27437" lon="121.5204">
<ele>57.2</ele>
<time>2025-09-09T06:19:02Z</time>
</trkpt>
<trkpt lat="25.274421" lon="121.520395">
<ele>58.6</ele>
<time>2025-09-09T06:20:58Z</time>
</trkpt>
<trkpt lat="25.27447" lon="121.520372">
<ele>59.1</ele>
<time>2025-09-09T06:21:05Z</time>
</trkpt>
<trkpt lat="25.274512" lon="121.520338">
<ele>59</ele>
<time>2025-09-09T06:21:39Z</time>
</trkpt>
<trkpt lat="25.27458" lon="121.520311">
<ele>58.8</ele>
<time>2025-09-09T06:21:45Z</time>
</trkpt>
<trkpt lat="25.27464" lon="121.520302">
<ele>58.9</ele>
<time>2025-09-09T06:21:51Z</time>
</trkpt>
<trkpt lat="25.274685" lon="121.520294">
<ele>59.1</ele>
<time>2025-09-09T06:21:57Z</time>
</trkpt>
<trkpt lat="25.274743" lon="121.520287">
<ele>57.3</ele>
<time>2025-09-09T06:22:03Z</time>
</trkpt>
<trkpt lat="25.274797" lon="121.520287">
<ele>58.2</ele>
<time>2025-09-09T06:22:09Z</time>
</trkpt>
<trkpt lat="25.274856" lon="121.520293">
<ele>58.6</ele>
<time>2025-09-09T06:22:15Z</time>
</trkpt>
<trkpt lat="25.27492" lon="121.52029">
<ele>59</ele>
<time>2025-09-09T06:22:21Z</time>
</trkpt>
<trkpt lat="25.274972" lon="121.520284">
<ele>58.9</ele>
<time>2025-09-09T06:22:26Z</time>
</trkpt>
<trkpt lat="25.275029" lon="121.520285">
<ele>58.8</ele>
<time>2025-09-09T06:22:32Z</time>
</trkpt>
<trkpt lat="25.275076" lon="121.520281">
<ele>59.3</ele>
<time>2025-09-09T06:22:38Z</time>
</trkpt>
<trkpt lat="25.275123" lon="121.520284">
<ele>59</ele>
<time>2025-09-09T06:22:43Z</time>
</trkpt>
<trkpt lat="25.275174" lon="121.520271">
<ele>58.8</ele>
<time>2025-09-09T06:22:48Z</time>
</trkpt>
<trkpt lat="25.275222" lon="121.520263">
<ele>58.6</ele>
<time>2025-09-09T06:22:53Z</time>
</trkpt>
<trkpt lat="25.275276" lon="121.520251">
<ele>59.5</ele>
<time>2025-09-09T06:23:00Z</time>
</trkpt>
<trkpt lat="25.27532" lon="121.520229">
<ele>59.3</ele>
<time>2025-09-09T06:23:06Z</time>
</trkpt>
<trkpt lat="25.275366" lon="121.520203">
<ele>58.8</ele>
<time>2025-09-09T06:23:12Z</time>
</trkpt>
<trkpt lat="25.275413" lon="121.520182">
<ele>60</ele>
<time>2025-09-09T06:23:17Z</time>
</trkpt>
<trkpt lat="25.275454" lon="121.520159">
<ele>60.8</ele>
<time>2025-09-09T06:23:24Z</time>
</trkpt>
<trkpt lat="25.275491" lon="121.520118">
<ele>58.9</ele>
<time>2025-09-09T06:23:30Z</time>
</trkpt>
<trkpt lat="25.275529" lon="121.520089">
<ele>59.3</ele>
<time>2025-09-09T06:23:36Z</time>
</trkpt>
<trkpt lat="25.275566" lon="121.520061">
<ele>59.8</ele>
<time>2025-09-09T06:23:46Z</time>
</trkpt>
<trkpt lat="25.275564" lon="121.520009">
<ele>62.2</ele>
<time>2025-09-09T06:24:17Z</time>
</trkpt>
<trkpt lat="25.275549" lon="121.51996">
<ele>62.2</ele>
<time>2025-09-09T06:24:22Z</time>
</trkpt>
<trkpt lat="25.275572" lon="121.519892">
<ele>61.8</ele>
<time>2025-09-09T06:24:28Z</time>
</trkpt>
<trkpt lat="25.275577" lon="121.519817">
<ele>62.1</ele>
<time>2025-09-09T06:24:34Z</time>
</trkpt>
<trkpt lat="25.275581" lon="121.519758">
<ele>61.6</ele>
<time>2025-09-09T06:24:39Z</time>
</trkpt>
<trkpt lat="25.275558" lon="121.519708">
<ele>61.9</ele>
<time>2025-09-09T06:24:58Z</time>
</trkpt>
<trkpt lat="25.275507" lon="121.5197">
<ele>62</ele>
<time>2025-09-09T06:25:04Z</time>
</trkpt>
<trkpt lat="25.275507" lon="121.519647">
<ele>61.7</ele>
<time>2025-09-09T06:25:29Z</time>
</trkpt>
<trkpt lat="25.275515" lon="121.519596">
<ele>62.8</ele>
<time>2025-09-09T06:25:35Z</time>
</trkpt>
<trkpt lat="25.27552" lon="121.519545">
<ele>62.3</ele>
<time>2025-09-09T06:25:41Z</time>
</trkpt>
<trkpt lat="25.275505" lon="121.519497">
<ele>63.6</ele>
<time>2025-09-09T06:25:47Z</time>
</trkpt>
<trkpt lat="25.275508" lon="121.519444">
<ele>64.4</ele>
<time>2025-09-09T06:25:53Z</time>
</trkpt>
<trkpt lat="25.275518" lon="121.519386">
<ele>65.4</ele>
<time>2025-09-09T06:25:59Z</time>
</trkpt>
<trkpt lat="25.275504" lon="121.519331">
<ele>64.9</ele>
<time>2025-09-09T06:26:05Z</time>
</trkpt>
<trkpt lat="25.27549" lon="121.519269">
<ele>66.3</ele>
<time>2025-09-09T06:26:10Z</time>
</trkpt>
<trkpt lat="25.275514" lon="121.519212">
<ele>66.4</ele>
<time>2025-09-09T06:26:17Z</time>
</trkpt>
<trkpt lat="25.275512" lon="121.519155">
<ele>66</ele>
<time>2025-09-09T06:26:23Z</time>
</trkpt>
<trkpt lat="25.275505" lon="121.519096">
<ele>66.8</ele>
<time>2025-09-09T06:26:29Z</time>
</trkpt>
<trkpt lat="25.275517" lon="121.519034">
<ele>68.1</ele>
<time>2025-09-09T06:26:35Z</time>
</trkpt>
<trkpt lat="25.27552" lon="121.518965">
<ele>67.3</ele>
<time>2025-09-09T06:26:41Z</time>
</trkpt>
<trkpt lat="25.275521" lon="121.518909">
<ele>67</ele>
<time>2025-09-09T06:26:46Z</time>
</trkpt>
<trkpt lat="25.27557" lon="121.518906">
<ele>66.1</ele>
<time>2025-09-09T06:26:52Z</time>
</trkpt>
<trkpt lat="25.275621" lon="121.518889">
<ele>66</ele>
<time>2025-09-09T06:26:58Z</time>
</trkpt>
<trkpt lat="25.275677" lon="121.518884">
<ele>64.8</ele>
<time>2025-09-09T06:27:29Z</time>
</trkpt>
<trkpt lat="25.275725" lon="121.518882">
<ele>64.1</ele>
<time>2025-09-09T06:27:38Z</time>
</trkpt>
<trkpt lat="25.275756" lon="121.51893">
<ele>63.7</ele>
<time>2025-09-09T06:27:55Z</time>
</trkpt>
<trkpt lat="25.275788" lon="121.518975">
<ele>63.8</ele>
<time>2025-09-09T06:28:07Z</time>
</trkpt>
<trkpt lat="25.275825" lon="121.519012">
<ele>63.5</ele>
<time>2025-09-09T06:28:23Z</time>
</trkpt>
<trkpt lat="25.275886" lon="121.519072">
<ele>63.2</ele>
<time>2025-09-09T06:29:01Z</time>
</trkpt>
<trkpt lat="25.275934" lon="121.519067">
<ele>64.1</ele>
<time>2025-09-09T06:29:17Z</time>
</trkpt>
<trkpt lat="25.275886" lon="121.519072">
<ele>63.9</ele>
<time>2025-09-09T06:29:57Z</time>
</trkpt>
<trkpt lat="25.275928" lon="121.519041">
<ele>64.6</ele>
<time>2025-09-09T06:30:29Z</time>
</trkpt>
<trkpt lat="25.27593" lon="121.51899">
<ele>63.9</ele>
<time>2025-09-09T06:30:51Z</time>
</trkpt>
<trkpt lat="25.275976" lon="121.518976">
<ele>64.1</ele>
<time>2025-09-09T06:31:11Z</time>
</trkpt>
<trkpt lat="25.276021" lon="121.518956">
<ele>64.2</ele>
<time>2025-09-09T06:31:25Z</time>
</trkpt>
<trkpt lat="25.276063" lon="121.518927">
<ele>65</ele>
<time>2025-09-09T06:31:42Z</time>
</trkpt>
<trkpt lat="25.27609" lon="121.518886">
<ele>64.7</ele>
<time>2025-09-09T06:31:51Z</time>
</trkpt>
<trkpt lat="25.276117" lon="121.518842">
<ele>64.9</ele>
<time>2025-09-09T06:32:08Z</time>
</trkpt>
<trkpt lat="25.276157" lon="121.518815">
<ele>63.2</ele>
<time>2025-09-09T06:32:19Z</time>
</trkpt>
<trkpt lat="25.276201" lon="121.518787">
<ele>62</ele>
<time>2025-09-09T06:32:31Z</time>
</trkpt>
<trkpt lat="25.276235" lon="121.518752">
<ele>62.5</ele>
<time>2025-09-09T06:32:44Z</time>
</trkpt>
<trkpt lat="25.276226" lon="121.518693">
<ele>63.3</ele>
<time>2025-09-09T06:32:55Z</time>
</trkpt>
<trkpt lat="25.276262" lon="121.518659">
<ele>64.1</ele>
<time>2025-09-09T06:33:04Z</time>
</trkpt>
<trkpt lat="25.276298" lon="121.518627">
<ele>63.2</ele>
<time>2025-09-09T06:33:14Z</time>
</trkpt>
<trkpt lat="25.276343" lon="121.5186">
<ele>63.7</ele>
<time>2025-09-09T06:33:20Z</time>
</trkpt>
<trkpt lat="25.276393" lon="121.518567">
<ele>62.1</ele>
<time>2025-09-09T06:33:30Z</time>
</trkpt>
<trkpt lat="25.276443" lon="121.518557">
<ele>60.8</ele>
<time>2025-09-09T06:33:57Z</time>
</trkpt>
<trkpt lat="25.276489" lon="121.518544">
<ele>61.7</ele>
<time>2025-09-09T06:34:05Z</time>
</trkpt>
<trkpt lat="25.27653" lon="121.518581">
<ele>60</ele>
<time>2025-09-09T06:34:35Z</time>
</trkpt>
<trkpt lat="25.276572" lon="121.5186">
<ele>59.5</ele>
<time>2025-09-09T06:34:49Z</time>
</trkpt>
<trkpt lat="25.276613" lon="121.518631">
<ele>59</ele>
<time>2025-09-09T06:35:18Z</time>
</trkpt>
<trkpt lat="25.276663" lon="121.518625">
<ele>59.1</ele>
<time>2025-09-09T06:35:54Z</time>
</trkpt>
<trkpt lat="25.276717" lon="121.518631">
<ele>59.7</ele>
<time>2025-09-09T06:36:11Z</time>
</trkpt>
<trkpt lat="25.276766" lon="121.518628">
<ele>60.7</ele>
<time>2025-09-09T06:36:20Z</time>
</trkpt>
<trkpt lat="25.276809" lon="121.518614">
<ele>59.1</ele>
<time>2025-09-09T06:36:37Z</time>
</trkpt>
<trkpt lat="25.276865" lon="121.518592">
<ele>59.1</ele>
<time>2025-09-09T06:36:43Z</time>
</trkpt>
<trkpt lat="25.276911" lon="121.51862">
<ele>58.2</ele>
<time>2025-09-09T06:36:54Z</time>
</trkpt>
<trkpt lat="25.276963" lon="121.518631">
<ele>56.6</ele>
<time>2025-09-09T06:37:01Z</time>
</trkpt>
<trkpt lat="25.277008" lon="121.51864">
<ele>56.9</ele>
<time>2025-09-09T06:37:08Z</time>
</trkpt>
<trkpt lat="25.277041" lon="121.518676">
<ele>55.4</ele>
<time>2025-09-09T06:37:54Z</time>
</trkpt>
<trkpt lat="25.277091" lon="121.518682">
<ele>54.6</ele>
<time>2025-09-09T06:38:02Z</time>
</trkpt>
<trkpt lat="25.277141" lon="121.51871">
<ele>54.6</ele>
<time>2025-09-09T06:38:07Z</time>
</trkpt>
<trkpt lat="25.277185" lon="121.518685">
<ele>56.8</ele>
<time>2025-09-09T06:38:28Z</time>
</trkpt>
<trkpt lat="25.277217" lon="121.518736">
<ele>56.7</ele>
<time>2025-09-09T06:38:52Z</time>
</trkpt>
<trkpt lat="25.277245" lon="121.518694">
<ele>57.4</ele>
<time>2025-09-09T06:40:05Z</time>
</trkpt>
<trkpt lat="25.277221" lon="121.518639">
<ele>59.2</ele>
<time>2025-09-09T06:40:27Z</time>
</trkpt>
<trkpt lat="25.277184" lon="121.518608">
<ele>59</ele>
<time>2025-09-09T06:40:37Z</time>
</trkpt>
<trkpt lat="25.277158" lon="121.518565">
<ele>56.8</ele>
<time>2025-09-09T06:40:48Z</time>
</trkpt>
<trkpt lat="25.277178" lon="121.518512">
<ele>56.4</ele>
<time>2025-09-09T06:40:53Z</time>
</trkpt>
<trkpt lat="25.277196" lon="121.518459">
<ele>56.8</ele>
<time>2025-09-09T06:40:58Z</time>
</trkpt>
<trkpt lat="25.277242" lon="121.518418">
<ele>57.7</ele>
<time>2025-09-09T06:41:03Z</time>
</trkpt>
<trkpt lat="25.277291" lon="121.518404">
<ele>57.4</ele>
<time>2025-09-09T06:41:09Z</time>
</trkpt>
<trkpt lat="25.277357" lon="121.518391">
<ele>58.1</ele>
<time>2025-09-09T06:41:14Z</time>
</trkpt>
<trkpt lat="25.277431" lon="121.518399">
<ele>58.5</ele>
<time>2025-09-09T06:41:20Z</time>
</trkpt>
<trkpt lat="25.277476" lon="121.518388">
<ele>59.5</ele>
<time>2025-09-09T06:41:25Z</time>
</trkpt>
<trkpt lat="25.277522" lon="121.518377">
<ele>60.4</ele>
<time>2025-09-09T06:41:30Z</time>
</trkpt>
<trkpt lat="25.277571" lon="121.518383">
<ele>60.9</ele>
<time>2025-09-09T06:41:36Z</time>
</trkpt>
<trkpt lat="25.277623" lon="121.518386">
<ele>60.8</ele>
<time>2025-09-09T06:41:42Z</time>
</trkpt>
<trkpt lat="25.277674" lon="121.518379">
<ele>60.6</ele>
<time>2025-09-09T06:41:48Z</time>
</trkpt>
<trkpt lat="25.277712" lon="121.518351">
<ele>59.7</ele>
<time>2025-09-09T06:41:56Z</time>
</trkpt>
<trkpt lat="25.277753" lon="121.518319">
<ele>59.1</ele>
<time>2025-09-09T06:42:07Z</time>
</trkpt>
<trkpt lat="25.277791" lon="121.518273">
<ele>58.5</ele>
<time>2025-09-09T06:42:14Z</time>
</trkpt>
<trkpt lat="25.277831" lon="121.518247">
<ele>56.2</ele>
<time>2025-09-09T06:42:22Z</time>
</trkpt>
<trkpt lat="25.277797" lon="121.518202">
<ele>55.6</ele>
<time>2025-09-09T06:42:29Z</time>
</trkpt>
<trkpt lat="25.277787" lon="121.518145">
<ele>55.4</ele>
<time>2025-09-09T06:42:37Z</time>
</trkpt>
<trkpt lat="25.277832" lon="121.518151">
<ele>55.1</ele>
<time>2025-09-09T06:42:44Z</time>
</trkpt>
<trkpt lat="25.277854" lon="121.518202">
<ele>54.8</ele>
<time>2025-09-09T06:42:49Z</time>
</trkpt>
<trkpt lat="25.2779" lon="121.518192">
<ele>56.8</ele>
<time>2025-09-09T06:43:58Z</time>
</trkpt>
<trkpt lat="25.277864" lon="121.51823">
<ele>55.3</ele>
<time>2025-09-09T06:45:28Z</time>
</trkpt>
<trkpt lat="25.277885" lon="121.518244">
<ele>56.9</ele>
<time>2025-09-09T06:45:33Z</time>
</trkpt>
</trkseg>
</trk>
<trk>
<name><![CDATA[2025-09-09_09.44.02]]></name>
<extensions>
<gpxx:TrackExtension>
<gpxx:DisplayColor>Red</gpxx:DisplayColor>
</gpxx:TrackExtension>
</extensions>
<trkseg>
<trkpt lat="25.277357" lon="121.517552">
<ele>55.9</ele>
<time>2025-09-09T01:44:03Z</time>
</trkpt>
<trkpt lat="25.277394" lon="121.517517">
<ele>57.9</ele>
<time>2025-09-09T01:44:33Z</time>
</trkpt>
<trkpt lat="25.277412" lon="121.517563">
<ele>57.8</ele>
<time>2025-09-09T01:46:39Z</time>
</trkpt>
<trkpt lat="25.277427" lon="121.517612">
<ele>55.1</ele>
<time>2025-09-09T01:46:46Z</time>
</trkpt>
<trkpt lat="25.277432" lon="121.517662">
<ele>51.6</ele>
<time>2025-09-09T01:47:02Z</time>
</trkpt>
<trkpt lat="25.277405" lon="121.517612">
<ele>53.7</ele>
<time>2025-09-09T01:47:09Z</time>
</trkpt>
<trkpt lat="25.277439" lon="121.517649">
<ele>53.5</ele>
<time>2025-09-09T01:47:18Z</time>
</trkpt>
<trkpt lat="25.277486" lon="121.517717">
<ele>52.9</ele>
<time>2025-09-09T01:47:23Z</time>
</trkpt>
<trkpt lat="25.277544" lon="121.517791">
<ele>53.9</ele>
<time>2025-09-09T01:47:28Z</time>
</trkpt>
<trkpt lat="25.277584" lon="121.51784">
<ele>53.5</ele>
<time>2025-09-09T01:47:33Z</time>
</trkpt>
<trkpt lat="25.277616" lon="121.517914">
<ele>53.4</ele>
<time>2025-09-09T01:47:38Z</time>
</trkpt>
<trkpt lat="25.277652" lon="121.517979">
<ele>53.5</ele>
<time>2025-09-09T01:47:43Z</time>
</trkpt>
<trkpt lat="25.277693" lon="121.518034">
<ele>52.9</ele>
<time>2025-09-09T01:47:48Z</time>
</trkpt>
<trkpt lat="25.277735" lon="121.518066">
<ele>52.8</ele>
<time>2025-09-09T01:47:54Z</time>
</trkpt>
<trkpt lat="25.277759" lon="121.518126">
<ele>52.8</ele>
<time>2025-09-09T01:48:00Z</time>
</trkpt>
<trkpt lat="25.277796" lon="121.518168">
<ele>50.7</ele>
<time>2025-09-09T01:48:06Z</time>
</trkpt>
<trkpt lat="25.277841" lon="121.518208">
<ele>51.8</ele>
<time>2025-09-09T01:48:11Z</time>
</trkpt>
<trkpt lat="25.277864" lon="121.518258">
<ele>51.8</ele>
<time>2025-09-09T01:48:16Z</time>
</trkpt>
<trkpt lat="25.277901" lon="121.518293">
<ele>52.3</ele>
<time>2025-09-09T01:48:25Z</time>
</trkpt>
<trkpt lat="25.277926" lon="121.518236">
<ele>49.7</ele>
<time>2025-09-09T01:49:00Z</time>
</trkpt>
<trkpt lat="25.277926" lon="121.518288">
<ele>49.7</ele>
<time>2025-09-09T01:49:06Z</time>
</trkpt>
<trkpt lat="25.277883" lon="121.518305">
<ele>51.7</ele>
<time>2025-09-09T01:49:14Z</time>
</trkpt>
<trkpt lat="25.27789" lon="121.51825">
<ele>52.3</ele>
<time>2025-09-09T01:49:23Z</time>
</trkpt>
<trkpt lat="25.277855" lon="121.518217">
<ele>55.3</ele>
<time>2025-09-09T01:50:48Z</time>
</trkpt>
<trkpt lat="25.277912" lon="121.518182">
<ele>52.7</ele>
<time>2025-09-09T01:51:11Z</time>
</trkpt>
<trkpt lat="25.277878" lon="121.518215">
<ele>52.5</ele>
<time>2025-09-09T01:51:18Z</time>
</trkpt>
<trkpt lat="25.277825" lon="121.518259">
<ele>52</ele>
<time>2025-09-09T01:51:31Z</time>
</trkpt>
<trkpt lat="25.277886" lon="121.518205">
<ele>52.6</ele>
<time>2025-09-09T01:51:37Z</time>
</trkpt>
<trkpt lat="25.277855" lon="121.518251">
<ele>53.9</ele>
<time>2025-09-09T01:52:28Z</time>
</trkpt>
<trkpt lat="25.27788" lon="121.518202">
<ele>52.3</ele>
<time>2025-09-09T01:52:48Z</time>
</trkpt>
<trkpt lat="25.277914" lon="121.518161">
<ele>52.2</ele>
<time>2025-09-09T01:52:56Z</time>
</trkpt>
<trkpt lat="25.277895" lon="121.518209">
<ele>54</ele>
<time>2025-09-09T01:53:08Z</time>
</trkpt>
<trkpt lat="25.27785" lon="121.5182">
<ele>56.5</ele>
<time>2025-09-09T01:53:26Z</time>
</trkpt>
<trkpt lat="25.277807" lon="121.518162">
<ele>58.3</ele>
<time>2025-09-09T01:53:39Z</time>
</trkpt>
<trkpt lat="25.277845" lon="121.518211">
<ele>55.3</ele>
<time>2025-09-09T01:53:47Z</time>
</trkpt>
<trkpt lat="25.277889" lon="121.518198">
<ele>52.7</ele>
<time>2025-09-09T01:53:55Z</time>
</trkpt>
<trkpt lat="25.277867" lon="121.518249">
<ele>52.4</ele>
<time>2025-09-09T01:54:02Z</time>
</trkpt>
<trkpt lat="25.277891" lon="121.518203">
<ele>48.9</ele>
<time>2025-09-09T01:54:16Z</time>
</trkpt>
<trkpt lat="25.277845" lon="121.518167">
<ele>53</ele>
<time>2025-09-09T01:54:58Z</time>
</trkpt>
<trkpt lat="25.277853" lon="121.518216">
<ele>53.9</ele>
<time>2025-09-09T01:55:20Z</time>
</trkpt>
<trkpt lat="25.277873" lon="121.518263">
<ele>53.8</ele>
<time>2025-09-09T01:55:57Z</time>
</trkpt>
<trkpt lat="25.277819" lon="121.518363">
<ele>54.2</ele>
<time>2025-09-09T01:57:54Z</time>
</trkpt>
<trkpt lat="25.277874" lon="121.518268">
<ele>53.1</ele>
<time>2025-09-09T01:57:59Z</time>
</trkpt>
<trkpt lat="25.277891" lon="121.518219">
<ele>52.6</ele>
<time>2025-09-09T01:58:05Z</time>
</trkpt>
<trkpt lat="25.277865" lon="121.518262">
<ele>56.4</ele>
<time>2025-09-09T01:58:25Z</time>
</trkpt>
<trkpt lat="25.277853" lon="121.518214">
<ele>61.1</ele>
<time>2025-09-09T01:59:12Z</time>
</trkpt>
<trkpt lat="25.277901" lon="121.518238">
<ele>57.3</ele>
<time>2025-09-09T01:59:24Z</time>
</trkpt>
<trkpt lat="25.277951" lon="121.518198">
<ele>53.7</ele>
<time>2025-09-09T01:59:36Z</time>
</trkpt>
<trkpt lat="25.277968" lon="121.518279">
<ele>52.2</ele>
<time>2025-09-09T01:59:42Z</time>
</trkpt>
<trkpt lat="25.277972" lon="121.518397">
<ele>53.3</ele>
<time>2025-09-09T01:59:48Z</time>
</trkpt>
<trkpt lat="25.277988" lon="121.518444">
<ele>52.9</ele>
<time>2025-09-09T01:59:55Z</time>
</trkpt>
<trkpt lat="25.278026" lon="121.518478">
<ele>51.8</ele>
<time>2025-09-09T02:00:01Z</time>
</trkpt>
<trkpt lat="25.278057" lon="121.518536">
<ele>51.9</ele>
<time>2025-09-09T02:00:07Z</time>
</trkpt>
<trkpt lat="25.278063" lon="121.518596">
<ele>51.7</ele>
<time>2025-09-09T02:00:13Z</time>
</trkpt>
<trkpt lat="25.278077" lon="121.518663">
<ele>51.3</ele>
<time>2025-09-09T02:00:20Z</time>
</trkpt>
<trkpt lat="25.278091" lon="121.518729">
<ele>51.3</ele>
<time>2025-09-09T02:00:26Z</time>
</trkpt>
<trkpt lat="25.278123" lon="121.518777">
<ele>52.8</ele>
<time>2025-09-09T02:00:34Z</time>
</trkpt>
<trkpt lat="25.27812" lon="121.518856">
<ele>52.2</ele>
<time>2025-09-09T02:00:41Z</time>
</trkpt>
<trkpt lat="25.27809" lon="121.518906">
<ele>52.8</ele>
<time>2025-09-09T02:00:47Z</time>
</trkpt>
<trkpt lat="25.27807" lon="121.518952">
<ele>55.6</ele>
<time>2025-09-09T02:01:21Z</time>
</trkpt>
<trkpt lat="25.278037" lon="121.518988">
<ele>54.2</ele>
<time>2025-09-09T02:01:34Z</time>
</trkpt>
<trkpt lat="25.278004" lon="121.519033">
<ele>54.3</ele>
<time>2025-09-09T02:01:39Z</time>
</trkpt>
<trkpt lat="25.277956" lon="121.519067">
<ele>52.5</ele>
<time>2025-09-09T02:01:46Z</time>
</trkpt>
<trkpt lat="25.277987" lon="121.519142">
<ele>51.6</ele>
<time>2025-09-09T02:01:52Z</time>
</trkpt>
<trkpt lat="25.277963" lon="121.519184">
<ele>52.7</ele>
<time>2025-09-09T02:02:00Z</time>
</trkpt>
<trkpt lat="25.277957" lon="121.519249">
<ele>53.1</ele>
<time>2025-09-09T02:02:12Z</time>
</trkpt>
<trkpt lat="25.277955" lon="121.519327">
<ele>52.9</ele>
<time>2025-09-09T02:02:18Z</time>
</trkpt>
<trkpt lat="25.277991" lon="121.519391">
<ele>53.3</ele>
<time>2025-09-09T02:02:24Z</time>
</trkpt>
<trkpt lat="25.277957" lon="121.519438">
<ele>52.1</ele>
<time>2025-09-09T02:02:30Z</time>
</trkpt>
<trkpt lat="25.277937" lon="121.519493">
<ele>52.6</ele>
<time>2025-09-09T02:02:36Z</time>
</trkpt>
<trkpt lat="25.277923" lon="121.519578">
<ele>51.7</ele>
<time>2025-09-09T02:02:42Z</time>
</trkpt>
<trkpt lat="25.277921" lon="121.519633">
<ele>51.5</ele>
<time>2025-09-09T02:02:48Z</time>
</trkpt>
<trkpt lat="25.277957" lon="121.519693">
<ele>51.2</ele>
<time>2025-09-09T02:02:54Z</time>
</trkpt>
<trkpt lat="25.277975" lon="121.51976">
<ele>51.2</ele>
<time>2025-09-09T02:03:00Z</time>
</trkpt>
<trkpt lat="25.277995" lon="121.519827">
<ele>50.2</ele>
<time>2025-09-09T02:03:06Z</time>
</trkpt>
<trkpt lat="25.278024" lon="121.519876">
<ele>49</ele>
<time>2025-09-09T02:03:12Z</time>
</trkpt>
<trkpt lat="25.278006" lon="121.519928">
<ele>52.3</ele>
<time>2025-09-09T02:03:32Z</time>
</trkpt>
<trkpt lat="25.277961" lon="121.519927">
<ele>51.9</ele>
<time>2025-09-09T02:03:45Z</time>
</trkpt>
<trkpt lat="25.277919" lon="121.519884">
<ele>50.2</ele>
<time>2025-09-09T02:03:52Z</time>
</trkpt>
<trkpt lat="25.277893" lon="121.519842">
<ele>49.5</ele>
<time>2025-09-09T02:04:00Z</time>
</trkpt>
<trkpt lat="25.277881" lon="121.519786">
<ele>49.8</ele>
<time>2025-09-09T02:04:10Z</time>
</trkpt>
<trkpt lat="25.277836" lon="121.519766">
<ele>48.8</ele>
<time>2025-09-09T02:04:21Z</time>
</trkpt>
<trkpt lat="25.277893" lon="121.519771">
<ele>47.4</ele>
<time>2025-09-09T02:05:55Z</time>
</trkpt>
<trkpt lat="25.277903" lon="121.51982">
<ele>51.1</ele>
<time>2025-09-09T02:08:03Z</time>
</trkpt>
<trkpt lat="25.277936" lon="121.519876">
<ele>50.8</ele>
<time>2025-09-09T02:08:09Z</time>
</trkpt>
<trkpt lat="25.277985" lon="121.519881">
<ele>48.8</ele>
<time>2025-09-09T02:08:23Z</time>
</trkpt>
<trkpt lat="25.278032" lon="121.519881">
<ele>48.1</ele>
<time>2025-09-09T02:08:34Z</time>
</trkpt>
<trkpt lat="25.278057" lon="121.519933">
<ele>47.1</ele>
<time>2025-09-09T02:08:40Z</time>
</trkpt>
<trkpt lat="25.278106" lon="121.519965">
<ele>46.4</ele>
<time>2025-09-09T02:08:47Z</time>
</trkpt>
<trkpt lat="25.278154" lon="121.519977">
<ele>46.5</ele>
<time>2025-09-09T02:08:55Z</time>
</trkpt>
<trkpt lat="25.278193" lon="121.520009">
<ele>45.6</ele>
<time>2025-09-09T02:09:03Z</time>
</trkpt>
<trkpt lat="25.278243" lon="121.520001">
<ele>44.7</ele>
<time>2025-09-09T02:09:11Z</time>
</trkpt>
<trkpt lat="25.278308" lon="121.519982">
<ele>44.7</ele>
<time>2025-09-09T02:09:17Z</time>
</trkpt>
<trkpt lat="25.278351" lon="121.520009">
<ele>45.4</ele>
<time>2025-09-09T02:09:25Z</time>
</trkpt>
<trkpt lat="25.278397" lon="121.520018">
<ele>45.5</ele>
<time>2025-09-09T02:09:33Z</time>
</trkpt>
<trkpt lat="25.278439" lon="121.519989">
<ele>44.9</ele>
<time>2025-09-09T02:09:53Z</time>
</trkpt>
<trkpt lat="25.278488" lon="121.520028">
<ele>43.7</ele>
<time>2025-09-09T02:09:58Z</time>
</trkpt>
<trkpt lat="25.278535" lon="121.520032">
<ele>43.9</ele>
<time>2025-09-09T02:10:03Z</time>
</trkpt>
<trkpt lat="25.278589" lon="121.520008">
<ele>43.9</ele>
<time>2025-09-09T02:10:09Z</time>
</trkpt>
<trkpt lat="25.278636" lon="121.519983">
<ele>42.3</ele>
<time>2025-09-09T02:10:15Z</time>
</trkpt>
<trkpt lat="25.278696" lon="121.519977">
<ele>42.6</ele>
<time>2025-09-09T02:10:21Z</time>
</trkpt>
<trkpt lat="25.278766" lon="121.519963">
<ele>40.9</ele>
<time>2025-09-09T02:10:27Z</time>
</trkpt>
<trkpt lat="25.27882" lon="121.519965">
<ele>42</ele>
<time>2025-09-09T02:10:33Z</time>
</trkpt>
<trkpt lat="25.278866" lon="121.51996">
<ele>43.2</ele>
<time>2025-09-09T02:10:40Z</time>
</trkpt>
<trkpt lat="25.278905" lon="121.519934">
<ele>44.2</ele>
<time>2025-09-09T02:10:47Z</time>
</trkpt>
<trkpt lat="25.27896" lon="121.519925">
<ele>44.2</ele>
<time>2025-09-09T02:10:54Z</time>
</trkpt>
<trkpt lat="25.27902" lon="121.519909">
<ele>44.8</ele>
<time>2025-09-09T02:11:00Z</time>
</trkpt>
<trkpt lat="25.279076" lon="121.519886">
<ele>42.9</ele>
<time>2025-09-09T02:11:06Z</time>
</trkpt>
<trkpt lat="25.279128" lon="121.519889">
<ele>43.3</ele>
<time>2025-09-09T02:11:12Z</time>
</trkpt>
<trkpt lat="25.279173" lon="121.519877">
<ele>42.2</ele>
<time>2025-09-09T02:11:27Z</time>
</trkpt>
<trkpt lat="25.279216" lon="121.51991">
<ele>40.6</ele>
<time>2025-09-09T02:11:34Z</time>
</trkpt>
<trkpt lat="25.279267" lon="121.51992">
<ele>40.8</ele>
<time>2025-09-09T02:11:43Z</time>
</trkpt>
<trkpt lat="25.279268" lon="121.519983">
<ele>42.6</ele>
<time>2025-09-09T02:11:56Z</time>
</trkpt>
<trkpt lat="25.279273" lon="121.520041">
<ele>41.5</ele>
<time>2025-09-09T02:12:01Z</time>
</trkpt>
<trkpt lat="25.279313" lon="121.520066">
<ele>41.1</ele>
<time>2025-09-09T02:12:08Z</time>
</trkpt>
<trkpt lat="25.279287" lon="121.520107">
<ele>41.1</ele>
<time>2025-09-09T02:12:14Z</time>
</trkpt>
<trkpt lat="25.279329" lon="121.520137">
<ele>40</ele>
<time>2025-09-09T02:12:43Z</time>
</trkpt>
<trkpt lat="25.279363" lon="121.520101">
<ele>38.4</ele>
<time>2025-09-09T02:12:55Z</time>
</trkpt>
<trkpt lat="25.279386" lon="121.520147">
<ele>38.5</ele>
<time>2025-09-09T02:13:02Z</time>
</trkpt>
<trkpt lat="25.279408" lon="121.5202">
<ele>39.9</ele>
<time>2025-09-09T02:13:35Z</time>
</trkpt>
<trkpt lat="25.27946" lon="121.520231">
<ele>39.2</ele>
<time>2025-09-09T02:13:40Z</time>
</trkpt>
<trkpt lat="25.279511" lon="121.520244">
<ele>39.4</ele>
<time>2025-09-09T02:13:46Z</time>
</trkpt>
<trkpt lat="25.279552" lon="121.520279">
<ele>39.4</ele>
<time>2025-09-09T02:13:51Z</time>
</trkpt>
<trkpt lat="25.2796" lon="121.520295">
<ele>40.2</ele>
<time>2025-09-09T02:13:56Z</time>
</trkpt>
<trkpt lat="25.279651" lon="121.520317">
<ele>40.8</ele>
<time>2025-09-09T02:14:06Z</time>
</trkpt>
<trkpt lat="25.279696" lon="121.520327">
<ele>41.3</ele>
<time>2025-09-09T02:14:11Z</time>
</trkpt>
<trkpt lat="25.279702" lon="121.520388">
<ele>42</ele>
<time>2025-09-09T02:14:21Z</time>
</trkpt>
<trkpt lat="25.27972" lon="121.520436">
<ele>43.5</ele>
<time>2025-09-09T02:14:29Z</time>
</trkpt>
<trkpt lat="25.279761" lon="121.52049">
<ele>45.2</ele>
<time>2025-09-09T02:14:34Z</time>
</trkpt>
<trkpt lat="25.279793" lon="121.520455">
<ele>47.6</ele>
<time>2025-09-09T02:14:45Z</time>
</trkpt>
<trkpt lat="25.279831" lon="121.520494">
<ele>49.3</ele>
<time>2025-09-09T02:14:59Z</time>
</trkpt>
<trkpt lat="25.279877" lon="121.520439">
<ele>50.2</ele>
<time>2025-09-09T02:15:06Z</time>
</trkpt>
<trkpt lat="25.279872" lon="121.520495">
<ele>52.2</ele>
<time>2025-09-09T02:15:13Z</time>
</trkpt>
<trkpt lat="25.279931" lon="121.520475">
<ele>52.6</ele>
<time>2025-09-09T02:15:18Z</time>
</trkpt>
<trkpt lat="25.279992" lon="121.520487">
<ele>54.8</ele>
<time>2025-09-09T02:15:24Z</time>
</trkpt>
<trkpt lat="25.280052" lon="121.520454">
<ele>56</ele>
<time>2025-09-09T02:15:30Z</time>
</trkpt>
<trkpt lat="25.2801" lon="121.520397">
<ele>55.4</ele>
<time>2025-09-09T02:15:36Z</time>
</trkpt>
<trkpt lat="25.28015" lon="121.520394">
<ele>54.2</ele>
<time>2025-09-09T02:15:42Z</time>
</trkpt>
<trkpt lat="25.280199" lon="121.520373">
<ele>53.2</ele>
<time>2025-09-09T02:15:48Z</time>
</trkpt>
<trkpt lat="25.280248" lon="121.520391">
<ele>51.7</ele>
<time>2025-09-09T02:15:54Z</time>
</trkpt>
<trkpt lat="25.280261" lon="121.52046">
<ele>50.7</ele>
<time>2025-09-09T02:16:00Z</time>
</trkpt>
<trkpt lat="25.280286" lon="121.520518">
<ele>51</ele>
<time>2025-09-09T02:16:06Z</time>
</trkpt>
<trkpt lat="25.28031" lon="121.520569">
<ele>50.3</ele>
<time>2025-09-09T02:16:12Z</time>
</trkpt>
<trkpt lat="25.280329" lon="121.520614">
<ele>50.7</ele>
<time>2025-09-09T02:16:19Z</time>
</trkpt>
<trkpt lat="25.280372" lon="121.520634">
<ele>50.7</ele>
<time>2025-09-09T02:16:25Z</time>
</trkpt>
<trkpt lat="25.280394" lon="121.520687">
<ele>51.3</ele>
<time>2025-09-09T02:16:32Z</time>
</trkpt>
<trkpt lat="25.28043" lon="121.520733">
<ele>51.6</ele>
<time>2025-09-09T02:16:38Z</time>
</trkpt>
<trkpt lat="25.280457" lon="121.520805">
<ele>51.9</ele>
<time>2025-09-09T02:16:44Z</time>
</trkpt>
<trkpt lat="25.280483" lon="121.520884">
<ele>50.7</ele>
<time>2025-09-09T02:16:50Z</time>
</trkpt>
<trkpt lat="25.280522" lon="121.520931">
<ele>49.9</ele>
<time>2025-09-09T02:16:56Z</time>
</trkpt>
<trkpt lat="25.280567" lon="121.520957">
<ele>48.6</ele>
<time>2025-09-09T02:17:08Z</time>
</trkpt>
<trkpt lat="25.280594" lon="121.521006">
<ele>47.5</ele>
<time>2025-09-09T02:17:15Z</time>
</trkpt>
<trkpt lat="25.280643" lon="121.521045">
<ele>45.7</ele>
<time>2025-09-09T02:17:21Z</time>
</trkpt>
<trkpt lat="25.28069" lon="121.521031">
<ele>44.7</ele>
<time>2025-09-09T02:17:27Z</time>
</trkpt>
<trkpt lat="25.280743" lon="121.521041">
<ele>42.7</ele>
<time>2025-09-09T02:17:33Z</time>
</trkpt>
<trkpt lat="25.280791" lon="121.521038">
<ele>41.6</ele>
<time>2025-09-09T02:17:50Z</time>
</trkpt>
<trkpt lat="25.280823" lon="121.521">
<ele>38.6</ele>
<time>2025-09-09T02:18:25Z</time>
</trkpt>
<trkpt lat="25.280819" lon="121.52095">
<ele>39.3</ele>
<time>2025-09-09T02:18:48Z</time>
</trkpt>
<trkpt lat="25.28081" lon="121.520889">
<ele>38.9</ele>
<time>2025-09-09T02:18:58Z</time>
</trkpt>
<trkpt lat="25.280786" lon="121.520837">
<ele>39.1</ele>
<time>2025-09-09T02:19:07Z</time>
</trkpt>
<trkpt lat="25.280745" lon="121.520786">
<ele>39.1</ele>
<time>2025-09-09T02:19:13Z</time>
</trkpt>
<trkpt lat="25.280699" lon="121.520778">
<ele>39.1</ele>
<time>2025-09-09T02:19:19Z</time>
</trkpt>
<trkpt lat="25.280706" lon="121.520724">
<ele>40.4</ele>
<time>2025-09-09T02:19:35Z</time>
</trkpt>
<trkpt lat="25.280694" lon="121.520667">
<ele>40.6</ele>
<time>2025-09-09T02:19:51Z</time>
</trkpt>
<trkpt lat="25.280672" lon="121.520596">
<ele>40.5</ele>
<time>2025-09-09T02:19:57Z</time>
</trkpt>
<trkpt lat="25.280649" lon="121.520549">
<ele>40.5</ele>
<time>2025-09-09T02:20:03Z</time>
</trkpt>
<trkpt lat="25.280595" lon="121.520509">
<ele>40</ele>
<time>2025-09-09T02:20:09Z</time>
</trkpt>
<trkpt lat="25.28055" lon="121.520495">
<ele>38.3</ele>
<time>2025-09-09T02:20:17Z</time>
</trkpt>
<trkpt lat="25.280508" lon="121.520544">
<ele>38.8</ele>
<time>2025-09-09T02:20:27Z</time>
</trkpt>
<trkpt lat="25.280573" lon="121.520517">
<ele>40.1</ele>
<time>2025-09-09T02:20:39Z</time>
</trkpt>
<trkpt lat="25.280507" lon="121.520444">
<ele>39.5</ele>
<time>2025-09-09T02:20:45Z</time>
</trkpt>
<trkpt lat="25.280541" lon="121.520482">
<ele>40.2</ele>
<time>2025-09-09T02:20:55Z</time>
</trkpt>
<trkpt lat="25.280597" lon="121.520505">
<ele>39.8</ele>
<time>2025-09-09T02:21:01Z</time>
</trkpt>
<trkpt lat="25.280642" lon="121.52056">
<ele>39.8</ele>
<time>2025-09-09T02:21:07Z</time>
</trkpt>
<trkpt lat="25.28068" lon="121.520602">
<ele>40.1</ele>
<time>2025-09-09T02:21:14Z</time>
</trkpt>
<trkpt lat="25.280707" lon="121.520654">
<ele>40</ele>
<time>2025-09-09T02:21:21Z</time>
</trkpt>
<trkpt lat="25.280726" lon="121.520705">
<ele>39.9</ele>
<time>2025-09-09T02:21:31Z</time>
</trkpt>
<trkpt lat="25.28068" lon="121.520778">
<ele>39.8</ele>
<time>2025-09-09T02:21:37Z</time>
</trkpt>
<trkpt lat="25.280732" lon="121.520776">
<ele>40.3</ele>
<time>2025-09-09T02:21:46Z</time>
</trkpt>
<trkpt lat="25.280769" lon="121.520828">
<ele>39.5</ele>
<time>2025-09-09T02:21:52Z</time>
</trkpt>
<trkpt lat="25.280753" lon="121.520876">
<ele>38.9</ele>
<time>2025-09-09T02:22:03Z</time>
</trkpt>
<trkpt lat="25.280708" lon="121.520912">
<ele>39</ele>
<time>2025-09-09T02:22:13Z</time>
</trkpt>
<trkpt lat="25.280678" lon="121.520956">
<ele>40</ele>
<time>2025-09-09T02:22:19Z</time>
</trkpt>
<trkpt lat="25.280731" lon="121.520934">
<ele>40.9</ele>
<time>2025-09-09T02:22:25Z</time>
</trkpt>
<trkpt lat="25.280805" lon="121.520896">
<ele>39.5</ele>
<time>2025-09-09T02:22:31Z</time>
</trkpt>
<trkpt lat="25.280856" lon="121.520912">
<ele>38.4</ele>
<time>2025-09-09T02:22:58Z</time>
</trkpt>
<trkpt lat="25.280808" lon="121.520928">
<ele>38.3</ele>
<time>2025-09-09T02:23:22Z</time>
</trkpt>
<trkpt lat="25.280799" lon="121.520982">
<ele>41.3</ele>
<time>2025-09-09T02:23:33Z</time>
</trkpt>
<trkpt lat="25.280803" lon="121.521032">
<ele>41.9</ele>
<time>2025-09-09T02:23:43Z</time>
</trkpt>
<trkpt lat="25.280856" lon="121.520983">
<ele>39.6</ele>
<time>2025-09-09T02:24:00Z</time>
</trkpt>
<trkpt lat="25.280872" lon="121.520936">
<ele>37.9</ele>
<time>2025-09-09T02:24:11Z</time>
</trkpt>
<trkpt lat="25.280833" lon="121.520903">
<ele>36.9</ele>
<time>2025-09-09T02:24:22Z</time>
</trkpt>
<trkpt lat="25.280879" lon="121.52091">
<ele>36.1</ele>
<time>2025-09-09T02:24:28Z</time>
</trkpt>
<trkpt lat="25.280918" lon="121.520974">
<ele>36.1</ele>
<time>2025-09-09T02:24:34Z</time>
</trkpt>
<trkpt lat="25.280906" lon="121.521049">
<ele>35.3</ele>
<time>2025-09-09T02:24:40Z</time>
</trkpt>
<trkpt lat="25.280953" lon="121.521042">
<ele>35.2</ele>
<time>2025-09-09T02:24:50Z</time>
</trkpt>
<trkpt lat="25.280946" lon="121.521096">
<ele>35.7</ele>
<time>2025-09-09T02:24:58Z</time>
</trkpt>
<trkpt lat="25.280906" lon="121.521148">
<ele>34.6</ele>
<time>2025-09-09T02:25:05Z</time>
</trkpt>
<trkpt lat="25.280882" lon="121.521282">
<ele>36.3</ele>
<time>2025-09-09T02:25:11Z</time>
</trkpt>
<trkpt lat="25.280931" lon="121.521229">
<ele>35.6</ele>
<time>2025-09-09T02:25:18Z</time>
</trkpt>
<trkpt lat="25.280896" lon="121.521262">
<ele>35.1</ele>
<time>2025-09-09T02:25:25Z</time>
</trkpt>
<trkpt lat="25.280831" lon="121.521329">
<ele>35.2</ele>
<time>2025-09-09T02:25:31Z</time>
</trkpt>
<trkpt lat="25.28086" lon="121.521373">
<ele>35.9</ele>
<time>2025-09-09T02:25:42Z</time>
</trkpt>
<trkpt lat="25.280825" lon="121.521429">
<ele>34.8</ele>
<time>2025-09-09T02:25:48Z</time>
</trkpt>
<trkpt lat="25.28087" lon="121.521421">
<ele>35.8</ele>
<time>2025-09-09T02:25:57Z</time>
</trkpt>
<trkpt lat="25.280837" lon="121.521553">
<ele>35.9</ele>
<time>2025-09-09T02:26:03Z</time>
</trkpt>
<trkpt lat="25.2808" lon="121.52152">
<ele>34.6</ele>
<time>2025-09-09T02:26:11Z</time>
</trkpt>
<trkpt lat="25.2808" lon="121.521581">
<ele>35.2</ele>
<time>2025-09-09T02:26:17Z</time>
</trkpt>
<trkpt lat="25.280764" lon="121.521531">
<ele>34.8</ele>
<time>2025-09-09T02:26:23Z</time>
</trkpt>
<trkpt lat="25.280766" lon="121.521466">
<ele>35.4</ele>
<time>2025-09-09T02:26:32Z</time>
</trkpt>
<trkpt lat="25.280707" lon="121.521458">
<ele>38.6</ele>
<time>2025-09-09T02:26:38Z</time>
</trkpt>
<trkpt lat="25.280661" lon="121.521414">
<ele>40.1</ele>
<time>2025-09-09T02:26:44Z</time>
</trkpt>
<trkpt lat="25.280554" lon="121.521387">
<ele>42.9</ele>
<time>2025-09-09T02:26:49Z</time>
</trkpt>
<trkpt lat="25.280542" lon="121.521457">
<ele>43.4</ele>
<time>2025-09-09T02:26:55Z</time>
</trkpt>
<trkpt lat="25.280483" lon="121.521428">
<ele>44.8</ele>
<time>2025-09-09T02:27:01Z</time>
</trkpt>
<trkpt lat="25.280436" lon="121.521437">
<ele>45.6</ele>
<time>2025-09-09T02:27:07Z</time>
</trkpt>
<trkpt lat="25.280355" lon="121.521423">
<ele>44.8</ele>
<time>2025-09-09T02:27:13Z</time>
</trkpt>
<trkpt lat="25.280325" lon="121.521464">
<ele>45.5</ele>
<time>2025-09-09T02:27:20Z</time>
</trkpt>
<trkpt lat="25.28029" lon="121.521507">
<ele>45.6</ele>
<time>2025-09-09T02:28:03Z</time>
</trkpt>
<trkpt lat="25.280353" lon="121.521498">
<ele>44</ele>
<time>2025-09-09T02:28:40Z</time>
</trkpt>
<trkpt lat="25.280317" lon="121.521539">
<ele>44.4</ele>
<time>2025-09-09T02:28:59Z</time>
</trkpt>
<trkpt lat="25.280271" lon="121.521631">
<ele>43.1</ele>
<time>2025-09-09T02:29:17Z</time>
</trkpt>
<trkpt lat="25.280352" lon="121.521565">
<ele>43</ele>
<time>2025-09-09T02:29:24Z</time>
</trkpt>
<trkpt lat="25.28029" lon="121.521516">
<ele>42.5</ele>
<time>2025-09-09T02:29:30Z</time>
</trkpt>
<trkpt lat="25.28037" lon="121.521547">
<ele>43</ele>
<time>2025-09-09T02:29:36Z</time>
</trkpt>
<trkpt lat="25.280407" lon="121.521517">
<ele>42.4</ele>
<time>2025-09-09T02:29:44Z</time>
</trkpt>
<trkpt lat="25.280422" lon="121.52147">
<ele>42.2</ele>
<time>2025-09-09T02:29:53Z</time>
</trkpt>
<trkpt lat="25.280401" lon="121.521516">
<ele>42.8</ele>
<time>2025-09-09T02:30:09Z</time>
</trkpt>
<trkpt lat="25.280424" lon="121.521469">
<ele>43.5</ele>
<time>2025-09-09T02:30:22Z</time>
</trkpt>
<trkpt lat="25.280478" lon="121.521397">
<ele>43.6</ele>
<time>2025-09-09T02:30:28Z</time>
</trkpt>
<trkpt lat="25.280548" lon="121.521355">
<ele>44.1</ele>
<time>2025-09-09T02:30:34Z</time>
</trkpt>
<trkpt lat="25.280604" lon="121.521355">
<ele>42.8</ele>
<time>2025-09-09T02:30:41Z</time>
</trkpt>
<trkpt lat="25.280674" lon="121.521342">
<ele>44.9</ele>
<time>2025-09-09T02:30:47Z</time>
</trkpt>
<trkpt lat="25.280691" lon="121.521295">
<ele>43.1</ele>
<time>2025-09-09T02:30:53Z</time>
</trkpt>
<trkpt lat="25.28071" lon="121.521246">
<ele>43.5</ele>
<time>2025-09-09T02:31:00Z</time>
</trkpt>
<trkpt lat="25.280725" lon="121.521181">
<ele>44.8</ele>
<time>2025-09-09T02:31:06Z</time>
</trkpt>
<trkpt lat="25.280716" lon="121.521132">
<ele>44</ele>
<time>2025-09-09T02:31:14Z</time>
</trkpt>
<trkpt lat="25.280751" lon="121.5211">
<ele>44.1</ele>
<time>2025-09-09T02:31:24Z</time>
</trkpt>
<trkpt lat="25.280821" lon="121.521125">
<ele>43.4</ele>
<time>2025-09-09T02:31:30Z</time>
</trkpt>
<trkpt lat="25.280817" lon="121.521073">
<ele>40.4</ele>
<time>2025-09-09T02:31:44Z</time>
</trkpt>
<trkpt lat="25.280856" lon="121.521005">
<ele>39.2</ele>
<time>2025-09-09T02:31:50Z</time>
</trkpt>
<trkpt lat="25.280859" lon="121.520949">
<ele>38.2</ele>
<time>2025-09-09T02:31:57Z</time>
</trkpt>
<trkpt lat="25.280896" lon="121.520911">
<ele>35.7</ele>
<time>2025-09-09T02:32:29Z</time>
</trkpt>
<trkpt lat="25.280853" lon="121.520879">
<ele>35.2</ele>
<time>2025-09-09T02:32:48Z</time>
</trkpt>
<trkpt lat="25.280804" lon="121.520883">
<ele>35.5</ele>
<time>2025-09-09T02:33:15Z</time>
</trkpt>
<trkpt lat="25.280807" lon="121.520753">
<ele>34.8</ele>
<time>2025-09-09T02:33:22Z</time>
</trkpt>
<trkpt lat="25.280767" lon="121.520783">
<ele>34.4</ele>
<time>2025-09-09T02:33:30Z</time>
</trkpt>
<trkpt lat="25.280809" lon="121.520673">
<ele>35.9</ele>
<time>2025-09-09T02:33:36Z</time>
</trkpt>
<trkpt lat="25.28075" lon="121.520661">
<ele>36</ele>
<time>2025-09-09T02:33:42Z</time>
</trkpt>
<trkpt lat="25.280743" lon="121.520561">
<ele>37.2</ele>
<time>2025-09-09T02:33:48Z</time>
</trkpt>
<trkpt lat="25.280717" lon="121.520502">
<ele>37</ele>
<time>2025-09-09T02:33:54Z</time>
</trkpt>
<trkpt lat="25.280756" lon="121.52039">
<ele>37.1</ele>
<time>2025-09-09T02:34:00Z</time>
</trkpt>
<trkpt lat="25.280737" lon="121.520456">
<ele>35.7</ele>
<time>2025-09-09T02:34:06Z</time>
</trkpt>
<trkpt lat="25.280679" lon="121.520465">
<ele>35.4</ele>
<time>2025-09-09T02:34:13Z</time>
</trkpt>
<trkpt lat="25.280603" lon="121.520419">
<ele>35.3</ele>
<time>2025-09-09T02:34:19Z</time>
</trkpt>
<trkpt lat="25.280553" lon="121.520398">
<ele>36.9</ele>
<time>2025-09-09T02:34:26Z</time>
</trkpt>
<trkpt lat="25.280544" lon="121.520342">
<ele>38.7</ele>
<time>2025-09-09T02:34:32Z</time>
</trkpt>
<trkpt lat="25.280499" lon="121.520281">
<ele>39.1</ele>
<time>2025-09-09T02:34:38Z</time>
</trkpt>
<trkpt lat="25.280471" lon="121.5202">
<ele>38.7</ele>
<time>2025-09-09T02:34:47Z</time>
</trkpt>
<trkpt lat="25.280357" lon="121.520242">
<ele>38.4</ele>
<time>2025-09-09T02:34:53Z</time>
</trkpt>
<trkpt lat="25.280323" lon="121.520204">
<ele>39.7</ele>
<time>2025-09-09T02:34:59Z</time>
</trkpt>
<trkpt lat="25.280284" lon="121.520171">
<ele>40.1</ele>
<time>2025-09-09T02:35:05Z</time>
</trkpt>
<trkpt lat="25.280316" lon="121.520077">
<ele>39.9</ele>
<time>2025-09-09T02:35:11Z</time>
</trkpt>
<trkpt lat="25.280267" lon="121.520067">
<ele>39.2</ele>
<time>2025-09-09T02:35:21Z</time>
</trkpt>
<trkpt lat="25.280219" lon="121.520061">
<ele>39.4</ele>
<time>2025-09-09T02:35:33Z</time>
</trkpt>
<trkpt lat="25.280158" lon="121.520024">
<ele>40.4</ele>
<time>2025-09-09T02:35:39Z</time>
</trkpt>
<trkpt lat="25.280134" lon="121.520085">
<ele>40.5</ele>
<time>2025-09-09T02:35:46Z</time>
</trkpt>
<trkpt lat="25.280151" lon="121.520136">
<ele>41.8</ele>
<time>2025-09-09T02:35:52Z</time>
</trkpt>
<trkpt lat="25.280103" lon="121.520178">
<ele>46.2</ele>
<time>2025-09-09T02:36:02Z</time>
</trkpt>
<trkpt lat="25.280102" lon="121.520239">
<ele>45.6</ele>
<time>2025-09-09T02:36:10Z</time>
</trkpt>
<trkpt lat="25.280057" lon="121.520275">
<ele>46.6</ele>
<time>2025-09-09T02:36:17Z</time>
</trkpt>
<trkpt lat="25.280047" lon="121.520332">
<ele>47.5</ele>
<time>2025-09-09T02:36:25Z</time>
</trkpt>
<trkpt lat="25.280039" lon="121.520466">
<ele>49.3</ele>
<time>2025-09-09T02:36:31Z</time>
</trkpt>
<trkpt lat="25.279962" lon="121.520406">
<ele>50</ele>
<time>2025-09-09T02:36:36Z</time>
</trkpt>
<trkpt lat="25.279909" lon="121.520377">
<ele>49.9</ele>
<time>2025-09-09T02:36:42Z</time>
</trkpt>
<trkpt lat="25.27985" lon="121.520399">
<ele>48.5</ele>
<time>2025-09-09T02:36:52Z</time>
</trkpt>
<trkpt lat="25.279777" lon="121.520387">
<ele>49.3</ele>
<time>2025-09-09T02:36:58Z</time>
</trkpt>
<trkpt lat="25.279727" lon="121.520419">
<ele>46.5</ele>
<time>2025-09-09T02:37:28Z</time>
</trkpt>
<trkpt lat="25.279678" lon="121.520453">
<ele>46.5</ele>
<time>2025-09-09T02:37:34Z</time>
</trkpt>
<trkpt lat="25.279735" lon="121.520422">
<ele>46.2</ele>
<time>2025-09-09T02:37:40Z</time>
</trkpt>
<trkpt lat="25.279725" lon="121.520365">
<ele>44.9</ele>
<time>2025-09-09T02:37:46Z</time>
</trkpt>
<trkpt lat="25.27967" lon="121.520372">
<ele>45</ele>
<time>2025-09-09T02:37:53Z</time>
</trkpt>
<trkpt lat="25.279639" lon="121.520325">
<ele>44.5</ele>
<time>2025-09-09T02:37:59Z</time>
</trkpt>
<trkpt lat="25.27959" lon="121.520308">
<ele>44.5</ele>
<time>2025-09-09T02:38:05Z</time>
</trkpt>
<trkpt lat="25.279546" lon="121.520291">
<ele>43.6</ele>
<time>2025-09-09T02:38:13Z</time>
</trkpt>
<trkpt lat="25.279507" lon="121.520253">
<ele>41.4</ele>
<time>2025-09-09T02:38:24Z</time>
</trkpt>
<trkpt lat="25.279479" lon="121.520211">
<ele>40.6</ele>
<time>2025-09-09T02:38:30Z</time>
</trkpt>
<trkpt lat="25.279431" lon="121.520192">
<ele>39.6</ele>
<time>2025-09-09T02:38:38Z</time>
</trkpt>
<trkpt lat="25.279385" lon="121.520188">
<ele>40</ele>
<time>2025-09-09T02:38:49Z</time>
</trkpt>
<trkpt lat="25.279347" lon="121.52015">
<ele>40</ele>
<time>2025-09-09T02:38:58Z</time>
</trkpt>
<trkpt lat="25.279321" lon="121.520101">
<ele>40.3</ele>
<time>2025-09-09T02:39:04Z</time>
</trkpt>
<trkpt lat="25.279301" lon="121.520049">
<ele>40.8</ele>
<time>2025-09-09T02:39:09Z</time>
</trkpt>
<trkpt lat="25.279275" lon="121.520004">
<ele>40.6</ele>
<time>2025-09-09T02:39:16Z</time>
</trkpt>
<trkpt lat="25.279314" lon="121.519975">
<ele>38.8</ele>
<time>2025-09-09T02:39:23Z</time>
</trkpt>
<trkpt lat="25.279281" lon="121.519931">
<ele>40.5</ele>
<time>2025-09-09T02:39:36Z</time>
</trkpt>
<trkpt lat="25.279284" lon="121.519873">
<ele>39.8</ele>
<time>2025-09-09T02:39:42Z</time>
</trkpt>
<trkpt lat="25.279292" lon="121.519927">
<ele>40.2</ele>
<time>2025-09-09T02:40:07Z</time>
</trkpt>
<trkpt lat="25.279306" lon="121.519974">
<ele>40.6</ele>
<time>2025-09-09T02:40:19Z</time>
</trkpt>
<trkpt lat="25.279293" lon="121.519926">
<ele>43.8</ele>
<time>2025-09-09T02:41:07Z</time>
</trkpt>
<trkpt lat="25.279303" lon="121.519982">
<ele>39.2</ele>
<time>2025-09-09T02:42:38Z</time>
</trkpt>
<trkpt lat="25.279322" lon="121.519936">
<ele>35.1</ele>
<time>2025-09-09T02:44:53Z</time>
</trkpt>
<trkpt lat="25.279337" lon="121.519994">
<ele>34.9</ele>
<time>2025-09-09T02:45:03Z</time>
</trkpt>
<trkpt lat="25.279364" lon="121.519949">
<ele>33.4</ele>
<time>2025-09-09T02:45:20Z</time>
</trkpt>
<trkpt lat="25.279345" lon="121.519998">
<ele>33</ele>
<time>2025-09-09T02:45:31Z</time>
</trkpt>
<trkpt lat="25.27931" lon="121.520109">
<ele>32.8</ele>
<time>2025-09-09T02:45:44Z</time>
</trkpt>
<trkpt lat="25.279249" lon="121.520031">
<ele>32.2</ele>
<time>2025-09-09T02:45:49Z</time>
</trkpt>
<trkpt lat="25.279332" lon="121.519982">
<ele>32.3</ele>
<time>2025-09-09T02:45:55Z</time>
</trkpt>
<trkpt lat="25.279372" lon="121.520009">
<ele>32.4</ele>
<time>2025-09-09T02:46:02Z</time>
</trkpt>
<trkpt lat="25.279311" lon="121.519978">
<ele>32</ele>
<time>2025-09-09T02:46:20Z</time>
</trkpt>
<trkpt lat="25.279368" lon="121.520009">
<ele>32</ele>
<time>2025-09-09T02:46:27Z</time>
</trkpt>
<trkpt lat="25.279414" lon="121.520031">
<ele>32.2</ele>
<time>2025-09-09T02:46:33Z</time>
</trkpt>
<trkpt lat="25.279375" lon="121.519988">
<ele>32.3</ele>
<time>2025-09-09T02:46:41Z</time>
</trkpt>
<trkpt lat="25.279349" lon="121.520034">
<ele>32.9</ele>
<time>2025-09-09T02:47:18Z</time>
</trkpt>
<trkpt lat="25.279377" lon="121.520082">
<ele>33.4</ele>
<time>2025-09-09T02:47:34Z</time>
</trkpt>
<trkpt lat="25.279385" lon="121.52003">
<ele>33</ele>
<time>2025-09-09T02:47:40Z</time>
</trkpt>
<trkpt lat="25.279411" lon="121.519973">
<ele>32.1</ele>
<time>2025-09-09T02:47:55Z</time>
</trkpt>
<trkpt lat="25.279454" lon="121.519994">
<ele>31.1</ele>
<time>2025-09-09T02:48:01Z</time>
</trkpt>
<trkpt lat="25.279508" lon="121.519985">
<ele>30.6</ele>
<time>2025-09-09T02:48:07Z</time>
</trkpt>
<trkpt lat="25.279464" lon="121.520039">
<ele>31.1</ele>
<time>2025-09-09T02:48:14Z</time>
</trkpt>
<trkpt lat="25.279428" lon="121.519996">
<ele>34.5</ele>
<time>2025-09-09T02:48:53Z</time>
</trkpt>
<trkpt lat="25.279482" lon="121.519993">
<ele>31.9</ele>
<time>2025-09-09T02:48:58Z</time>
</trkpt>
<trkpt lat="25.279522" lon="121.520056">
<ele>32.4</ele>
<time>2025-09-09T02:49:04Z</time>
</trkpt>
<trkpt lat="25.279569" lon="121.520066">
<ele>32.6</ele>
<time>2025-09-09T02:49:38Z</time>
</trkpt>
<trkpt lat="25.279549" lon="121.520018">
<ele>32.9</ele>
<time>2025-09-09T02:49:52Z</time>
</trkpt>
<trkpt lat="25.279506" lon="121.52004">
<ele>32.5</ele>
<time>2025-09-09T02:50:00Z</time>
</trkpt>
<trkpt lat="25.279534" lon="121.520089">
<ele>32.8</ele>
<time>2025-09-09T02:50:36Z</time>
</trkpt>
<trkpt lat="25.279507" lon="121.520026">
<ele>33.5</ele>
<time>2025-09-09T02:50:46Z</time>
</trkpt>
<trkpt lat="25.27945" lon="121.520007">
<ele>32.3</ele>
<time>2025-09-09T02:51:00Z</time>
</trkpt>
<trkpt lat="25.279459" lon="121.520065">
<ele>33.1</ele>
<time>2025-09-09T02:51:28Z</time>
</trkpt>
<trkpt lat="25.279443" lon="121.520018">
<ele>33.8</ele>
<time>2025-09-09T02:51:43Z</time>
</trkpt>
<trkpt lat="25.279429" lon="121.520072">
<ele>34.3</ele>
<time>2025-09-09T02:51:52Z</time>
</trkpt>
<trkpt lat="25.279272" lon="121.520053">
<ele>37.9</ele>
<time>2025-09-09T02:52:06Z</time>
</trkpt>
<trkpt lat="25.279311" lon="121.520087">
<ele>35.2</ele>
<time>2025-09-09T02:52:15Z</time>
</trkpt>
<trkpt lat="25.279402" lon="121.520138">
<ele>36.5</ele>
<time>2025-09-09T02:52:21Z</time>
</trkpt>
<trkpt lat="25.279397" lon="121.520215">
<ele>36.7</ele>
<time>2025-09-09T02:52:27Z</time>
</trkpt>
<trkpt lat="25.279351" lon="121.520183">
<ele>38.5</ele>
<time>2025-09-09T02:52:33Z</time>
</trkpt>
<trkpt lat="25.279354" lon="121.520082">
<ele>39.2</ele>
<time>2025-09-09T02:52:39Z</time>
</trkpt>
<trkpt lat="25.279311" lon="121.519991">
<ele>37.9</ele>
<time>2025-09-09T02:52:45Z</time>
</trkpt>
<trkpt lat="25.279298" lon="121.519883">
<ele>37.1</ele>
<time>2025-09-09T02:52:51Z</time>
</trkpt>
<trkpt lat="25.27928" lon="121.519802">
<ele>37.3</ele>
<time>2025-09-09T02:52:57Z</time>
</trkpt>
<trkpt lat="25.279317" lon="121.519765">
<ele>37.8</ele>
<time>2025-09-09T02:53:03Z</time>
</trkpt>
<trkpt lat="25.279317" lon="121.519702">
<ele>35.5</ele>
<time>2025-09-09T02:53:09Z</time>
</trkpt>
<trkpt lat="25.279378" lon="121.519672">
<ele>36</ele>
<time>2025-09-09T02:53:15Z</time>
</trkpt>
<trkpt lat="25.279447" lon="121.519646">
<ele>36</ele>
<time>2025-09-09T02:53:21Z</time>
</trkpt>
<trkpt lat="25.279515" lon="121.519612">
<ele>35.7</ele>
<time>2025-09-09T02:53:27Z</time>
</trkpt>
<trkpt lat="25.279549" lon="121.519545">
<ele>35.2</ele>
<time>2025-09-09T02:53:33Z</time>
</trkpt>
<trkpt lat="25.279582" lon="121.519508">
<ele>33.9</ele>
<time>2025-09-09T02:53:40Z</time>
</trkpt>
<trkpt lat="25.279631" lon="121.519469">
<ele>34</ele>
<time>2025-09-09T02:53:46Z</time>
</trkpt>
<trkpt lat="25.279676" lon="121.519418">
<ele>33.6</ele>
<time>2025-09-09T02:53:52Z</time>
</trkpt>
<trkpt lat="25.27972" lon="121.519379">
<ele>32.4</ele>
<time>2025-09-09T02:53:58Z</time>
</trkpt>
<trkpt lat="25.279772" lon="121.519354">
<ele>33.5</ele>
<time>2025-09-09T02:54:04Z</time>
</trkpt>
<trkpt lat="25.279816" lon="121.519319">
<ele>33.7</ele>
<time>2025-09-09T02:54:10Z</time>
</trkpt>
<trkpt lat="25.279867" lon="121.519277">
<ele>32.6</ele>
<time>2025-09-09T02:54:16Z</time>
</trkpt>
<trkpt lat="25.27992" lon="121.519235">
<ele>32.2</ele>
<time>2025-09-09T02:54:22Z</time>
</trkpt>
<trkpt lat="25.279959" lon="121.519192">
<ele>31.2</ele>
<time>2025-09-09T02:54:33Z</time>
</trkpt>
<trkpt lat="25.280057" lon="121.519187">
<ele>29.9</ele>
<time>2025-09-09T02:54:39Z</time>
</trkpt>
<trkpt lat="25.280117" lon="121.519152">
<ele>32.1</ele>
<time>2025-09-09T02:54:45Z</time>
</trkpt>
<trkpt lat="25.280196" lon="121.519138">
<ele>30.1</ele>
<time>2025-09-09T02:54:51Z</time>
</trkpt>
<trkpt lat="25.280273" lon="121.519111">
<ele>28.4</ele>
<time>2025-09-09T02:54:57Z</time>
</trkpt>
<trkpt lat="25.280338" lon="121.519107">
<ele>27</ele>
<time>2025-09-09T02:55:03Z</time>
</trkpt>
<trkpt lat="25.280392" lon="121.519092">
<ele>26.8</ele>
<time>2025-09-09T02:55:10Z</time>
</trkpt>
<trkpt lat="25.280437" lon="121.519059">
<ele>27.6</ele>
<time>2025-09-09T02:55:16Z</time>
</trkpt>
<trkpt lat="25.280523" lon="121.519024">
<ele>27.1</ele>
<time>2025-09-09T02:55:22Z</time>
</trkpt>
<trkpt lat="25.280581" lon="121.519006">
<ele>28.3</ele>
<time>2025-09-09T02:55:28Z</time>
</trkpt>
<trkpt lat="25.280644" lon="121.519058">
<ele>27.9</ele>
<time>2025-09-09T02:55:34Z</time>
</trkpt>
<trkpt lat="25.280691" lon="121.519024">
<ele>27.9</ele>
<time>2025-09-09T02:55:42Z</time>
</trkpt>
<trkpt lat="25.280742" lon="121.519034">
<ele>28.2</ele>
<time>2025-09-09T02:55:49Z</time>
</trkpt>
<trkpt lat="25.280787" lon="121.519046">
<ele>28.2</ele>
<time>2025-09-09T02:55:55Z</time>
</trkpt>
<trkpt lat="25.280829" lon="121.519083">
<ele>29.5</ele>
<time>2025-09-09T02:56:02Z</time>
</trkpt>
<trkpt lat="25.280898" lon="121.519104">
<ele>30.4</ele>
<time>2025-09-09T02:56:08Z</time>
</trkpt>
<trkpt lat="25.280956" lon="121.519126">
<ele>28.6</ele>
<time>2025-09-09T02:56:14Z</time>
</trkpt>
<trkpt lat="25.281032" lon="121.519158">
<ele>30.5</ele>
<time>2025-09-09T02:56:20Z</time>
</trkpt>
<trkpt lat="25.28109" lon="121.519195">
<ele>29.1</ele>
<time>2025-09-09T02:56:26Z</time>
</trkpt>
<trkpt lat="25.281141" lon="121.519211">
<ele>28.9</ele>
<time>2025-09-09T02:56:33Z</time>
</trkpt>
<trkpt lat="25.281193" lon="121.519241">
<ele>28.8</ele>
<time>2025-09-09T02:56:39Z</time>
</trkpt>
<trkpt lat="25.28126" lon="121.519248">
<ele>28.5</ele>
<time>2025-09-09T02:56:45Z</time>
</trkpt>
<trkpt lat="25.281322" lon="121.519281">
<ele>28.8</ele>
<time>2025-09-09T02:56:51Z</time>
</trkpt>
<trkpt lat="25.281383" lon="121.519322">
<ele>27.9</ele>
<time>2025-09-09T02:56:57Z</time>
</trkpt>
<trkpt lat="25.281446" lon="121.519351">
<ele>27.5</ele>
<time>2025-09-09T02:57:03Z</time>
</trkpt>
<trkpt lat="25.281503" lon="121.519375">
<ele>26.4</ele>
<time>2025-09-09T02:57:09Z</time>
</trkpt>
<trkpt lat="25.281553" lon="121.519388">
<ele>26.8</ele>
<time>2025-09-09T02:57:15Z</time>
</trkpt>
<trkpt lat="25.281582" lon="121.519428">
<ele>27.6</ele>
<time>2025-09-09T02:57:23Z</time>
</trkpt>
<trkpt lat="25.28164" lon="121.519439">
<ele>25.2</ele>
<time>2025-09-09T02:57:31Z</time>
</trkpt>
<trkpt lat="25.28171" lon="121.51949">
<ele>24.9</ele>
<time>2025-09-09T02:57:37Z</time>
</trkpt>
<trkpt lat="25.281789" lon="121.519527">
<ele>24.9</ele>
<time>2025-09-09T02:57:43Z</time>
</trkpt>
<trkpt lat="25.281832" lon="121.51961">
<ele>24.9</ele>
<time>2025-09-09T02:57:49Z</time>
</trkpt>
<trkpt lat="25.281893" lon="121.51968">
<ele>24.6</ele>
<time>2025-09-09T02:57:55Z</time>
</trkpt>
<trkpt lat="25.281955" lon="121.519737">
<ele>22.8</ele>
<time>2025-09-09T02:58:01Z</time>
</trkpt>
<trkpt lat="25.281918" lon="121.519707">
<ele>20</ele>
<time>2025-09-09T02:58:33Z</time>
</trkpt>
<trkpt lat="25.28186" lon="121.519742">
<ele>20.9</ele>
<time>2025-09-09T02:58:42Z</time>
</trkpt>
<trkpt lat="25.281819" lon="121.519783">
<ele>21.1</ele>
<time>2025-09-09T02:58:48Z</time>
</trkpt>
<trkpt lat="25.281819" lon="121.51973">
<ele>21</ele>
<time>2025-09-09T02:59:23Z</time>
</trkpt>
<trkpt lat="25.281777" lon="121.519665">
<ele>20.4</ele>
<time>2025-09-09T02:59:28Z</time>
</trkpt>
<trkpt lat="25.281707" lon="121.51963">
<ele>19.1</ele>
<time>2025-09-09T02:59:34Z</time>
</trkpt>
<trkpt lat="25.281616" lon="121.519595">
<ele>19.3</ele>
<time>2025-09-09T02:59:40Z</time>
</trkpt>
<trkpt lat="25.281539" lon="121.519562">
<ele>18.8</ele>
<time>2025-09-09T02:59:46Z</time>
</trkpt>
<trkpt lat="25.281458" lon="121.519551">
<ele>19.3</ele>
<time>2025-09-09T02:59:52Z</time>
</trkpt>
<trkpt lat="25.281366" lon="121.519545">
<ele>19</ele>
<time>2025-09-09T02:59:58Z</time>
</trkpt>
<trkpt lat="25.281294" lon="121.519499">
<ele>18.9</ele>
<time>2025-09-09T03:00:04Z</time>
</trkpt>
<trkpt lat="25.281213" lon="121.519484">
<ele>19.2</ele>
<time>2025-09-09T03:00:10Z</time>
</trkpt>
<trkpt lat="25.281147" lon="121.519427">
<ele>16.9</ele>
<time>2025-09-09T03:00:16Z</time>
</trkpt>
<trkpt lat="25.281057" lon="121.519428">
<ele>18.6</ele>
<time>2025-09-09T03:00:22Z</time>
</trkpt>
<trkpt lat="25.281037" lon="121.519486">
<ele>17.4</ele>
<time>2025-09-09T03:00:36Z</time>
</trkpt>
<trkpt lat="25.281084" lon="121.519542">
<ele>18.4</ele>
<time>2025-09-09T03:00:45Z</time>
</trkpt>
<trkpt lat="25.281156" lon="121.519606">
<ele>18.3</ele>
<time>2025-09-09T03:00:51Z</time>
</trkpt>
<trkpt lat="25.281113" lon="121.519548">
<ele>19.1</ele>
<time>2025-09-09T03:00:57Z</time>
</trkpt>
<trkpt lat="25.281084" lon="121.519461">
<ele>18.5</ele>
<time>2025-09-09T03:01:03Z</time>
</trkpt>
<trkpt lat="25.281026" lon="121.519423">
<ele>19</ele>
<time>2025-09-09T03:01:09Z</time>
</trkpt>
<trkpt lat="25.281067" lon="121.519463">
<ele>20.1</ele>
<time>2025-09-09T03:01:23Z</time>
</trkpt>
<trkpt lat="25.281153" lon="121.519457">
<ele>19.3</ele>
<time>2025-09-09T03:01:29Z</time>
</trkpt>
<trkpt lat="25.281205" lon="121.519464">
<ele>18.5</ele>
<time>2025-09-09T03:01:34Z</time>
</trkpt>
<trkpt lat="25.281247" lon="121.519491">
<ele>17.5</ele>
<time>2025-09-09T03:01:58Z</time>
</trkpt>
<trkpt lat="25.281312" lon="121.519519">
<ele>18.2</ele>
<time>2025-09-09T03:02:04Z</time>
</trkpt>
<trkpt lat="25.281363" lon="121.519522">
<ele>17.3</ele>
<time>2025-09-09T03:02:20Z</time>
</trkpt>
<trkpt lat="25.281428" lon="121.519542">
<ele>16.9</ele>
<time>2025-09-09T03:02:26Z</time>
</trkpt>
<trkpt lat="25.281468" lon="121.519567">
<ele>17.4</ele>
<time>2025-09-09T03:02:33Z</time>
</trkpt>
<trkpt lat="25.281508" lon="121.519603">
<ele>17.6</ele>
<time>2025-09-09T03:02:41Z</time>
</trkpt>
<trkpt lat="25.281554" lon="121.519609">
<ele>17.7</ele>
<time>2025-09-09T03:02:47Z</time>
</trkpt>
<trkpt lat="25.281604" lon="121.519619">
<ele>18.6</ele>
<time>2025-09-09T03:02:54Z</time>
</trkpt>
<trkpt lat="25.28165" lon="121.519638">
<ele>19.8</ele>
<time>2025-09-09T03:03:00Z</time>
</trkpt>
<trkpt lat="25.281704" lon="121.519645">
<ele>20.9</ele>
<time>2025-09-09T03:03:06Z</time>
</trkpt>
<trkpt lat="25.281749" lon="121.519669">
<ele>20</ele>
<time>2025-09-09T03:03:12Z</time>
</trkpt>
<trkpt lat="25.281791" lon="121.519727">
<ele>20.9</ele>
<time>2025-09-09T03:03:18Z</time>
</trkpt>
<trkpt lat="25.281836" lon="121.519783">
<ele>20.6</ele>
<time>2025-09-09T03:03:24Z</time>
</trkpt>
<trkpt lat="25.281838" lon="121.519843">
<ele>19.9</ele>
<time>2025-09-09T03:03:30Z</time>
</trkpt>
<trkpt lat="25.281841" lon="121.519895">
<ele>20.2</ele>
<time>2025-09-09T03:03:36Z</time>
</trkpt>
<trkpt lat="25.281867" lon="121.519942">
<ele>19.3</ele>
<time>2025-09-09T03:04:06Z</time>
</trkpt>
<trkpt lat="25.281876" lon="121.520013">
<ele>18.8</ele>
<time>2025-09-09T03:04:12Z</time>
</trkpt>
<trkpt lat="25.281891" lon="121.5201">
<ele>18.8</ele>
<time>2025-09-09T03:04:18Z</time>
</trkpt>
<trkpt lat="25.281923" lon="121.520202">
<ele>18.1</ele>
<time>2025-09-09T03:04:24Z</time>
</trkpt>
<trkpt lat="25.281965" lon="121.520288">
<ele>16.2</ele>
<time>2025-09-09T03:04:30Z</time>
</trkpt>
<trkpt lat="25.282003" lon="121.520318">
<ele>13.7</ele>
<time>2025-09-09T03:04:52Z</time>
</trkpt>
<trkpt lat="25.282014" lon="121.520269">
<ele>13.2</ele>
<time>2025-09-09T03:04:58Z</time>
</trkpt>
<trkpt lat="25.282034" lon="121.520222">
<ele>13.4</ele>
<time>2025-09-09T03:05:17Z</time>
</trkpt>
<trkpt lat="25.282079" lon="121.520229">
<ele>13.3</ele>
<time>2025-09-09T03:05:57Z</time>
</trkpt>
<trkpt lat="25.282039" lon="121.520267">
<ele>13.1</ele>
<time>2025-09-09T03:06:54Z</time>
</trkpt>
<trkpt lat="25.281989" lon="121.520266">
<ele>11.5</ele>
<time>2025-09-09T03:10:27Z</time>
</trkpt>
<trkpt lat="25.282033" lon="121.520291">
<ele>11.6</ele>
<time>2025-09-09T03:10:45Z</time>
</trkpt>
<trkpt lat="25.281988" lon="121.520262">
<ele>11.5</ele>
<time>2025-09-09T03:11:25Z</time>
</trkpt>
<trkpt lat="25.281988" lon="121.520312">
<ele>11.1</ele>
<time>2025-09-09T03:14:05Z</time>
</trkpt>
<trkpt lat="25.281977" lon="121.520263">
<ele>10.8</ele>
<time>2025-09-09T03:14:40Z</time>
</trkpt>
<trkpt lat="25.282003" lon="121.520214">
<ele>12</ele>
<time>2025-09-09T03:16:48Z</time>
</trkpt>
<trkpt lat="25.281955" lon="121.520196">
<ele>12.3</ele>
<time>2025-09-09T03:16:54Z</time>
</trkpt>
<trkpt lat="25.28194" lon="121.520145">
<ele>12.3</ele>
<time>2025-09-09T03:17:03Z</time>
</trkpt>
<trkpt lat="25.281943" lon="121.520068">
<ele>14.1</ele>
<time>2025-09-09T03:17:09Z</time>
</trkpt>
<trkpt lat="25.28192" lon="121.520005">
<ele>15</ele>
<time>2025-09-09T03:17:15Z</time>
</trkpt>
<trkpt lat="25.281896" lon="121.519952">
<ele>15.3</ele>
<time>2025-09-09T03:17:21Z</time>
</trkpt>
<trkpt lat="25.281889" lon="121.519902">
<ele>17.1</ele>
<time>2025-09-09T03:17:27Z</time>
</trkpt>
<trkpt lat="25.281878" lon="121.519852">
<ele>16.5</ele>
<time>2025-09-09T03:17:32Z</time>
</trkpt>
<trkpt lat="25.281851" lon="121.51981">
<ele>17.5</ele>
<time>2025-09-09T03:17:42Z</time>
</trkpt>
<trkpt lat="25.281804" lon="121.519792">
<ele>17.5</ele>
<time>2025-09-09T03:17:57Z</time>
</trkpt>
<trkpt lat="25.281825" lon="121.519747">
<ele>18.1</ele>
<time>2025-09-09T03:18:28Z</time>
</trkpt>
<trkpt lat="25.281789" lon="121.519691">
<ele>21.1</ele>
<time>2025-09-09T03:18:34Z</time>
</trkpt>
<trkpt lat="25.281751" lon="121.519658">
<ele>21.6</ele>
<time>2025-09-09T03:18:40Z</time>
</trkpt>
<trkpt lat="25.281782" lon="121.519697">
<ele>21.9</ele>
<time>2025-09-09T03:18:49Z</time>
</trkpt>
<trkpt lat="25.2818" lon="121.519747">
<ele>22.2</ele>
<time>2025-09-09T03:18:56Z</time>
</trkpt>
<trkpt lat="25.281811" lon="121.519801">
<ele>24</ele>
<time>2025-09-09T03:19:02Z</time>
</trkpt>
<trkpt lat="25.281783" lon="121.519844">
<ele>26.4</ele>
<time>2025-09-09T03:19:29Z</time>
</trkpt>
<trkpt lat="25.281829" lon="121.519826">
<ele>27.9</ele>
<time>2025-09-09T03:19:40Z</time>
</trkpt>
<trkpt lat="25.28186" lon="121.519783">
<ele>23.1</ele>
<time>2025-09-09T03:20:28Z</time>
</trkpt>
<trkpt lat="25.281813" lon="121.519786">
<ele>21.1</ele>
<time>2025-09-09T03:21:35Z</time>
</trkpt>
<trkpt lat="25.281876" lon="121.519773">
<ele>21.5</ele>
<time>2025-09-09T03:26:09Z</time>
</trkpt>
<trkpt lat="25.282022" lon="121.519881">
<ele>20</ele>
<time>2025-09-09T03:26:14Z</time>
</trkpt>
<trkpt lat="25.282156" lon="121.519937">
<ele>19.5</ele>
<time>2025-09-09T03:26:19Z</time>
</trkpt>
<trkpt lat="25.282212" lon="121.519936">
<ele>19.3</ele>
<time>2025-09-09T03:26:24Z</time>
</trkpt>
<trkpt lat="25.282266" lon="121.519958">
<ele>18.8</ele>
<time>2025-09-09T03:26:29Z</time>
</trkpt>
<trkpt lat="25.282241" lon="121.519909">
<ele>18.8</ele>
<time>2025-09-09T03:26:44Z</time>
</trkpt>
<trkpt lat="25.28233" lon="121.51991">
<ele>17.8</ele>
<time>2025-09-09T03:27:03Z</time>
</trkpt>
<trkpt lat="25.282504" lon="121.519939">
<ele>15.8</ele>
<time>2025-09-09T03:27:09Z</time>
</trkpt>
<trkpt lat="25.282613" lon="121.519917">
<ele>15.4</ele>
<time>2025-09-09T03:27:14Z</time>
</trkpt>
<trkpt lat="25.282713" lon="121.519923">
<ele>14.4</ele>
<time>2025-09-09T03:27:19Z</time>
</trkpt>
<trkpt lat="25.282778" lon="121.519857">
<ele>13.2</ele>
<time>2025-09-09T03:27:24Z</time>
</trkpt>
<trkpt lat="25.282829" lon="121.51982">
<ele>14.7</ele>
<time>2025-09-09T03:27:29Z</time>
</trkpt>
<trkpt lat="25.282865" lon="121.519784">
<ele>15.9</ele>
<time>2025-09-09T03:27:34Z</time>
</trkpt>
<trkpt lat="25.282876" lon="121.519732">
<ele>15.5</ele>
<time>2025-09-09T03:27:41Z</time>
</trkpt>
<trkpt lat="25.282917" lon="121.519683">
<ele>15.8</ele>
<time>2025-09-09T03:27:55Z</time>
</trkpt>
<trkpt lat="25.282887" lon="121.519733">
<ele>14.8</ele>
<time>2025-09-09T03:28:12Z</time>
</trkpt>
<trkpt lat="25.282916" lon="121.51969">
<ele>15</ele>
<time>2025-09-09T03:28:37Z</time>
</trkpt>
<trkpt lat="25.282878" lon="121.519729">
<ele>14.6</ele>
<time>2025-09-09T03:28:59Z</time>
</trkpt>
<trkpt lat="25.282983" lon="121.519684">
<ele>14.1</ele>
<time>2025-09-09T03:29:55Z</time>
</trkpt>
<trkpt lat="25.283025" lon="121.51983">
<ele>18</ele>
<time>2025-09-09T03:30:34Z</time>
</trkpt>
<trkpt lat="25.283072" lon="121.51981">
<ele>14.6</ele>
<time>2025-09-09T03:31:03Z</time>
</trkpt>
<trkpt lat="25.283112" lon="121.519678">
<ele>14.2</ele>
<time>2025-09-09T03:31:08Z</time>
</trkpt>
<trkpt lat="25.283069" lon="121.519654">
<ele>13.9</ele>
<time>2025-09-09T03:31:18Z</time>
</trkpt>
<trkpt lat="25.282984" lon="121.519673">
<ele>13.8</ele>
<time>2025-09-09T03:31:24Z</time>
</trkpt>
<trkpt lat="25.282937" lon="121.519674">
<ele>14.1</ele>
<time>2025-09-09T03:31:33Z</time>
</trkpt>
<trkpt lat="25.282896" lon="121.519708">
<ele>14.4</ele>
<time>2025-09-09T03:31:41Z</time>
</trkpt>
<trkpt lat="25.282882" lon="121.5198">
<ele>15.8</ele>
<time>2025-09-09T03:34:41Z</time>
</trkpt>
<trkpt lat="25.282839" lon="121.519786">
<ele>16.6</ele>
<time>2025-09-09T03:34:53Z</time>
</trkpt>
<trkpt lat="25.282877" lon="121.519757">
<ele>16.2</ele>
<time>2025-09-09T03:35:09Z</time>
</trkpt>
<trkpt lat="25.282856" lon="121.519709">
<ele>15.6</ele>
<time>2025-09-09T03:35:38Z</time>
</trkpt>
<trkpt lat="25.282893" lon="121.519677">
<ele>14.4</ele>
<time>2025-09-09T03:36:10Z</time>
</trkpt>
<trkpt lat="25.28287" lon="121.519759">
<ele>14.7</ele>
<time>2025-09-09T03:36:31Z</time>
</trkpt>
<trkpt lat="25.282859" lon="121.519702">
<ele>15.8</ele>
<time>2025-09-09T03:36:38Z</time>
</trkpt>
<trkpt lat="25.282907" lon="121.519688">
<ele>15.6</ele>
<time>2025-09-09T03:36:49Z</time>
</trkpt>
<trkpt lat="25.282848" lon="121.519689">
<ele>15.3</ele>
<time>2025-09-09T03:37:03Z</time>
</trkpt>
<trkpt lat="25.282892" lon="121.519676">
<ele>14.1</ele>
<time>2025-09-09T03:37:16Z</time>
</trkpt>
<trkpt lat="25.282859" lon="121.519623">
<ele>15.1</ele>
<time>2025-09-09T03:37:39Z</time>
</trkpt>
<trkpt lat="25.282874" lon="121.519679">
<ele>14.5</ele>
<time>2025-09-09T03:37:47Z</time>
</trkpt>
<trkpt lat="25.282921" lon="121.51969">
<ele>14</ele>
<time>2025-09-09T03:38:02Z</time>
</trkpt>
<trkpt lat="25.282939" lon="121.519643">
<ele>13.9</ele>
<time>2025-09-09T03:38:10Z</time>
</trkpt>
<trkpt lat="25.282925" lon="121.519586">
<ele>13.6</ele>
<time>2025-09-09T03:38:16Z</time>
</trkpt>
<trkpt lat="25.282894" lon="121.519629">
<ele>14.5</ele>
<time>2025-09-09T03:38:28Z</time>
</trkpt>
<trkpt lat="25.282866" lon="121.519683">
<ele>13.5</ele>
<time>2025-09-09T03:38:34Z</time>
</trkpt>
<trkpt lat="25.282896" lon="121.519637">
<ele>13.4</ele>
<time>2025-09-09T03:39:39Z</time>
</trkpt>
<trkpt lat="25.282893" lon="121.519721">
<ele>14.5</ele>
<time>2025-09-09T03:39:44Z</time>
</trkpt>
<trkpt lat="25.282865" lon="121.519679">
<ele>14.8</ele>
<time>2025-09-09T03:40:33Z</time>
</trkpt>
<trkpt lat="25.28289" lon="121.519724">
<ele>14.7</ele>
<time>2025-09-09T03:41:05Z</time>
</trkpt>
<trkpt lat="25.282862" lon="121.519685">
<ele>14.6</ele>
<time>2025-09-09T03:42:13Z</time>
</trkpt>
<trkpt lat="25.282895" lon="121.519725">
<ele>14.1</ele>
<time>2025-09-09T03:43:01Z</time>
</trkpt>
<trkpt lat="25.282861" lon="121.519681">
<ele>14.6</ele>
<time>2025-09-09T03:44:22Z</time>
</trkpt>
<trkpt lat="25.282822" lon="121.519715">
<ele>15.1</ele>
<time>2025-09-09T03:44:53Z</time>
</trkpt>
<trkpt lat="25.282888" lon="121.519737">
<ele>14.8</ele>
<time>2025-09-09T03:45:07Z</time>
</trkpt>
<trkpt lat="25.28292" lon="121.519694">
<ele>15.2</ele>
<time>2025-09-09T03:45:37Z</time>
</trkpt>
<trkpt lat="25.282883" lon="121.519724">
<ele>15</ele>
<time>2025-09-09T03:45:55Z</time>
</trkpt>
<trkpt lat="25.282843" lon="121.519776">
<ele>14.5</ele>
<time>2025-09-09T03:46:22Z</time>
</trkpt>
<trkpt lat="25.282795" lon="121.519802">
<ele>15</ele>
<time>2025-09-09T03:46:28Z</time>
</trkpt>
<trkpt lat="25.282749" lon="121.519827">
<ele>15.6</ele>
<time>2025-09-09T03:46:34Z</time>
</trkpt>
<trkpt lat="25.282706" lon="121.519884">
<ele>13.9</ele>
<time>2025-09-09T03:46:40Z</time>
</trkpt>
<trkpt lat="25.282657" lon="121.519936">
<ele>14.3</ele>
<time>2025-09-09T03:46:46Z</time>
</trkpt>
<trkpt lat="25.28262" lon="121.519999">
<ele>14.9</ele>
<time>2025-09-09T03:46:52Z</time>
</trkpt>
<trkpt lat="25.282585" lon="121.520059">
<ele>14.7</ele>
<time>2025-09-09T03:46:58Z</time>
</trkpt>
<trkpt lat="25.282602" lon="121.520147">
<ele>13.1</ele>
<time>2025-09-09T03:47:04Z</time>
</trkpt>
<trkpt lat="25.282656" lon="121.520209">
<ele>14.3</ele>
<time>2025-09-09T03:47:10Z</time>
</trkpt>
<trkpt lat="25.282708" lon="121.520262">
<ele>13</ele>
<time>2025-09-09T03:47:16Z</time>
</trkpt>
<trkpt lat="25.282768" lon="121.520326">
<ele>13.7</ele>
<time>2025-09-09T03:47:22Z</time>
</trkpt>
<trkpt lat="25.282814" lon="121.520369">
<ele>13.7</ele>
<time>2025-09-09T03:47:28Z</time>
</trkpt>
<trkpt lat="25.282863" lon="121.520421">
<ele>14.5</ele>
<time>2025-09-09T03:47:33Z</time>
</trkpt>
<trkpt lat="25.282896" lon="121.520469">
<ele>13.8</ele>
<time>2025-09-09T03:47:39Z</time>
</trkpt>
<trkpt lat="25.282944" lon="121.520518">
<ele>13.4</ele>
<time>2025-09-09T03:47:45Z</time>
</trkpt>
<trkpt lat="25.282992" lon="121.520553">
<ele>13.7</ele>
<time>2025-09-09T03:47:51Z</time>
</trkpt>
<trkpt lat="25.283039" lon="121.520606">
<ele>13</ele>
<time>2025-09-09T03:47:57Z</time>
</trkpt>
<trkpt lat="25.283053" lon="121.520665">
<ele>12.6</ele>
<time>2025-09-09T03:48:03Z</time>
</trkpt>
<trkpt lat="25.283072" lon="121.520716">
<ele>10.7</ele>
<time>2025-09-09T03:48:19Z</time>
</trkpt>
<trkpt lat="25.28309" lon="121.520784">
<ele>10.6</ele>
<time>2025-09-09T03:48:25Z</time>
</trkpt>
<trkpt lat="25.283139" lon="121.520798">
<ele>10.5</ele>
<time>2025-09-09T03:48:31Z</time>
</trkpt>
<trkpt lat="25.283104" lon="121.520752">
<ele>10.1</ele>
<time>2025-09-09T03:48:52Z</time>
</trkpt>
<trkpt lat="25.283067" lon="121.520675">
<ele>10.2</ele>
<time>2025-09-09T03:48:58Z</time>
</trkpt>
<trkpt lat="25.283121" lon="121.520652">
<ele>11.1</ele>
<time>2025-09-09T03:49:04Z</time>
</trkpt>
<trkpt lat="25.283181" lon="121.520739">
<ele>10.5</ele>
<time>2025-09-09T03:49:10Z</time>
</trkpt>
<trkpt lat="25.283243" lon="121.520824">
<ele>12.3</ele>
<time>2025-09-09T03:49:16Z</time>
</trkpt>
<trkpt lat="25.283316" lon="121.520898">
<ele>12.1</ele>
<time>2025-09-09T03:49:21Z</time>
</trkpt>
<trkpt lat="25.283259" lon="121.520983">
<ele>11.2</ele>
<time>2025-09-09T03:49:27Z</time>
</trkpt>
<trkpt lat="25.283151" lon="121.52095">
<ele>13.1</ele>
<time>2025-09-09T03:49:33Z</time>
</trkpt>
<trkpt lat="25.283116" lon="121.521035">
<ele>14.5</ele>
<time>2025-09-09T03:49:39Z</time>
</trkpt>
<trkpt lat="25.283138" lon="121.520988">
<ele>17.5</ele>
<time>2025-09-09T03:49:48Z</time>
</trkpt>
<trkpt lat="25.283091" lon="121.520984">
<ele>17.3</ele>
<time>2025-09-09T03:49:54Z</time>
</trkpt>
<trkpt lat="25.283068" lon="121.520938">
<ele>16</ele>
<time>2025-09-09T03:50:00Z</time>
</trkpt>
<trkpt lat="25.28306" lon="121.520991">
<ele>16.8</ele>
<time>2025-09-09T03:50:09Z</time>
</trkpt>
<trkpt lat="25.28302" lon="121.521046">
<ele>16.6</ele>
<time>2025-09-09T03:50:21Z</time>
</trkpt>
<trkpt lat="25.282996" lon="121.521098">
<ele>17.3</ele>
<time>2025-09-09T03:50:30Z</time>
</trkpt>
<trkpt lat="25.282999" lon="121.521035">
<ele>16.1</ele>
<time>2025-09-09T03:50:36Z</time>
</trkpt>
<trkpt lat="25.282933" lon="121.521141">
<ele>15.5</ele>
<time>2025-09-09T03:51:04Z</time>
</trkpt>
<trkpt lat="25.283053" lon="121.521112">
<ele>15.8</ele>
<time>2025-09-09T03:51:10Z</time>
</trkpt>
<trkpt lat="25.283041" lon="121.521063">
<ele>16.3</ele>
<time>2025-09-09T03:51:16Z</time>
</trkpt>
<trkpt lat="25.282986" lon="121.52109">
<ele>16.6</ele>
<time>2025-09-09T03:51:21Z</time>
</trkpt>
<trkpt lat="25.283034" lon="121.521042">
<ele>16.9</ele>
<time>2025-09-09T03:51:32Z</time>
</trkpt>
<trkpt lat="25.283046" lon="121.520963">
<ele>17.2</ele>
<time>2025-09-09T03:51:38Z</time>
</trkpt>
<trkpt lat="25.283042" lon="121.521018">
<ele>17.1</ele>
<time>2025-09-09T03:51:44Z</time>
</trkpt>
<trkpt lat="25.283061" lon="121.520955">
<ele>17.7</ele>
<time>2025-09-09T03:51:55Z</time>
</trkpt>
<trkpt lat="25.283064" lon="121.521025">
<ele>15.4</ele>
<time>2025-09-09T03:52:45Z</time>
</trkpt>
<trkpt lat="25.283013" lon="121.521007">
<ele>12.7</ele>
<time>2025-09-09T03:52:56Z</time>
</trkpt>
<trkpt lat="25.283022" lon="121.521077">
<ele>14.2</ele>
<time>2025-09-09T03:53:04Z</time>
</trkpt>
<trkpt lat="25.283074" lon="121.521022">
<ele>16.2</ele>
<time>2025-09-09T03:53:21Z</time>
</trkpt>
<trkpt lat="25.283024" lon="121.521021">
<ele>15.9</ele>
<time>2025-09-09T03:53:27Z</time>
</trkpt>
<trkpt lat="25.283052" lon="121.520969">
<ele>15</ele>
<time>2025-09-09T03:54:15Z</time>
</trkpt>
<trkpt lat="25.283044" lon="121.520847">
<ele>15</ele>
<time>2025-09-09T03:54:21Z</time>
</trkpt>
<trkpt lat="25.283113" lon="121.520951">
<ele>15.3</ele>
<time>2025-09-09T03:54:27Z</time>
</trkpt>
<trkpt lat="25.283089" lon="121.520995">
<ele>13.2</ele>
<time>2025-09-09T03:54:36Z</time>
</trkpt>
<trkpt lat="25.283101" lon="121.520942">
<ele>12.8</ele>
<time>2025-09-09T03:54:44Z</time>
</trkpt>
<trkpt lat="25.283125" lon="121.520895">
<ele>12.9</ele>
<time>2025-09-09T03:54:50Z</time>
</trkpt>
<trkpt lat="25.283074" lon="121.520877">
<ele>12.6</ele>
<time>2025-09-09T03:54:57Z</time>
</trkpt>
<trkpt lat="25.283114" lon="121.520831">
<ele>10.7</ele>
<time>2025-09-09T03:55:27Z</time>
</trkpt>
<trkpt lat="25.283183" lon="121.520838">
<ele>9.5</ele>
<time>2025-09-09T03:55:33Z</time>
</trkpt>
<trkpt lat="25.283302" lon="121.520926">
<ele>8.3</ele>
<time>2025-09-09T03:56:16Z</time>
</trkpt>
<trkpt lat="25.28353" lon="121.52074">
<ele>12.5</ele>
<time>2025-09-09T03:56:22Z</time>
</trkpt>
<trkpt lat="25.283576" lon="121.520759">
<ele>12.5</ele>
<time>2025-09-09T03:56:28Z</time>
</trkpt>
<trkpt lat="25.283592" lon="121.520823">
<ele>13.2</ele>
<time>2025-09-09T03:56:35Z</time>
</trkpt>
<trkpt lat="25.283639" lon="121.520799">
<ele>13.9</ele>
<time>2025-09-09T03:56:41Z</time>
</trkpt>
<trkpt lat="25.283674" lon="121.520764">
<ele>13.9</ele>
<time>2025-09-09T03:56:49Z</time>
</trkpt>
<trkpt lat="25.283743" lon="121.520695">
<ele>12.3</ele>
<time>2025-09-09T03:56:55Z</time>
</trkpt>
<trkpt lat="25.283788" lon="121.520664">
<ele>10.4</ele>
<time>2025-09-09T03:57:12Z</time>
</trkpt>
<trkpt lat="25.28384" lon="121.520668">
<ele>7.9</ele>
<time>2025-09-09T03:57:34Z</time>
</trkpt>
<trkpt lat="25.283901" lon="121.520676">
<ele>9</ele>
<time>2025-09-09T03:57:40Z</time>
</trkpt>
<trkpt lat="25.283847" lon="121.520678">
<ele>11.1</ele>
<time>2025-09-09T03:58:51Z</time>
</trkpt>
<trkpt lat="25.283803" lon="121.520651">
<ele>10.9</ele>
<time>2025-09-09T03:58:58Z</time>
</trkpt>
<trkpt lat="25.283758" lon="121.520624">
<ele>13.5</ele>
<time>2025-09-09T03:59:26Z</time>
</trkpt>
<trkpt lat="25.283718" lon="121.52065">
<ele>15.7</ele>
<time>2025-09-09T03:59:38Z</time>
</trkpt>
<trkpt lat="25.283671" lon="121.52068">
<ele>15.5</ele>
<time>2025-09-09T03:59:44Z</time>
</trkpt>
<trkpt lat="25.283619" lon="121.52068">
<ele>13.4</ele>
<time>2025-09-09T03:59:50Z</time>
</trkpt>
<trkpt lat="25.283583" lon="121.52073">
<ele>10.9</ele>
<time>2025-09-09T04:00:02Z</time>
</trkpt>
<trkpt lat="25.283628" lon="121.520771">
<ele>10.9</ele>
<time>2025-09-09T04:00:08Z</time>
</trkpt>
<trkpt lat="25.283618" lon="121.520825">
<ele>10.5</ele>
<time>2025-09-09T04:00:21Z</time>
</trkpt>
<trkpt lat="25.283572" lon="121.520822">
<ele>12.2</ele>
<time>2025-09-09T04:00:44Z</time>
</trkpt>
<trkpt lat="25.283528" lon="121.520807">
<ele>13.1</ele>
<time>2025-09-09T04:00:53Z</time>
</trkpt>
<trkpt lat="25.283489" lon="121.520778">
<ele>12.1</ele>
<time>2025-09-09T04:00:58Z</time>
</trkpt>
<trkpt lat="25.283431" lon="121.520776">
<ele>13.4</ele>
<time>2025-09-09T04:01:03Z</time>
</trkpt>
<trkpt lat="25.283376" lon="121.520782">
<ele>13.5</ele>
<time>2025-09-09T04:01:09Z</time>
</trkpt>
<trkpt lat="25.28332" lon="121.520785">
<ele>14.1</ele>
<time>2025-09-09T04:01:28Z</time>
</trkpt>
<trkpt lat="25.283307" lon="121.52084">
<ele>14.1</ele>
<time>2025-09-09T04:01:33Z</time>
</trkpt>
<trkpt lat="25.283267" lon="121.520876">
<ele>14.4</ele>
<time>2025-09-09T04:01:38Z</time>
</trkpt>
<trkpt lat="25.283215" lon="121.520899">
<ele>15.2</ele>
<time>2025-09-09T04:01:44Z</time>
</trkpt>
<trkpt lat="25.283163" lon="121.5209">
<ele>15.1</ele>
<time>2025-09-09T04:01:49Z</time>
</trkpt>
<trkpt lat="25.283119" lon="121.520915">
<ele>14.5</ele>
<time>2025-09-09T04:01:54Z</time>
</trkpt>
<trkpt lat="25.283077" lon="121.520937">
<ele>12.4</ele>
<time>2025-09-09T04:01:59Z</time>
</trkpt>
<trkpt lat="25.283032" lon="121.520961">
<ele>15.4</ele>
<time>2025-09-09T04:02:05Z</time>
</trkpt>
<trkpt lat="25.282977" lon="121.520973">
<ele>15.6</ele>
<time>2025-09-09T04:02:10Z</time>
</trkpt>
<trkpt lat="25.28293" lon="121.520994">
<ele>13.9</ele>
<time>2025-09-09T04:02:15Z</time>
</trkpt>
<trkpt lat="25.282888" lon="121.52102">
<ele>18.8</ele>
<time>2025-09-09T04:02:21Z</time>
</trkpt>
<trkpt lat="25.282841" lon="121.521037">
<ele>19.4</ele>
<time>2025-09-09T04:02:31Z</time>
</trkpt>
<trkpt lat="25.2828" lon="121.521077">
<ele>17.6</ele>
<time>2025-09-09T04:02:36Z</time>
</trkpt>
<trkpt lat="25.282765" lon="121.521111">
<ele>20.1</ele>
<time>2025-09-09T04:02:44Z</time>
</trkpt>
<trkpt lat="25.282699" lon="121.521142">
<ele>18</ele>
<time>2025-09-09T04:02:50Z</time>
</trkpt>
<trkpt lat="25.28265" lon="121.521146">
<ele>21.1</ele>
<time>2025-09-09T04:03:02Z</time>
</trkpt>
<trkpt lat="25.282595" lon="121.521147">
<ele>19.9</ele>
<time>2025-09-09T04:03:16Z</time>
</trkpt>
<trkpt lat="25.282626" lon="121.521196">
<ele>17.2</ele>
<time>2025-09-09T04:03:23Z</time>
</trkpt>
<trkpt lat="25.282693" lon="121.521164">
<ele>17.9</ele>
<time>2025-09-09T04:03:28Z</time>
</trkpt>
<trkpt lat="25.282716" lon="121.521207">
<ele>23.2</ele>
<time>2025-09-09T04:03:43Z</time>
</trkpt>
<trkpt lat="25.28276" lon="121.521191">
<ele>25.1</ele>
<time>2025-09-09T04:03:48Z</time>
</trkpt>
<trkpt lat="25.282728" lon="121.521229">
<ele>27.6</ele>
<time>2025-09-09T04:03:56Z</time>
</trkpt>
<trkpt lat="25.282754" lon="121.521323">
<ele>27.1</ele>
<time>2025-09-09T04:04:02Z</time>
</trkpt>
<trkpt lat="25.282709" lon="121.521336">
<ele>29.7</ele>
<time>2025-09-09T04:04:07Z</time>
</trkpt>
<trkpt lat="25.282659" lon="121.521374">
<ele>30.5</ele>
<time>2025-09-09T04:04:12Z</time>
</trkpt>
<trkpt lat="25.282654" lon="121.521438">
<ele>30.5</ele>
<time>2025-09-09T04:04:19Z</time>
</trkpt>
<trkpt lat="25.282665" lon="121.521489">
<ele>26.6</ele>
<time>2025-09-09T04:04:26Z</time>
</trkpt>
<trkpt lat="25.28262" lon="121.521491">
<ele>45.2</ele>
<time>2025-09-09T04:04:34Z</time>
</trkpt>
<trkpt lat="25.28271" lon="121.521531">
<ele>40.2</ele>
<time>2025-09-09T04:04:43Z</time>
</trkpt>
<trkpt lat="25.282655" lon="121.521395">
<ele>37.2</ele>
<time>2025-09-09T04:04:48Z</time>
</trkpt>
<trkpt lat="25.282708" lon="121.52141">
<ele>35</ele>
<time>2025-09-09T04:04:54Z</time>
</trkpt>
<trkpt lat="25.282713" lon="121.521471">
<ele>31.5</ele>
<time>2025-09-09T04:05:06Z</time>
</trkpt>
<trkpt lat="25.282667" lon="121.521463">
<ele>31.3</ele>
<time>2025-09-09T04:05:14Z</time>
</trkpt>
<trkpt lat="25.28262" lon="121.521494">
<ele>30</ele>
<time>2025-09-09T04:05:20Z</time>
</trkpt>
<trkpt lat="25.282557" lon="121.521478">
<ele>30.8</ele>
<time>2025-09-09T04:05:26Z</time>
</trkpt>
<trkpt lat="25.2825" lon="121.521528">
<ele>31.8</ele>
<time>2025-09-09T04:05:32Z</time>
</trkpt>
<trkpt lat="25.282445" lon="121.521584">
<ele>30.6</ele>
<time>2025-09-09T04:05:38Z</time>
</trkpt>
<trkpt lat="25.282415" lon="121.521643">
<ele>29.9</ele>
<time>2025-09-09T04:05:44Z</time>
</trkpt>
<trkpt lat="25.282393" lon="121.521688">
<ele>31.7</ele>
<time>2025-09-09T04:05:49Z</time>
</trkpt>
<trkpt lat="25.282377" lon="121.521736">
<ele>31.5</ele>
<time>2025-09-09T04:05:54Z</time>
</trkpt>
<trkpt lat="25.282362" lon="121.52179">
<ele>32.7</ele>
<time>2025-09-09T04:06:00Z</time>
</trkpt>
<trkpt lat="25.282345" lon="121.521843">
<ele>32.8</ele>
<time>2025-09-09T04:06:05Z</time>
</trkpt>
<trkpt lat="25.282317" lon="121.521888">
<ele>33.3</ele>
<time>2025-09-09T04:06:10Z</time>
</trkpt>
<trkpt lat="25.282296" lon="121.521934">
<ele>34.1</ele>
<time>2025-09-09T04:06:19Z</time>
</trkpt>
<trkpt lat="25.282263" lon="121.521998">
<ele>35.3</ele>
<time>2025-09-09T04:06:26Z</time>
</trkpt>
<trkpt lat="25.28221" lon="121.522058">
<ele>36.5</ele>
<time>2025-09-09T04:06:31Z</time>
</trkpt>
<trkpt lat="25.282167" lon="121.522112">
<ele>36.7</ele>
<time>2025-09-09T04:06:36Z</time>
</trkpt>
<trkpt lat="25.282121" lon="121.522139">
<ele>35.8</ele>
<time>2025-09-09T04:06:42Z</time>
</trkpt>
<trkpt lat="25.282073" lon="121.522183">
<ele>34.3</ele>
<time>2025-09-09T04:06:47Z</time>
</trkpt>
<trkpt lat="25.282052" lon="121.522227">
<ele>34.4</ele>
<time>2025-09-09T04:06:52Z</time>
</trkpt>
<trkpt lat="25.282018" lon="121.522266">
<ele>35.2</ele>
<time>2025-09-09T04:06:57Z</time>
</trkpt>
<trkpt lat="25.282037" lon="121.522319">
<ele>34.7</ele>
<time>2025-09-09T04:07:03Z</time>
</trkpt>
<trkpt lat="25.282098" lon="121.522281">
<ele>34.6</ele>
<time>2025-09-09T04:07:09Z</time>
</trkpt>
<trkpt lat="25.282136" lon="121.522242">
<ele>31.2</ele>
<time>2025-09-09T04:08:00Z</time>
</trkpt>
<trkpt lat="25.282128" lon="121.522292">
<ele>32.2</ele>
<time>2025-09-09T04:08:11Z</time>
</trkpt>
<trkpt lat="25.282146" lon="121.522228">
<ele>32.5</ele>
<time>2025-09-09T04:08:19Z</time>
</trkpt>
<trkpt lat="25.282188" lon="121.52221">
<ele>32.3</ele>
<time>2025-09-09T04:08:24Z</time>
</trkpt>
<trkpt lat="25.282218" lon="121.52216">
<ele>32.1</ele>
<time>2025-09-09T04:08:32Z</time>
</trkpt>
<trkpt lat="25.28227" lon="121.522122">
<ele>32.6</ele>
<time>2025-09-09T04:08:42Z</time>
</trkpt>
<trkpt lat="25.282313" lon="121.522106">
<ele>33.8</ele>
<time>2025-09-09T04:08:53Z</time>
</trkpt>
<trkpt lat="25.282369" lon="121.522067">
<ele>34.4</ele>
<time>2025-09-09T04:08:59Z</time>
</trkpt>
<trkpt lat="25.282418" lon="121.522065">
<ele>34.9</ele>
<time>2025-09-09T04:09:06Z</time>
</trkpt>
<trkpt lat="25.282372" lon="121.522078">
<ele>37.3</ele>
<time>2025-09-09T04:09:39Z</time>
</trkpt>
<trkpt lat="25.282325" lon="121.522113">
<ele>37.9</ele>
<time>2025-09-09T04:09:46Z</time>
</trkpt>
<trkpt lat="25.282281" lon="121.522084">
<ele>35.9</ele>
<time>2025-09-09T04:09:55Z</time>
</trkpt>
<trkpt lat="25.282232" lon="121.52218">
<ele>34.8</ele>
<time>2025-09-09T04:10:01Z</time>
</trkpt>
<trkpt lat="25.28219" lon="121.522205">
<ele>33.6</ele>
<time>2025-09-09T04:10:07Z</time>
</trkpt>
<trkpt lat="25.282147" lon="121.52223">
<ele>33.5</ele>
<time>2025-09-09T04:10:13Z</time>
</trkpt>
<trkpt lat="25.282089" lon="121.522259">
<ele>32.4</ele>
<time>2025-09-09T04:10:19Z</time>
</trkpt>
<trkpt lat="25.282058" lon="121.52232">
<ele>30.3</ele>
<time>2025-09-09T04:10:25Z</time>
</trkpt>
<trkpt lat="25.281984" lon="121.522341">
<ele>31.5</ele>
<time>2025-09-09T04:10:31Z</time>
</trkpt>
<trkpt lat="25.281931" lon="121.52239">
<ele>32.6</ele>
<time>2025-09-09T04:10:37Z</time>
</trkpt>
<trkpt lat="25.281899" lon="121.522445">
<ele>32.1</ele>
<time>2025-09-09T04:10:43Z</time>
</trkpt>
<trkpt lat="25.281844" lon="121.522492">
<ele>31.6</ele>
<time>2025-09-09T04:10:49Z</time>
</trkpt>
<trkpt lat="25.281769" lon="121.522533">
<ele>32.6</ele>
<time>2025-09-09T04:10:55Z</time>
</trkpt>
<trkpt lat="25.281735" lon="121.52259">
<ele>30.8</ele>
<time>2025-09-09T04:11:01Z</time>
</trkpt>
<trkpt lat="25.281682" lon="121.522613">
<ele>32.1</ele>
<time>2025-09-09T04:11:07Z</time>
</trkpt>
<trkpt lat="25.281648" lon="121.522653">
<ele>32.6</ele>
<time>2025-09-09T04:11:13Z</time>
</trkpt>
<trkpt lat="25.281638" lon="121.522711">
<ele>31.3</ele>
<time>2025-09-09T04:11:19Z</time>
</trkpt>
<trkpt lat="25.281607" lon="121.52277">
<ele>31.3</ele>
<time>2025-09-09T04:11:25Z</time>
</trkpt>
<trkpt lat="25.281575" lon="121.522827">
<ele>31.4</ele>
<time>2025-09-09T04:11:31Z</time>
</trkpt>
<trkpt lat="25.281532" lon="121.522879">
<ele>31</ele>
<time>2025-09-09T04:11:37Z</time>
</trkpt>
<trkpt lat="25.281513" lon="121.522942">
<ele>30.9</ele>
<time>2025-09-09T04:11:43Z</time>
</trkpt>
<trkpt lat="25.281493" lon="121.523004">
<ele>32</ele>
<time>2025-09-09T04:11:49Z</time>
</trkpt>
<trkpt lat="25.281453" lon="121.523049">
<ele>32.8</ele>
<time>2025-09-09T04:11:55Z</time>
</trkpt>
<trkpt lat="25.281403" lon="121.523124">
<ele>32.9</ele>
<time>2025-09-09T04:12:01Z</time>
</trkpt>
<trkpt lat="25.281364" lon="121.523173">
<ele>32.4</ele>
<time>2025-09-09T04:12:07Z</time>
</trkpt>
<trkpt lat="25.2813" lon="121.523208">
<ele>33.9</ele>
<time>2025-09-09T04:12:13Z</time>
</trkpt>
<trkpt lat="25.281237" lon="121.523229">
<ele>35.3</ele>
<time>2025-09-09T04:12:19Z</time>
</trkpt>
<trkpt lat="25.281185" lon="121.523244">
<ele>36.5</ele>
<time>2025-09-09T04:12:25Z</time>
</trkpt>
<trkpt lat="25.281125" lon="121.523258">
<ele>37.7</ele>
<time>2025-09-09T04:12:31Z</time>
</trkpt>
<trkpt lat="25.281045" lon="121.523268">
<ele>38.7</ele>
<time>2025-09-09T04:12:37Z</time>
</trkpt>
<trkpt lat="25.280983" lon="121.523251">
<ele>39.7</ele>
<time>2025-09-09T04:12:43Z</time>
</trkpt>
<trkpt lat="25.280923" lon="121.523221">
<ele>39.5</ele>
<time>2025-09-09T04:12:49Z</time>
</trkpt>
<trkpt lat="25.280868" lon="121.523196">
<ele>40.1</ele>
<time>2025-09-09T04:12:55Z</time>
</trkpt>
<trkpt lat="25.280853" lon="121.523261">
<ele>39.4</ele>
<time>2025-09-09T04:13:05Z</time>
</trkpt>
<trkpt lat="25.280829" lon="121.523318">
<ele>40.2</ele>
<time>2025-09-09T04:13:11Z</time>
</trkpt>
<trkpt lat="25.28085" lon="121.523374">
<ele>41.1</ele>
<time>2025-09-09T04:13:17Z</time>
</trkpt>
<trkpt lat="25.280865" lon="121.523423">
<ele>41.8</ele>
<time>2025-09-09T04:13:22Z</time>
</trkpt>
<trkpt lat="25.28087" lon="121.523479">
<ele>40.8</ele>
<time>2025-09-09T04:13:29Z</time>
</trkpt>
<trkpt lat="25.280878" lon="121.52356">
<ele>39.8</ele>
<time>2025-09-09T04:13:35Z</time>
</trkpt>
<trkpt lat="25.280868" lon="121.523621">
<ele>40</ele>
<time>2025-09-09T04:13:41Z</time>
</trkpt>
<trkpt lat="25.280874" lon="121.523678">
<ele>41.1</ele>
<time>2025-09-09T04:13:56Z</time>
</trkpt>
<trkpt lat="25.280865" lon="121.523751">
<ele>42.9</ele>
<time>2025-09-09T04:14:02Z</time>
</trkpt>
<trkpt lat="25.280856" lon="121.52383">
<ele>42</ele>
<time>2025-09-09T04:14:08Z</time>
</trkpt>
<trkpt lat="25.280831" lon="121.523884">
<ele>42.7</ele>
<time>2025-09-09T04:14:14Z</time>
</trkpt>
<trkpt lat="25.280789" lon="121.523948">
<ele>44.4</ele>
<time>2025-09-09T04:14:20Z</time>
</trkpt>
<trkpt lat="25.280759" lon="121.52399">
<ele>45.4</ele>
<time>2025-09-09T04:14:26Z</time>
</trkpt>
<trkpt lat="25.280706" lon="121.524029">
<ele>46.8</ele>
<time>2025-09-09T04:14:32Z</time>
</trkpt>
<trkpt lat="25.280657" lon="121.524084">
<ele>46.2</ele>
<time>2025-09-09T04:14:38Z</time>
</trkpt>
<trkpt lat="25.280607" lon="121.52414">
<ele>46.3</ele>
<time>2025-09-09T04:14:44Z</time>
</trkpt>
<trkpt lat="25.280564" lon="121.524162">
<ele>46.6</ele>
<time>2025-09-09T04:14:50Z</time>
</trkpt>
<trkpt lat="25.280501" lon="121.524135">
<ele>46.6</ele>
<time>2025-09-09T04:14:56Z</time>
</trkpt>
<trkpt lat="25.280448" lon="121.524096">
<ele>47.9</ele>
<time>2025-09-09T04:15:02Z</time>
</trkpt>
<trkpt lat="25.280396" lon="121.524058">
<ele>48.9</ele>
<time>2025-09-09T04:15:07Z</time>
</trkpt>
<trkpt lat="25.28035" lon="121.524014">
<ele>49.3</ele>
<time>2025-09-09T04:15:14Z</time>
</trkpt>
<trkpt lat="25.280302" lon="121.524034">
<ele>50.2</ele>
<time>2025-09-09T04:15:27Z</time>
</trkpt>
<trkpt lat="25.280352" lon="121.524058">
<ele>49.9</ele>
<time>2025-09-09T04:15:39Z</time>
</trkpt>
<trkpt lat="25.280395" lon="121.524089">
<ele>49.9</ele>
<time>2025-09-09T04:16:00Z</time>
</trkpt>
<trkpt lat="25.280464" lon="121.524136">
<ele>50.3</ele>
<time>2025-09-09T04:16:06Z</time>
</trkpt>
<trkpt lat="25.28051" lon="121.524182">
<ele>49.5</ele>
<time>2025-09-09T04:16:12Z</time>
</trkpt>
<trkpt lat="25.280558" lon="121.52422">
<ele>48.5</ele>
<time>2025-09-09T04:16:18Z</time>
</trkpt>
<trkpt lat="25.280607" lon="121.524231">
<ele>48.5</ele>
<time>2025-09-09T04:16:25Z</time>
</trkpt>
<trkpt lat="25.280652" lon="121.524183">
<ele>47.8</ele>
<time>2025-09-09T04:16:31Z</time>
</trkpt>
<trkpt lat="25.280686" lon="121.524138">
<ele>47.9</ele>
<time>2025-09-09T04:16:37Z</time>
</trkpt>
<trkpt lat="25.280718" lon="121.524097">
<ele>48.3</ele>
<time>2025-09-09T04:16:43Z</time>
</trkpt>
<trkpt lat="25.280758" lon="121.52403">
<ele>48.5</ele>
<time>2025-09-09T04:16:48Z</time>
</trkpt>
<trkpt lat="25.280804" lon="121.523967">
<ele>48.3</ele>
<time>2025-09-09T04:16:54Z</time>
</trkpt>
<trkpt lat="25.280829" lon="121.523881">
<ele>47.5</ele>
<time>2025-09-09T04:17:00Z</time>
</trkpt>
<trkpt lat="25.280842" lon="121.523825">
<ele>46.7</ele>
<time>2025-09-09T04:17:06Z</time>
</trkpt>
<trkpt lat="25.280869" lon="121.523781">
<ele>46.2</ele>
<time>2025-09-09T04:17:12Z</time>
</trkpt>
<trkpt lat="25.280882" lon="121.523708">
<ele>45.3</ele>
<time>2025-09-09T04:17:18Z</time>
</trkpt>
<trkpt lat="25.280885" lon="121.523628">
<ele>44</ele>
<time>2025-09-09T04:17:24Z</time>
</trkpt>
<trkpt lat="25.280878" lon="121.523558">
<ele>44.2</ele>
<time>2025-09-09T04:17:31Z</time>
</trkpt>
<trkpt lat="25.280876" lon="121.523495">
<ele>44.5</ele>
<time>2025-09-09T04:17:37Z</time>
</trkpt>
<trkpt lat="25.280852" lon="121.523408">
<ele>41.7</ele>
<time>2025-09-09T04:17:43Z</time>
</trkpt>
<trkpt lat="25.280859" lon="121.523307">
<ele>39.6</ele>
<time>2025-09-09T04:17:49Z</time>
</trkpt>
<trkpt lat="25.280864" lon="121.523252">
<ele>38.5</ele>
<time>2025-09-09T04:17:56Z</time>
</trkpt>
<trkpt lat="25.280818" lon="121.523202">
<ele>38.9</ele>
<time>2025-09-09T04:18:02Z</time>
</trkpt>
<trkpt lat="25.280757" lon="121.523155">
<ele>39.1</ele>
<time>2025-09-09T04:18:08Z</time>
</trkpt>
<trkpt lat="25.280706" lon="121.523128">
<ele>40</ele>
<time>2025-09-09T04:18:15Z</time>
</trkpt>
<trkpt lat="25.280656" lon="121.523088">
<ele>41</ele>
<time>2025-09-09T04:18:21Z</time>
</trkpt>
<trkpt lat="25.280603" lon="121.523057">
<ele>41.8</ele>
<time>2025-09-09T04:18:31Z</time>
</trkpt>
<trkpt lat="25.280574" lon="121.523015">
<ele>41.9</ele>
<time>2025-09-09T04:18:37Z</time>
</trkpt>
<trkpt lat="25.280544" lon="121.522966">
<ele>43</ele>
<time>2025-09-09T04:18:48Z</time>
</trkpt>
<trkpt lat="25.280502" lon="121.522924">
<ele>43.1</ele>
<time>2025-09-09T04:18:54Z</time>
</trkpt>
<trkpt lat="25.280458" lon="121.522898">
<ele>43.7</ele>
<time>2025-09-09T04:19:00Z</time>
</trkpt>
<trkpt lat="25.28047" lon="121.522842">
<ele>43.6</ele>
<time>2025-09-09T04:19:07Z</time>
</trkpt>
<trkpt lat="25.280452" lon="121.522897">
<ele>41.6</ele>
<time>2025-09-09T04:19:26Z</time>
</trkpt>
<trkpt lat="25.280428" lon="121.522942">
<ele>41.3</ele>
<time>2025-09-09T04:19:34Z</time>
</trkpt>
<trkpt lat="25.280469" lon="121.522972">
<ele>41.2</ele>
<time>2025-09-09T04:19:42Z</time>
</trkpt>
<trkpt lat="25.280523" lon="121.522984">
<ele>40.6</ele>
<time>2025-09-09T04:19:48Z</time>
</trkpt>
<trkpt lat="25.280575" lon="121.522967">
<ele>40.9</ele>
<time>2025-09-09T04:20:06Z</time>
</trkpt>
<trkpt lat="25.280622" lon="121.523013">
<ele>39.2</ele>
<time>2025-09-09T04:20:21Z</time>
</trkpt>
<trkpt lat="25.280703" lon="121.523048">
<ele>37.6</ele>
<time>2025-09-09T04:20:27Z</time>
</trkpt>
<trkpt lat="25.280691" lon="121.523102">
<ele>36.7</ele>
<time>2025-09-09T04:20:49Z</time>
</trkpt>
<trkpt lat="25.280636" lon="121.523131">
<ele>38.6</ele>
<time>2025-09-09T04:20:55Z</time>
</trkpt>
<trkpt lat="25.280596" lon="121.523165">
<ele>38.9</ele>
<time>2025-09-09T04:21:02Z</time>
</trkpt>
<trkpt lat="25.280561" lon="121.523247">
<ele>40.3</ele>
<time>2025-09-09T04:21:08Z</time>
</trkpt>
<trkpt lat="25.280502" lon="121.523284">
<ele>40.4</ele>
<time>2025-09-09T04:21:14Z</time>
</trkpt>
<trkpt lat="25.280505" lon="121.523346">
<ele>41.1</ele>
<time>2025-09-09T04:21:24Z</time>
</trkpt>
<trkpt lat="25.280539" lon="121.523379">
<ele>41.2</ele>
<time>2025-09-09T04:21:31Z</time>
</trkpt>
<trkpt lat="25.280554" lon="121.523428">
<ele>41.8</ele>
<time>2025-09-09T04:21:38Z</time>
</trkpt>
<trkpt lat="25.280577" lon="121.523488">
<ele>42.7</ele>
<time>2025-09-09T04:21:46Z</time>
</trkpt>
<trkpt lat="25.280587" lon="121.523543">
<ele>42.8</ele>
<time>2025-09-09T04:21:52Z</time>
</trkpt>
<trkpt lat="25.28062" lon="121.523589">
<ele>43.7</ele>
<time>2025-09-09T04:21:58Z</time>
</trkpt>
<trkpt lat="25.280654" lon="121.523642">
<ele>44.2</ele>
<time>2025-09-09T04:22:04Z</time>
</trkpt>
<trkpt lat="25.280654" lon="121.523699">
<ele>44.2</ele>
<time>2025-09-09T04:22:12Z</time>
</trkpt>
<trkpt lat="25.280614" lon="121.523735">
<ele>44.7</ele>
<time>2025-09-09T04:22:23Z</time>
</trkpt>
<trkpt lat="25.280617" lon="121.523787">
<ele>45.2</ele>
<time>2025-09-09T04:22:32Z</time>
</trkpt>
<trkpt lat="25.280604" lon="121.52384">
<ele>46</ele>
<time>2025-09-09T04:22:39Z</time>
</trkpt>
<trkpt lat="25.280601" lon="121.523896">
<ele>45.5</ele>
<time>2025-09-09T04:22:45Z</time>
</trkpt>
<trkpt lat="25.280651" lon="121.523892">
<ele>45.8</ele>
<time>2025-09-09T04:22:52Z</time>
</trkpt>
<trkpt lat="25.280649" lon="121.523962">
<ele>46.3</ele>
<time>2025-09-09T04:22:58Z</time>
</trkpt>
<trkpt lat="25.280682" lon="121.524005">
<ele>47.1</ele>
<time>2025-09-09T04:23:13Z</time>
</trkpt>
<trkpt lat="25.280715" lon="121.524039">
<ele>47.9</ele>
<time>2025-09-09T04:23:25Z</time>
</trkpt>
<trkpt lat="25.280679" lon="121.524093">
<ele>47.6</ele>
<time>2025-09-09T04:23:38Z</time>
</trkpt>
<trkpt lat="25.280618" lon="121.524126">
<ele>46.1</ele>
<time>2025-09-09T04:23:44Z</time>
</trkpt>
<trkpt lat="25.280592" lon="121.524168">
<ele>45.4</ele>
<time>2025-09-09T04:23:50Z</time>
</trkpt>
<trkpt lat="25.280533" lon="121.524169">
<ele>47.2</ele>
<time>2025-09-09T04:23:55Z</time>
</trkpt>
<trkpt lat="25.280483" lon="121.524139">
<ele>48.3</ele>
<time>2025-09-09T04:24:00Z</time>
</trkpt>
<trkpt lat="25.280446" lon="121.52411">
<ele>49.4</ele>
<time>2025-09-09T04:24:05Z</time>
</trkpt>
<trkpt lat="25.280408" lon="121.524082">
<ele>48.8</ele>
<time>2025-09-09T04:24:10Z</time>
</trkpt>
<trkpt lat="25.280351" lon="121.524065">
<ele>50.9</ele>
<time>2025-09-09T04:24:16Z</time>
</trkpt>
<trkpt lat="25.280305" lon="121.524034">
<ele>51.6</ele>
<time>2025-09-09T04:24:24Z</time>
</trkpt>
<trkpt lat="25.28026" lon="121.524063">
<ele>52.9</ele>
<time>2025-09-09T04:24:31Z</time>
</trkpt>
<trkpt lat="25.280238" lon="121.524107">
<ele>51.7</ele>
<time>2025-09-09T04:24:37Z</time>
</trkpt>
<trkpt lat="25.280245" lon="121.524166">
<ele>54.2</ele>
<time>2025-09-09T04:24:43Z</time>
</trkpt>
<trkpt lat="25.280236" lon="121.524216">
<ele>54</ele>
<time>2025-09-09T04:24:49Z</time>
</trkpt>
<trkpt lat="25.280224" lon="121.52428">
<ele>57.7</ele>
<time>2025-09-09T04:24:55Z</time>
</trkpt>
<trkpt lat="25.280196" lon="121.524345">
<ele>55.7</ele>
<time>2025-09-09T04:25:01Z</time>
</trkpt>
<trkpt lat="25.280144" lon="121.524383">
<ele>56.8</ele>
<time>2025-09-09T04:25:07Z</time>
</trkpt>
<trkpt lat="25.280129" lon="121.524432">
<ele>57.5</ele>
<time>2025-09-09T04:25:13Z</time>
</trkpt>
<trkpt lat="25.280132" lon="121.52449">
<ele>55.8</ele>
<time>2025-09-09T04:25:19Z</time>
</trkpt>
<trkpt lat="25.2801" lon="121.524558">
<ele>55.3</ele>
<time>2025-09-09T04:25:25Z</time>
</trkpt>
<trkpt lat="25.280087" lon="121.524638">
<ele>54.1</ele>
<time>2025-09-09T04:25:31Z</time>
</trkpt>
<trkpt lat="25.280099" lon="121.524723">
<ele>54.5</ele>
<time>2025-09-09T04:25:37Z</time>
</trkpt>
<trkpt lat="25.280153" lon="121.524782">
<ele>54.6</ele>
<time>2025-09-09T04:25:43Z</time>
</trkpt>
<trkpt lat="25.28018" lon="121.524832">
<ele>54</ele>
<time>2025-09-09T04:25:51Z</time>
</trkpt>
<trkpt lat="25.280211" lon="121.524868">
<ele>53.9</ele>
<time>2025-09-09T04:25:57Z</time>
</trkpt>
<trkpt lat="25.280218" lon="121.524918">
<ele>53.3</ele>
<time>2025-09-09T04:26:04Z</time>
</trkpt>
<trkpt lat="25.280204" lon="121.524972">
<ele>51.4</ele>
<time>2025-09-09T04:26:10Z</time>
</trkpt>
<trkpt lat="25.280173" lon="121.525028">
<ele>52.8</ele>
<time>2025-09-09T04:26:16Z</time>
</trkpt>
<trkpt lat="25.280151" lon="121.525077">
<ele>52.8</ele>
<time>2025-09-09T04:26:22Z</time>
</trkpt>
<trkpt lat="25.280114" lon="121.525107">
<ele>53.6</ele>
<time>2025-09-09T04:26:32Z</time>
</trkpt>
<trkpt lat="25.280107" lon="121.52516">
<ele>58.9</ele>
<time>2025-09-09T04:27:18Z</time>
</trkpt>
<trkpt lat="25.280138" lon="121.525213">
<ele>57.5</ele>
<time>2025-09-09T04:27:43Z</time>
</trkpt>
<trkpt lat="25.280121" lon="121.52526">
<ele>59.3</ele>
<time>2025-09-09T04:28:17Z</time>
</trkpt>
<trkpt lat="25.28011" lon="121.525312">
<ele>60.1</ele>
<time>2025-09-09T04:28:25Z</time>
</trkpt>
<trkpt lat="25.280156" lon="121.525342">
<ele>59</ele>
<time>2025-09-09T04:28:31Z</time>
</trkpt>
<trkpt lat="25.280152" lon="121.525396">
<ele>57</ele>
<time>2025-09-09T04:28:41Z</time>
</trkpt>
<trkpt lat="25.280123" lon="121.525357">
<ele>57</ele>
<time>2025-09-09T04:29:12Z</time>
</trkpt>
<trkpt lat="25.28008" lon="121.525301">
<ele>57.8</ele>
<time>2025-09-09T04:29:23Z</time>
</trkpt>
<trkpt lat="25.280055" lon="121.52525">
<ele>61.8</ele>
<time>2025-09-09T04:29:29Z</time>
</trkpt>
<trkpt lat="25.28002" lon="121.525195">
<ele>63</ele>
<time>2025-09-09T04:29:38Z</time>
</trkpt>
<trkpt lat="25.280005" lon="121.525134">
<ele>61.3</ele>
<time>2025-09-09T04:29:47Z</time>
</trkpt>
<trkpt lat="25.279978" lon="121.52508">
<ele>65.6</ele>
<time>2025-09-09T04:29:56Z</time>
</trkpt>
<trkpt lat="25.279942" lon="121.525041">
<ele>61.9</ele>
<time>2025-09-09T04:30:02Z</time>
</trkpt>
<trkpt lat="25.279898" lon="121.525026">
<ele>61.3</ele>
<time>2025-09-09T04:30:09Z</time>
</trkpt>
<trkpt lat="25.279854" lon="121.525066">
<ele>59</ele>
<time>2025-09-09T04:30:15Z</time>
</trkpt>
<trkpt lat="25.279792" lon="121.52513">
<ele>59.7</ele>
<time>2025-09-09T04:30:21Z</time>
</trkpt>
<trkpt lat="25.279768" lon="121.525175">
<ele>59.4</ele>
<time>2025-09-09T04:30:27Z</time>
</trkpt>
<trkpt lat="25.279713" lon="121.525178">
<ele>55.9</ele>
<time>2025-09-09T04:30:41Z</time>
</trkpt>
<trkpt lat="25.279687" lon="121.525134">
<ele>55.7</ele>
<time>2025-09-09T04:30:56Z</time>
</trkpt>
<trkpt lat="25.279641" lon="121.525137">
<ele>56.5</ele>
<time>2025-09-09T04:31:03Z</time>
</trkpt>
<trkpt lat="25.279586" lon="121.525137">
<ele>54.5</ele>
<time>2025-09-09T04:31:11Z</time>
</trkpt>
<trkpt lat="25.279498" lon="121.525098">
<ele>56</ele>
<time>2025-09-09T04:31:16Z</time>
</trkpt>
<trkpt lat="25.279439" lon="121.52509">
<ele>56</ele>
<time>2025-09-09T04:31:22Z</time>
</trkpt>
<trkpt lat="25.279387" lon="121.525077">
<ele>55.8</ele>
<time>2025-09-09T04:31:28Z</time>
</trkpt>
<trkpt lat="25.279314" lon="121.525106">
<ele>60.2</ele>
<time>2025-09-09T04:31:34Z</time>
</trkpt>
<trkpt lat="25.279271" lon="121.525084">
<ele>59.6</ele>
<time>2025-09-09T04:31:45Z</time>
</trkpt>
<trkpt lat="25.279226" lon="121.525046">
<ele>57.8</ele>
<time>2025-09-09T04:32:04Z</time>
</trkpt>
<trkpt lat="25.279237" lon="121.525099">
<ele>59.4</ele>
<time>2025-09-09T04:32:19Z</time>
</trkpt>
<trkpt lat="25.279283" lon="121.52512">
<ele>58.6</ele>
<time>2025-09-09T04:32:26Z</time>
</trkpt>
<trkpt lat="25.279329" lon="121.525136">
<ele>57.9</ele>
<time>2025-09-09T04:32:35Z</time>
</trkpt>
<trkpt lat="25.279377" lon="121.525123">
<ele>55.7</ele>
<time>2025-09-09T04:32:43Z</time>
</trkpt>
<trkpt lat="25.279426" lon="121.525137">
<ele>54.8</ele>
<time>2025-09-09T04:32:49Z</time>
</trkpt>
<trkpt lat="25.279473" lon="121.525155">
<ele>55.5</ele>
<time>2025-09-09T04:32:55Z</time>
</trkpt>
<trkpt lat="25.279534" lon="121.525153">
<ele>54.7</ele>
<time>2025-09-09T04:33:01Z</time>
</trkpt>
<trkpt lat="25.279584" lon="121.525155">
<ele>53.8</ele>
<time>2025-09-09T04:33:07Z</time>
</trkpt>
<trkpt lat="25.279646" lon="121.525165">
<ele>53.7</ele>
<time>2025-09-09T04:33:13Z</time>
</trkpt>
<trkpt lat="25.279698" lon="121.52518">
<ele>53.9</ele>
<time>2025-09-09T04:33:18Z</time>
</trkpt>
<trkpt lat="25.279749" lon="121.525199">
<ele>56.6</ele>
<time>2025-09-09T04:33:24Z</time>
</trkpt>
<trkpt lat="25.279803" lon="121.525151">
<ele>58.6</ele>
<time>2025-09-09T04:33:30Z</time>
</trkpt>
<trkpt lat="25.279832" lon="121.525109">
<ele>58.7</ele>
<time>2025-09-09T04:33:36Z</time>
</trkpt>
<trkpt lat="25.279878" lon="121.525057">
<ele>55.2</ele>
<time>2025-09-09T04:33:42Z</time>
</trkpt>
<trkpt lat="25.27993" lon="121.52503">
<ele>54.2</ele>
<time>2025-09-09T04:33:48Z</time>
</trkpt>
<trkpt lat="25.279976" lon="121.525037">
<ele>55.4</ele>
<time>2025-09-09T04:34:01Z</time>
</trkpt>
<trkpt lat="25.279966" lon="121.525094">
<ele>55.8</ele>
<time>2025-09-09T04:34:35Z</time>
</trkpt>
<trkpt lat="25.279994" lon="121.525143">
<ele>54.4</ele>
<time>2025-09-09T04:34:42Z</time>
</trkpt>
<trkpt lat="25.280032" lon="121.525187">
<ele>51.2</ele>
<time>2025-09-09T04:34:50Z</time>
</trkpt>
<trkpt lat="25.280053" lon="121.525231">
<ele>49.2</ele>
<time>2025-09-09T04:34:58Z</time>
</trkpt>
<trkpt lat="25.280063" lon="121.525284">
<ele>51.6</ele>
<time>2025-09-09T04:35:04Z</time>
</trkpt>
<trkpt lat="25.280094" lon="121.525346">
<ele>47.6</ele>
<time>2025-09-09T04:35:11Z</time>
</trkpt>
<trkpt lat="25.280149" lon="121.525384">
<ele>45.3</ele>
<time>2025-09-09T04:35:16Z</time>
</trkpt>
<trkpt lat="25.280179" lon="121.525425">
<ele>46.4</ele>
<time>2025-09-09T04:35:24Z</time>
</trkpt>
<trkpt lat="25.280247" lon="121.525363">
<ele>50.5</ele>
<time>2025-09-09T04:35:30Z</time>
</trkpt>
<trkpt lat="25.280252" lon="121.525419">
<ele>52.9</ele>
<time>2025-09-09T04:35:36Z</time>
</trkpt>
<trkpt lat="25.280259" lon="121.525487">
<ele>53.3</ele>
<time>2025-09-09T04:35:42Z</time>
</trkpt>
<trkpt lat="25.28035" lon="121.525502">
<ele>56.3</ele>
<time>2025-09-09T04:35:48Z</time>
</trkpt>
<trkpt lat="25.280365" lon="121.525556">
<ele>57.1</ele>
<time>2025-09-09T04:36:02Z</time>
</trkpt>
<trkpt lat="25.28032" lon="121.525577">
<ele>59.8</ele>
<time>2025-09-09T04:36:08Z</time>
</trkpt>
<trkpt lat="25.280294" lon="121.525625">
<ele>59.2</ele>
<time>2025-09-09T04:36:20Z</time>
</trkpt>
<trkpt lat="25.280256" lon="121.525668">
<ele>58</ele>
<time>2025-09-09T04:36:27Z</time>
</trkpt>
<trkpt lat="25.280222" lon="121.525712">
<ele>58.7</ele>
<time>2025-09-09T04:36:32Z</time>
</trkpt>
<trkpt lat="25.280185" lon="121.525776">
<ele>60.4</ele>
<time>2025-09-09T04:36:38Z</time>
</trkpt>
<trkpt lat="25.280156" lon="121.525839">
<ele>60.5</ele>
<time>2025-09-09T04:36:44Z</time>
</trkpt>
<trkpt lat="25.280122" lon="121.52588">
<ele>58.7</ele>
<time>2025-09-09T04:36:50Z</time>
</trkpt>
<trkpt lat="25.280091" lon="121.525944">
<ele>59.8</ele>
<time>2025-09-09T04:36:56Z</time>
</trkpt>
<trkpt lat="25.280084" lon="121.525999">
<ele>58.3</ele>
<time>2025-09-09T04:37:02Z</time>
</trkpt>
<trkpt lat="25.280066" lon="121.526047">
<ele>59.9</ele>
<time>2025-09-09T04:37:12Z</time>
</trkpt>
<trkpt lat="25.28004" lon="121.526104">
<ele>60.9</ele>
<time>2025-09-09T04:37:18Z</time>
</trkpt>
<trkpt lat="25.28001" lon="121.526156">
<ele>60.7</ele>
<time>2025-09-09T04:37:23Z</time>
</trkpt>
<trkpt lat="25.279992" lon="121.526209">
<ele>62.4</ele>
<time>2025-09-09T04:37:29Z</time>
</trkpt>
<trkpt lat="25.279963" lon="121.526257">
<ele>63.4</ele>
<time>2025-09-09T04:37:35Z</time>
</trkpt>
<trkpt lat="25.279942" lon="121.526312">
<ele>65.5</ele>
<time>2025-09-09T04:37:42Z</time>
</trkpt>
<trkpt lat="25.279917" lon="121.526366">
<ele>68.3</ele>
<time>2025-09-09T04:37:48Z</time>
</trkpt>
<trkpt lat="25.279873" lon="121.526423">
<ele>67.6</ele>
<time>2025-09-09T04:37:54Z</time>
</trkpt>
<trkpt lat="25.279242" lon="121.526777">
<ele>76.6</ele>
<time>2025-09-09T04:38:47Z</time>
</trkpt>
<trkpt lat="25.279111" lon="121.52677">
<ele>76.4</ele>
<time>2025-09-09T04:38:55Z</time>
</trkpt>
<trkpt lat="25.279204" lon="121.526625">
<ele>77.1</ele>
<time>2025-09-09T04:39:06Z</time>
</trkpt>
<trkpt lat="25.279358" lon="121.526749">
<ele>74.9</ele>
<time>2025-09-09T04:39:11Z</time>
</trkpt>
<trkpt lat="25.279321" lon="121.526782">
<ele>73</ele>
<time>2025-09-09T04:39:19Z</time>
</trkpt>
<trkpt lat="25.279268" lon="121.52683">
<ele>71.8</ele>
<time>2025-09-09T04:39:25Z</time>
</trkpt>
<trkpt lat="25.279218" lon="121.526872">
<ele>72.6</ele>
<time>2025-09-09T04:39:31Z</time>
</trkpt>
<trkpt lat="25.279168" lon="121.526913">
<ele>74.5</ele>
<time>2025-09-09T04:39:37Z</time>
</trkpt>
<trkpt lat="25.279123" lon="121.526929">
<ele>72.7</ele>
<time>2025-09-09T04:39:44Z</time>
</trkpt>
<trkpt lat="25.279074" lon="121.52697">
<ele>72.9</ele>
<time>2025-09-09T04:39:50Z</time>
</trkpt>
<trkpt lat="25.279031" lon="121.527">
<ele>72</ele>
<time>2025-09-09T04:39:59Z</time>
</trkpt>
<trkpt lat="25.278978" lon="121.527049">
<ele>72.6</ele>
<time>2025-09-09T04:40:05Z</time>
</trkpt>
<trkpt lat="25.278935" lon="121.527067">
<ele>67.7</ele>
<time>2025-09-09T04:40:10Z</time>
</trkpt>
<trkpt lat="25.278891" lon="121.527085">
<ele>70.2</ele>
<time>2025-09-09T04:40:17Z</time>
</trkpt>
<trkpt lat="25.278851" lon="121.527142">
<ele>71.7</ele>
<time>2025-09-09T04:40:23Z</time>
</trkpt>
<trkpt lat="25.278801" lon="121.527178">
<ele>73.6</ele>
<time>2025-09-09T04:40:29Z</time>
</trkpt>
<trkpt lat="25.278775" lon="121.527237">
<ele>73.7</ele>
<time>2025-09-09T04:40:35Z</time>
</trkpt>
<trkpt lat="25.278718" lon="121.527265">
<ele>71.7</ele>
<time>2025-09-09T04:40:41Z</time>
</trkpt>
<trkpt lat="25.278675" lon="121.527298">
<ele>72.3</ele>
<time>2025-09-09T04:40:47Z</time>
</trkpt>
<trkpt lat="25.278615" lon="121.527315">
<ele>72.6</ele>
<time>2025-09-09T04:40:53Z</time>
</trkpt>
<trkpt lat="25.278566" lon="121.527297">
<ele>72.6</ele>
<time>2025-09-09T04:40:59Z</time>
</trkpt>
<trkpt lat="25.278514" lon="121.527297">
<ele>73.1</ele>
<time>2025-09-09T04:41:05Z</time>
</trkpt>
<trkpt lat="25.278451" lon="121.527295">
<ele>75.2</ele>
<time>2025-09-09T04:41:11Z</time>
</trkpt>
<trkpt lat="25.278404" lon="121.527263">
<ele>74.6</ele>
<time>2025-09-09T04:41:17Z</time>
</trkpt>
<trkpt lat="25.278354" lon="121.527258">
<ele>75.4</ele>
<time>2025-09-09T04:41:24Z</time>
</trkpt>
<trkpt lat="25.278307" lon="121.527244">
<ele>76</ele>
<time>2025-09-09T04:41:29Z</time>
</trkpt>
<trkpt lat="25.278264" lon="121.527226">
<ele>77.2</ele>
<time>2025-09-09T04:41:36Z</time>
</trkpt>
<trkpt lat="25.278218" lon="121.527203">
<ele>77.7</ele>
<time>2025-09-09T04:41:43Z</time>
</trkpt>
<trkpt lat="25.278163" lon="121.52719">
<ele>78.6</ele>
<time>2025-09-09T04:41:49Z</time>
</trkpt>
<trkpt lat="25.278116" lon="121.527179">
<ele>76.3</ele>
<time>2025-09-09T04:42:00Z</time>
</trkpt>
<trkpt lat="25.278062" lon="121.52716">
<ele>77.8</ele>
<time>2025-09-09T04:42:06Z</time>
</trkpt>
<trkpt lat="25.278035" lon="121.527115">
<ele>78.5</ele>
<time>2025-09-09T04:42:16Z</time>
</trkpt>
<trkpt lat="25.278011" lon="121.527069">
<ele>78.3</ele>
<time>2025-09-09T04:42:31Z</time>
</trkpt>
<trkpt lat="25.278029" lon="121.527014">
<ele>75.7</ele>
<time>2025-09-09T04:43:09Z</time>
</trkpt>
<trkpt lat="25.27806" lon="121.526946">
<ele>77.1</ele>
<time>2025-09-09T04:43:15Z</time>
</trkpt>
<trkpt lat="25.278085" lon="121.52687">
<ele>77.6</ele>
<time>2025-09-09T04:43:21Z</time>
</trkpt>
<trkpt lat="25.278085" lon="121.526788">
<ele>77.6</ele>
<time>2025-09-09T04:43:27Z</time>
</trkpt>
<trkpt lat="25.278098" lon="121.526736">
<ele>78.1</ele>
<time>2025-09-09T04:43:32Z</time>
</trkpt>
<trkpt lat="25.278102" lon="121.52665">
<ele>79.4</ele>
<time>2025-09-09T04:43:38Z</time>
</trkpt>
<trkpt lat="25.278089" lon="121.52659">
<ele>79.5</ele>
<time>2025-09-09T04:43:44Z</time>
</trkpt>
<trkpt lat="25.278097" lon="121.526515">
<ele>79.5</ele>
<time>2025-09-09T04:43:50Z</time>
</trkpt>
<trkpt lat="25.278138" lon="121.526484">
<ele>79</ele>
<time>2025-09-09T04:43:56Z</time>
</trkpt>
<trkpt lat="25.278164" lon="121.526424">
<ele>77.2</ele>
<time>2025-09-09T04:44:02Z</time>
</trkpt>
<trkpt lat="25.278186" lon="121.52637">
<ele>77.9</ele>
<time>2025-09-09T04:44:08Z</time>
</trkpt>
<trkpt lat="25.278219" lon="121.526323">
<ele>77.7</ele>
<time>2025-09-09T04:44:14Z</time>
</trkpt>
<trkpt lat="25.278245" lon="121.526261">
<ele>77.5</ele>
<time>2025-09-09T04:44:19Z</time>
</trkpt>
<trkpt lat="25.278272" lon="121.526204">
<ele>77.6</ele>
<time>2025-09-09T04:44:25Z</time>
</trkpt>
<trkpt lat="25.2783" lon="121.526142">
<ele>76.6</ele>
<time>2025-09-09T04:44:31Z</time>
</trkpt>
<trkpt lat="25.278318" lon="121.52608">
<ele>77.5</ele>
<time>2025-09-09T04:44:37Z</time>
</trkpt>
<trkpt lat="25.278336" lon="121.526014">
<ele>77.3</ele>
<time>2025-09-09T04:44:43Z</time>
</trkpt>
<trkpt lat="25.278342" lon="121.525948">
<ele>78.4</ele>
<time>2025-09-09T04:44:49Z</time>
</trkpt>
<trkpt lat="25.278347" lon="121.525887">
<ele>78.4</ele>
<time>2025-09-09T04:44:55Z</time>
</trkpt>
<trkpt lat="25.27837" lon="121.525844">
<ele>77.8</ele>
<time>2025-09-09T04:45:10Z</time>
</trkpt>
<trkpt lat="25.278327" lon="121.525866">
<ele>77.5</ele>
<time>2025-09-09T04:45:39Z</time>
</trkpt>
<trkpt lat="25.278364" lon="121.525833">
<ele>77.6</ele>
<time>2025-09-09T04:47:00Z</time>
</trkpt>
<trkpt lat="25.278396" lon="121.525797">
<ele>74.7</ele>
<time>2025-09-09T04:48:25Z</time>
</trkpt>
<trkpt lat="25.278387" lon="121.52573">
<ele>75.5</ele>
<time>2025-09-09T04:48:31Z</time>
</trkpt>
<trkpt lat="25.278333" lon="121.525725">
<ele>73.9</ele>
<time>2025-09-09T04:48:51Z</time>
</trkpt>
<trkpt lat="25.278383" lon="121.525751">
<ele>75.5</ele>
<time>2025-09-09T04:49:15Z</time>
</trkpt>
<trkpt lat="25.278381" lon="121.525697">
<ele>74.5</ele>
<time>2025-09-09T04:49:36Z</time>
</trkpt>
<trkpt lat="25.278346" lon="121.525631">
<ele>74.3</ele>
<time>2025-09-09T04:49:43Z</time>
</trkpt>
<trkpt lat="25.278287" lon="121.525592">
<ele>72.9</ele>
<time>2025-09-09T04:49:49Z</time>
</trkpt>
<trkpt lat="25.278271" lon="121.525518">
<ele>73.7</ele>
<time>2025-09-09T04:49:55Z</time>
</trkpt>
<trkpt lat="25.278318" lon="121.525507">
<ele>72</ele>
<time>2025-09-09T04:50:07Z</time>
</trkpt>
<trkpt lat="25.278273" lon="121.5255">
<ele>68</ele>
<time>2025-09-09T04:50:35Z</time>
</trkpt>
<trkpt lat="25.278229" lon="121.52547">
<ele>71.1</ele>
<time>2025-09-09T04:50:51Z</time>
</trkpt>
<trkpt lat="25.278193" lon="121.525427">
<ele>71.5</ele>
<time>2025-09-09T04:51:00Z</time>
</trkpt>
<trkpt lat="25.278146" lon="121.525444">
<ele>70</ele>
<time>2025-09-09T04:51:12Z</time>
</trkpt>
<trkpt lat="25.278143" lon="121.525496">
<ele>69.7</ele>
<time>2025-09-09T04:51:47Z</time>
</trkpt>
<trkpt lat="25.278107" lon="121.525464">
<ele>66.2</ele>
<time>2025-09-09T04:53:22Z</time>
</trkpt>
<trkpt lat="25.278125" lon="121.52541">
<ele>68.2</ele>
<time>2025-09-09T04:53:29Z</time>
</trkpt>
<trkpt lat="25.278078" lon="121.525428">
<ele>63.1</ele>
<time>2025-09-09T04:55:35Z</time>
</trkpt>
<trkpt lat="25.278091" lon="121.525476">
<ele>63.4</ele>
<time>2025-09-09T04:55:49Z</time>
</trkpt>
<trkpt lat="25.278128" lon="121.525513">
<ele>65.4</ele>
<time>2025-09-09T04:55:58Z</time>
</trkpt>
<trkpt lat="25.27809" lon="121.525541">
<ele>64.6</ele>
<time>2025-09-09T04:56:04Z</time>
</trkpt>
<trkpt lat="25.278043" lon="121.525547">
<ele>69</ele>
<time>2025-09-09T04:56:31Z</time>
</trkpt>
<trkpt lat="25.277995" lon="121.52553">
<ele>69.4</ele>
<time>2025-09-09T04:56:42Z</time>
</trkpt>
<trkpt lat="25.277948" lon="121.525518">
<ele>71.3</ele>
<time>2025-09-09T04:57:11Z</time>
</trkpt>
<trkpt lat="25.277902" lon="121.525496">
<ele>71.3</ele>
<time>2025-09-09T04:57:23Z</time>
</trkpt>
<trkpt lat="25.277858" lon="121.525509">
<ele>71.4</ele>
<time>2025-09-09T04:57:30Z</time>
</trkpt>
<trkpt lat="25.277808" lon="121.525509">
<ele>71.6</ele>
<time>2025-09-09T04:57:40Z</time>
</trkpt>
<trkpt lat="25.277758" lon="121.52551">
<ele>71.7</ele>
<time>2025-09-09T04:57:47Z</time>
</trkpt>
<trkpt lat="25.277711" lon="121.525502">
<ele>73.1</ele>
<time>2025-09-09T04:57:57Z</time>
</trkpt>
<trkpt lat="25.277658" lon="121.525502">
<ele>71.3</ele>
<time>2025-09-09T04:58:03Z</time>
</trkpt>
<trkpt lat="25.277612" lon="121.52551">
<ele>74.6</ele>
<time>2025-09-09T04:58:12Z</time>
</trkpt>
<trkpt lat="25.277564" lon="121.525532">
<ele>70.9</ele>
<time>2025-09-09T04:58:36Z</time>
</trkpt>
<trkpt lat="25.277519" lon="121.525543">
<ele>71.7</ele>
<time>2025-09-09T04:58:45Z</time>
</trkpt>
<trkpt lat="25.277502" lon="121.525488">
<ele>71.3</ele>
<time>2025-09-09T04:58:51Z</time>
</trkpt>
<trkpt lat="25.277549" lon="121.525467">
<ele>70.6</ele>
<time>2025-09-09T04:58:58Z</time>
</trkpt>
<trkpt lat="25.277625" lon="121.525454">
<ele>66.3</ele>
<time>2025-09-09T04:59:04Z</time>
</trkpt>
<trkpt lat="25.27768" lon="121.5254">
<ele>66</ele>
<time>2025-09-09T04:59:10Z</time>
</trkpt>
<trkpt lat="25.277716" lon="121.525347">
<ele>64.7</ele>
<time>2025-09-09T04:59:16Z</time>
</trkpt>
<trkpt lat="25.277761" lon="121.525321">
<ele>63</ele>
<time>2025-09-09T04:59:24Z</time>
</trkpt>
<trkpt lat="25.277788" lon="121.525275">
<ele>64.4</ele>
<time>2025-09-09T04:59:30Z</time>
</trkpt>
<trkpt lat="25.277853" lon="121.525293">
<ele>67.6</ele>
<time>2025-09-09T04:59:36Z</time>
</trkpt>
<trkpt lat="25.277897" lon="121.525263">
<ele>69.8</ele>
<time>2025-09-09T04:59:42Z</time>
</trkpt>
<trkpt lat="25.277965" lon="121.525223">
<ele>66.3</ele>
<time>2025-09-09T04:59:48Z</time>
</trkpt>
<trkpt lat="25.278015" lon="121.525183">
<ele>65.1</ele>
<time>2025-09-09T04:59:56Z</time>
</trkpt>
<trkpt lat="25.278061" lon="121.525155">
<ele>66.2</ele>
<time>2025-09-09T05:00:05Z</time>
</trkpt>
<trkpt lat="25.278109" lon="121.525122">
<ele>66.5</ele>
<time>2025-09-09T05:00:13Z</time>
</trkpt>
<trkpt lat="25.278159" lon="121.525092">
<ele>64.9</ele>
<time>2025-09-09T05:00:19Z</time>
</trkpt>
<trkpt lat="25.278201" lon="121.525059">
<ele>64.8</ele>
<time>2025-09-09T05:00:25Z</time>
</trkpt>
<trkpt lat="25.278255" lon="121.525046">
<ele>65.6</ele>
<time>2025-09-09T05:00:34Z</time>
</trkpt>
<trkpt lat="25.278305" lon="121.525031">
<ele>64.9</ele>
<time>2025-09-09T05:00:40Z</time>
</trkpt>
<trkpt lat="25.278354" lon="121.525045">
<ele>65</ele>
<time>2025-09-09T05:01:04Z</time>
</trkpt>
<trkpt lat="25.278388" lon="121.524977">
<ele>63.4</ele>
<time>2025-09-09T05:01:25Z</time>
</trkpt>
<trkpt lat="25.278451" lon="121.52487">
<ele>63</ele>
<time>2025-09-09T05:01:31Z</time>
</trkpt>
<trkpt lat="25.278399" lon="121.524878">
<ele>65.7</ele>
<time>2025-09-09T05:01:37Z</time>
</trkpt>
<trkpt lat="25.278384" lon="121.524926">
<ele>67.7</ele>
<time>2025-09-09T05:01:52Z</time>
</trkpt>
<trkpt lat="25.278343" lon="121.524895">
<ele>66.8</ele>
<time>2025-09-09T05:01:59Z</time>
</trkpt>
<trkpt lat="25.27836" lon="121.524843">
<ele>69.4</ele>
<time>2025-09-09T05:02:05Z</time>
</trkpt>
<trkpt lat="25.278404" lon="121.524795">
<ele>72.6</ele>
<time>2025-09-09T05:02:16Z</time>
</trkpt>
<trkpt lat="25.278395" lon="121.524845">
<ele>73</ele>
<time>2025-09-09T05:02:23Z</time>
</trkpt>
<trkpt lat="25.278399" lon="121.524778">
<ele>67.4</ele>
<time>2025-09-09T05:02:55Z</time>
</trkpt>
<trkpt lat="25.278441" lon="121.524731">
<ele>65.6</ele>
<time>2025-09-09T05:03:02Z</time>
</trkpt>
<trkpt lat="25.27843" lon="121.524789">
<ele>63.5</ele>
<time>2025-09-09T05:03:09Z</time>
</trkpt>
<trkpt lat="25.278504" lon="121.524748">
<ele>64.1</ele>
<time>2025-09-09T05:03:14Z</time>
</trkpt>
<trkpt lat="25.278546" lon="121.524712">
<ele>65.4</ele>
<time>2025-09-09T05:03:24Z</time>
</trkpt>
<trkpt lat="25.278584" lon="121.52468">
<ele>66.7</ele>
<time>2025-09-09T05:03:30Z</time>
</trkpt>
<trkpt lat="25.278624" lon="121.524642">
<ele>66.7</ele>
<time>2025-09-09T05:03:39Z</time>
</trkpt>
<trkpt lat="25.278621" lon="121.524587">
<ele>65</ele>
<time>2025-09-09T05:04:01Z</time>
</trkpt>
<trkpt lat="25.278664" lon="121.52455">
<ele>66</ele>
<time>2025-09-09T05:04:08Z</time>
</trkpt>
<trkpt lat="25.278703" lon="121.524523">
<ele>57.9</ele>
<time>2025-09-09T05:04:32Z</time>
</trkpt>
<trkpt lat="25.278711" lon="121.524474">
<ele>60.9</ele>
<time>2025-09-09T05:04:39Z</time>
</trkpt>
<trkpt lat="25.278741" lon="121.524516">
<ele>62</ele>
<time>2025-09-09T05:04:47Z</time>
</trkpt>
<trkpt lat="25.27877" lon="121.524476">
<ele>61.3</ele>
<time>2025-09-09T05:05:27Z</time>
</trkpt>
<trkpt lat="25.278786" lon="121.524532">
<ele>63.2</ele>
<time>2025-09-09T05:05:50Z</time>
</trkpt>
<trkpt lat="25.278839" lon="121.524532">
<ele>61</ele>
<time>2025-09-09T05:05:56Z</time>
</trkpt>
<trkpt lat="25.278895" lon="121.52453">
<ele>61.1</ele>
<time>2025-09-09T05:06:06Z</time>
</trkpt>
<trkpt lat="25.278941" lon="121.52456">
<ele>58.1</ele>
<time>2025-09-09T05:06:13Z</time>
</trkpt>
<trkpt lat="25.278976" lon="121.524614">
<ele>59.7</ele>
<time>2025-09-09T05:06:19Z</time>
</trkpt>
<trkpt lat="25.279035" lon="121.524618">
<ele>60.3</ele>
<time>2025-09-09T05:06:25Z</time>
</trkpt>
<trkpt lat="25.279061" lon="121.524561">
<ele>59.9</ele>
<time>2025-09-09T05:06:32Z</time>
</trkpt>
<trkpt lat="25.279102" lon="121.524537">
<ele>58.5</ele>
<time>2025-09-09T05:06:40Z</time>
</trkpt>
<trkpt lat="25.279134" lon="121.524575">
<ele>63.3</ele>
<time>2025-09-09T05:06:57Z</time>
</trkpt>
<trkpt lat="25.279188" lon="121.524545">
<ele>64.8</ele>
<time>2025-09-09T05:07:05Z</time>
</trkpt>
<trkpt lat="25.27924" lon="121.524543">
<ele>61.2</ele>
<time>2025-09-09T05:07:16Z</time>
</trkpt>
<trkpt lat="25.279291" lon="121.524514">
<ele>63.1</ele>
<time>2025-09-09T05:07:24Z</time>
</trkpt>
<trkpt lat="25.279335" lon="121.524474">
<ele>61</ele>
<time>2025-09-09T05:07:30Z</time>
</trkpt>
<trkpt lat="25.279352" lon="121.524417">
<ele>60.2</ele>
<time>2025-09-09T05:07:38Z</time>
</trkpt>
<trkpt lat="25.279407" lon="121.524411">
<ele>59.3</ele>
<time>2025-09-09T05:07:44Z</time>
</trkpt>
<trkpt lat="25.279369" lon="121.524363">
<ele>56.7</ele>
<time>2025-09-09T05:08:24Z</time>
</trkpt>
<trkpt lat="25.27942" lon="121.524365">
<ele>56.3</ele>
<time>2025-09-09T05:08:46Z</time>
</trkpt>
<trkpt lat="25.279466" lon="121.524373">
<ele>57.4</ele>
<time>2025-09-09T05:08:53Z</time>
</trkpt>
<trkpt lat="25.279512" lon="121.524326">
<ele>57.2</ele>
<time>2025-09-09T05:08:59Z</time>
</trkpt>
<trkpt lat="25.279561" lon="121.524322">
<ele>56.5</ele>
<time>2025-09-09T05:09:07Z</time>
</trkpt>
<trkpt lat="25.279613" lon="121.524332">
<ele>57.1</ele>
<time>2025-09-09T05:09:17Z</time>
</trkpt>
<trkpt lat="25.279657" lon="121.52431">
<ele>56.1</ele>
<time>2025-09-09T05:09:28Z</time>
</trkpt>
<trkpt lat="25.279702" lon="121.524315">
<ele>56.5</ele>
<time>2025-09-09T05:09:38Z</time>
</trkpt>
<trkpt lat="25.279743" lon="121.524343">
<ele>56.6</ele>
<time>2025-09-09T05:09:48Z</time>
</trkpt>
<trkpt lat="25.279799" lon="121.524314">
<ele>56.2</ele>
<time>2025-09-09T05:09:58Z</time>
</trkpt>
<trkpt lat="25.279857" lon="121.524309">
<ele>52.6</ele>
<time>2025-09-09T05:10:09Z</time>
</trkpt>
<trkpt lat="25.279886" lon="121.524264">
<ele>56.3</ele>
<time>2025-09-09T05:10:22Z</time>
</trkpt>
<trkpt lat="25.279918" lon="121.524228">
<ele>52.9</ele>
<time>2025-09-09T05:10:33Z</time>
</trkpt>
<trkpt lat="25.279949" lon="121.524136">
<ele>55.7</ele>
<time>2025-09-09T05:10:39Z</time>
</trkpt>
<trkpt lat="25.279907" lon="121.524089">
<ele>51.6</ele>
<time>2025-09-09T05:10:45Z</time>
</trkpt>
<trkpt lat="25.279938" lon="121.524051">
<ele>53.4</ele>
<time>2025-09-09T05:11:00Z</time>
</trkpt>
<trkpt lat="25.279988" lon="121.524057">
<ele>52.5</ele>
<time>2025-09-09T05:11:07Z</time>
</trkpt>
<trkpt lat="25.279946" lon="121.524021">
<ele>53.8</ele>
<time>2025-09-09T05:11:16Z</time>
</trkpt>
<trkpt lat="25.279938" lon="121.523967">
<ele>51.6</ele>
<time>2025-09-09T05:11:27Z</time>
</trkpt>
<trkpt lat="25.279964" lon="121.52392">
<ele>53.3</ele>
<time>2025-09-09T05:11:38Z</time>
</trkpt>
<trkpt lat="25.28" lon="121.523886">
<ele>54.3</ele>
<time>2025-09-09T05:11:50Z</time>
</trkpt>
<trkpt lat="25.280043" lon="121.523913">
<ele>53.8</ele>
<time>2025-09-09T05:12:05Z</time>
</trkpt>
<trkpt lat="25.280087" lon="121.523876">
<ele>53.2</ele>
<time>2025-09-09T05:12:15Z</time>
</trkpt>
<trkpt lat="25.280036" lon="121.523925">
<ele>53.3</ele>
<time>2025-09-09T05:12:21Z</time>
</trkpt>
<trkpt lat="25.280038" lon="121.523863">
<ele>50.5</ele>
<time>2025-09-09T05:12:39Z</time>
</trkpt>
<trkpt lat="25.280086" lon="121.523888">
<ele>52</ele>
<time>2025-09-09T05:12:49Z</time>
</trkpt>
<trkpt lat="25.280129" lon="121.523926">
<ele>50.5</ele>
<time>2025-09-09T05:12:55Z</time>
</trkpt>
<trkpt lat="25.280111" lon="121.523876">
<ele>52.5</ele>
<time>2025-09-09T05:13:10Z</time>
</trkpt>
<trkpt lat="25.280153" lon="121.523841">
<ele>51.6</ele>
<time>2025-09-09T05:13:22Z</time>
</trkpt>
<trkpt lat="25.280203" lon="121.523831">
<ele>50.8</ele>
<time>2025-09-09T05:13:35Z</time>
</trkpt>
<trkpt lat="25.280243" lon="121.523788">
<ele>49.5</ele>
<time>2025-09-09T05:14:11Z</time>
</trkpt>
<trkpt lat="25.280249" lon="121.52384">
<ele>50.4</ele>
<time>2025-09-09T05:14:19Z</time>
</trkpt>
<trkpt lat="25.280255" lon="121.523895">
<ele>48.8</ele>
<time>2025-09-09T05:14:42Z</time>
</trkpt>
<trkpt lat="25.280272" lon="121.523835">
<ele>50.3</ele>
<time>2025-09-09T05:14:55Z</time>
</trkpt>
<trkpt lat="25.280264" lon="121.523894">
<ele>49.5</ele>
<time>2025-09-09T05:15:01Z</time>
</trkpt>
<trkpt lat="25.280264" lon="121.523948">
<ele>52.7</ele>
<time>2025-09-09T05:15:10Z</time>
</trkpt>
<trkpt lat="25.280226" lon="121.523978">
<ele>53</ele>
<time>2025-09-09T05:15:40Z</time>
</trkpt>
<trkpt lat="25.280247" lon="121.52403">
<ele>51.9</ele>
<time>2025-09-09T05:15:49Z</time>
</trkpt>
<trkpt lat="25.280285" lon="121.523997">
<ele>51.9</ele>
<time>2025-09-09T05:17:52Z</time>
</trkpt>
<trkpt lat="25.280326" lon="121.523971">
<ele>50.1</ele>
<time>2025-09-09T05:18:08Z</time>
</trkpt>
<trkpt lat="25.280375" lon="121.523937">
<ele>51.4</ele>
<time>2025-09-09T05:18:17Z</time>
</trkpt>
<trkpt lat="25.28035" lon="121.52389">
<ele>49.2</ele>
<time>2025-09-09T05:18:31Z</time>
</trkpt>
<trkpt lat="25.280329" lon="121.523833">
<ele>47.5</ele>
<time>2025-09-09T05:18:41Z</time>
</trkpt>
<trkpt lat="25.280372" lon="121.523816">
<ele>49.1</ele>
<time>2025-09-09T05:18:49Z</time>
</trkpt>
<trkpt lat="25.280371" lon="121.52376">
<ele>47.9</ele>
<time>2025-09-09T05:19:20Z</time>
</trkpt>
<trkpt lat="25.280369" lon="121.523708">
<ele>49.4</ele>
<time>2025-09-09T05:19:28Z</time>
</trkpt>
<trkpt lat="25.280415" lon="121.52371">
<ele>46.7</ele>
<time>2025-09-09T05:19:58Z</time>
</trkpt>
<trkpt lat="25.280373" lon="121.523691">
<ele>48.2</ele>
<time>2025-09-09T05:22:50Z</time>
</trkpt>
<trkpt lat="25.280434" lon="121.523722">
<ele>48.4</ele>
<time>2025-09-09T05:27:05Z</time>
</trkpt>
<trkpt lat="25.280404" lon="121.523643">
<ele>48.7</ele>
<time>2025-09-09T05:27:11Z</time>
</trkpt>
<trkpt lat="25.2804" lon="121.523697">
<ele>49.9</ele>
<time>2025-09-09T05:27:46Z</time>
</trkpt>
<trkpt lat="25.280445" lon="121.523709">
<ele>50.5</ele>
<time>2025-09-09T05:28:13Z</time>
</trkpt>
<trkpt lat="25.28044" lon="121.523656">
<ele>54.2</ele>
<time>2025-09-09T05:28:18Z</time>
</trkpt>
<trkpt lat="25.280392" lon="121.523622">
<ele>52.5</ele>
<time>2025-09-09T05:28:24Z</time>
</trkpt>
<trkpt lat="25.280411" lon="121.523544">
<ele>47.5</ele>
<time>2025-09-09T05:28:33Z</time>
</trkpt>
<trkpt lat="25.280419" lon="121.523462">
<ele>48.1</ele>
<time>2025-09-09T05:28:39Z</time>
</trkpt>
<trkpt lat="25.280467" lon="121.523449">
<ele>44.8</ele>
<time>2025-09-09T05:28:45Z</time>
</trkpt>
<trkpt lat="25.280469" lon="121.523385">
<ele>41.1</ele>
<time>2025-09-09T05:28:54Z</time>
</trkpt>
<trkpt lat="25.280514" lon="121.523384">
<ele>41.1</ele>
<time>2025-09-09T05:29:01Z</time>
</trkpt>
<trkpt lat="25.280559" lon="121.523349">
<ele>40</ele>
<time>2025-09-09T05:29:08Z</time>
</trkpt>
<trkpt lat="25.280579" lon="121.523272">
<ele>38</ele>
<time>2025-09-09T05:29:14Z</time>
</trkpt>
<trkpt lat="25.280615" lon="121.523197">
<ele>37.6</ele>
<time>2025-09-09T05:29:20Z</time>
</trkpt>
<trkpt lat="25.280685" lon="121.523145">
<ele>40.7</ele>
<time>2025-09-09T05:29:26Z</time>
</trkpt>
<trkpt lat="25.280732" lon="121.523095">
<ele>40.1</ele>
<time>2025-09-09T05:29:32Z</time>
</trkpt>
<trkpt lat="25.280747" lon="121.523045">
<ele>35.7</ele>
<time>2025-09-09T05:29:38Z</time>
</trkpt>
<trkpt lat="25.280706" lon="121.523016">
<ele>40.2</ele>
<time>2025-09-09T05:31:02Z</time>
</trkpt>
<trkpt lat="25.280659" lon="121.522988">
<ele>41.7</ele>
<time>2025-09-09T05:31:08Z</time>
</trkpt>
<trkpt lat="25.280603" lon="121.522961">
<ele>44.8</ele>
<time>2025-09-09T05:31:14Z</time>
</trkpt>
<trkpt lat="25.280547" lon="121.522944">
<ele>47.8</ele>
<time>2025-09-09T05:31:20Z</time>
</trkpt>
<trkpt lat="25.280501" lon="121.522961">
<ele>47.1</ele>
<time>2025-09-09T05:31:26Z</time>
</trkpt>
<trkpt lat="25.280453" lon="121.522983">
<ele>47.8</ele>
<time>2025-09-09T05:31:32Z</time>
</trkpt>
<trkpt lat="25.280414" lon="121.523025">
<ele>45.9</ele>
<time>2025-09-09T05:31:38Z</time>
</trkpt>
<trkpt lat="25.280366" lon="121.523004">
<ele>43</ele>
<time>2025-09-09T05:31:45Z</time>
</trkpt>
<trkpt lat="25.28031" lon="121.522974">
<ele>44.1</ele>
<time>2025-09-09T05:31:50Z</time>
</trkpt>
<trkpt lat="25.280266" lon="121.522939">
<ele>39.4</ele>
<time>2025-09-09T05:31:57Z</time>
</trkpt>
<trkpt lat="25.280219" lon="121.522907">
<ele>42.1</ele>
<time>2025-09-09T05:32:04Z</time>
</trkpt>
<trkpt lat="25.280178" lon="121.522868">
<ele>43.7</ele>
<time>2025-09-09T05:32:10Z</time>
</trkpt>
<trkpt lat="25.280163" lon="121.52282">
<ele>46</ele>
<time>2025-09-09T05:32:17Z</time>
</trkpt>
<trkpt lat="25.280128" lon="121.522786">
<ele>44.6</ele>
<time>2025-09-09T05:32:23Z</time>
</trkpt>
<trkpt lat="25.280095" lon="121.522752">
<ele>44.3</ele>
<time>2025-09-09T05:32:29Z</time>
</trkpt>
<trkpt lat="25.280045" lon="121.522732">
<ele>40.6</ele>
<time>2025-09-09T05:33:02Z</time>
</trkpt>
<trkpt lat="25.279982" lon="121.52272">
<ele>41.6</ele>
<time>2025-09-09T05:33:08Z</time>
</trkpt>
<trkpt lat="25.27993" lon="121.522709">
<ele>41</ele>
<time>2025-09-09T05:33:14Z</time>
</trkpt>
<trkpt lat="25.279884" lon="121.52268">
<ele>41.6</ele>
<time>2025-09-09T05:33:20Z</time>
</trkpt>
<trkpt lat="25.279815" lon="121.52267">
<ele>45.1</ele>
<time>2025-09-09T05:33:26Z</time>
</trkpt>
<trkpt lat="25.279761" lon="121.522695">
<ele>44.1</ele>
<time>2025-09-09T05:33:32Z</time>
</trkpt>
<trkpt lat="25.279707" lon="121.522707">
<ele>44.4</ele>
<time>2025-09-09T05:33:38Z</time>
</trkpt>
<trkpt lat="25.279665" lon="121.522678">
<ele>40.9</ele>
<time>2025-09-09T05:33:44Z</time>
</trkpt>
<trkpt lat="25.279626" lon="121.522641">
<ele>41.8</ele>
<time>2025-09-09T05:33:50Z</time>
</trkpt>
<trkpt lat="25.279594" lon="121.522595">
<ele>41.8</ele>
<time>2025-09-09T05:33:55Z</time>
</trkpt>
<trkpt lat="25.279542" lon="121.522559">
<ele>42</ele>
<time>2025-09-09T05:34:00Z</time>
</trkpt>
<trkpt lat="25.279511" lon="121.522496">
<ele>41.5</ele>
<time>2025-09-09T05:34:06Z</time>
</trkpt>
<trkpt lat="25.279465" lon="121.522464">
<ele>42.3</ele>
<time>2025-09-09T05:34:12Z</time>
</trkpt>
<trkpt lat="25.279408" lon="121.522449">
<ele>42.6</ele>
<time>2025-09-09T05:34:18Z</time>
</trkpt>
<trkpt lat="25.279351" lon="121.522405">
<ele>43.9</ele>
<time>2025-09-09T05:34:24Z</time>
</trkpt>
<trkpt lat="25.279298" lon="121.522373">
<ele>45.1</ele>
<time>2025-09-09T05:34:30Z</time>
</trkpt>
<trkpt lat="25.279247" lon="121.522339">
<ele>44.8</ele>
<time>2025-09-09T05:34:36Z</time>
</trkpt>
<trkpt lat="25.279189" lon="121.522331">
<ele>43.7</ele>
<time>2025-09-09T05:34:41Z</time>
</trkpt>
<trkpt lat="25.27912" lon="121.52232">
<ele>43.3</ele>
<time>2025-09-09T05:34:49Z</time>
</trkpt>
<trkpt lat="25.279083" lon="121.522349">
<ele>43.1</ele>
<time>2025-09-09T05:34:58Z</time>
</trkpt>
<trkpt lat="25.279057" lon="121.522401">
<ele>45.6</ele>
<time>2025-09-09T05:35:06Z</time>
</trkpt>
<trkpt lat="25.279005" lon="121.522388">
<ele>47.2</ele>
<time>2025-09-09T05:35:30Z</time>
</trkpt>
<trkpt lat="25.278989" lon="121.522435">
<ele>48.3</ele>
<time>2025-09-09T05:35:41Z</time>
</trkpt>
<trkpt lat="25.278936" lon="121.522408">
<ele>51.3</ele>
<time>2025-09-09T05:35:51Z</time>
</trkpt>
<trkpt lat="25.278889" lon="121.522414">
<ele>51.1</ele>
<time>2025-09-09T05:35:58Z</time>
</trkpt>
<trkpt lat="25.278935" lon="121.522365">
<ele>47</ele>
<time>2025-09-09T05:36:05Z</time>
</trkpt>
<trkpt lat="25.278969" lon="121.522413">
<ele>49.4</ele>
<time>2025-09-09T05:36:12Z</time>
</trkpt>
<trkpt lat="25.278924" lon="121.522327">
<ele>40.8</ele>
<time>2025-09-09T05:36:18Z</time>
</trkpt>
<trkpt lat="25.278878" lon="121.522313">
<ele>46</ele>
<time>2025-09-09T05:36:24Z</time>
</trkpt>
<trkpt lat="25.278855" lon="121.522372">
<ele>47.6</ele>
<time>2025-09-09T05:36:30Z</time>
</trkpt>
<trkpt lat="25.278858" lon="121.522314">
<ele>49.1</ele>
<time>2025-09-09T05:36:38Z</time>
</trkpt>
<trkpt lat="25.278869" lon="121.522382">
<ele>46.2</ele>
<time>2025-09-09T05:36:44Z</time>
</trkpt>
<trkpt lat="25.27881" lon="121.522446">
<ele>49.6</ele>
<time>2025-09-09T05:36:50Z</time>
</trkpt>
<trkpt lat="25.278765" lon="121.522478">
<ele>48.3</ele>
<time>2025-09-09T05:36:57Z</time>
</trkpt>
<trkpt lat="25.278748" lon="121.522534">
<ele>47.8</ele>
<time>2025-09-09T05:37:08Z</time>
</trkpt>
<trkpt lat="25.278699" lon="121.522526">
<ele>53.4</ele>
<time>2025-09-09T05:37:27Z</time>
</trkpt>
<trkpt lat="25.278684" lon="121.522574">
<ele>54.1</ele>
<time>2025-09-09T05:37:34Z</time>
</trkpt>
<trkpt lat="25.278698" lon="121.522641">
<ele>52</ele>
<time>2025-09-09T05:37:40Z</time>
</trkpt>
<trkpt lat="25.27869" lon="121.522699">
<ele>52.6</ele>
<time>2025-09-09T05:37:46Z</time>
</trkpt>
<trkpt lat="25.278651" lon="121.522736">
<ele>54.6</ele>
<time>2025-09-09T05:37:52Z</time>
</trkpt>
<trkpt lat="25.278612" lon="121.522793">
<ele>53.1</ele>
<time>2025-09-09T05:37:58Z</time>
</trkpt>
<trkpt lat="25.278579" lon="121.522836">
<ele>54.7</ele>
<time>2025-09-09T05:38:04Z</time>
</trkpt>
<trkpt lat="25.278596" lon="121.522893">
<ele>55.9</ele>
<time>2025-09-09T05:38:12Z</time>
</trkpt>
<trkpt lat="25.278555" lon="121.522917">
<ele>57</ele>
<time>2025-09-09T05:38:17Z</time>
</trkpt>
<trkpt lat="25.278513" lon="121.522944">
<ele>59.5</ele>
<time>2025-09-09T05:38:27Z</time>
</trkpt>
<trkpt lat="25.278526" lon="121.522879">
<ele>65.5</ele>
<time>2025-09-09T05:38:39Z</time>
</trkpt>
<trkpt lat="25.278547" lon="121.522835">
<ele>62.2</ele>
<time>2025-09-09T05:38:45Z</time>
</trkpt>
<trkpt lat="25.278504" lon="121.522808">
<ele>60.3</ele>
<time>2025-09-09T05:38:54Z</time>
</trkpt>
<trkpt lat="25.278489" lon="121.522864">
<ele>58.7</ele>
<time>2025-09-09T05:39:00Z</time>
</trkpt>
<trkpt lat="25.278532" lon="121.522849">
<ele>58.9</ele>
<time>2025-09-09T05:39:25Z</time>
</trkpt>
<trkpt lat="25.278542" lon="121.52279">
<ele>61.2</ele>
<time>2025-09-09T05:39:39Z</time>
</trkpt>
<trkpt lat="25.278485" lon="121.522778">
<ele>58.5</ele>
<time>2025-09-09T05:39:54Z</time>
</trkpt>
<trkpt lat="25.278438" lon="121.52277">
<ele>58.9</ele>
<time>2025-09-09T05:40:04Z</time>
</trkpt>
<trkpt lat="25.278439" lon="121.522719">
<ele>58.8</ele>
<time>2025-09-09T05:40:16Z</time>
</trkpt>
<trkpt lat="25.278384" lon="121.522745">
<ele>54.5</ele>
<time>2025-09-09T05:40:37Z</time>
</trkpt>
<trkpt lat="25.278426" lon="121.522723">
<ele>55.9</ele>
<time>2025-09-09T05:40:42Z</time>
</trkpt>
<trkpt lat="25.278473" lon="121.522729">
<ele>56.3</ele>
<time>2025-09-09T05:40:49Z</time>
</trkpt>
<trkpt lat="25.27849" lon="121.522848">
<ele>56.6</ele>
<time>2025-09-09T05:40:55Z</time>
</trkpt>
<trkpt lat="25.278447" lon="121.522808">
<ele>60</ele>
<time>2025-09-09T05:41:10Z</time>
</trkpt>
<trkpt lat="25.2784" lon="121.522804">
<ele>58.8</ele>
<time>2025-09-09T05:41:37Z</time>
</trkpt>
<trkpt lat="25.278415" lon="121.522753">
<ele>61.3</ele>
<time>2025-09-09T05:41:48Z</time>
</trkpt>
<trkpt lat="25.278368" lon="121.522799">
<ele>59.5</ele>
<time>2025-09-09T05:41:54Z</time>
</trkpt>
<trkpt lat="25.278383" lon="121.522737">
<ele>59.8</ele>
<time>2025-09-09T05:42:00Z</time>
</trkpt>
<trkpt lat="25.27842" lon="121.522641">
<ele>59.6</ele>
<time>2025-09-09T05:42:06Z</time>
</trkpt>
<trkpt lat="25.278423" lon="121.522539">
<ele>57.5</ele>
<time>2025-09-09T05:42:13Z</time>
</trkpt>
<trkpt lat="25.278479" lon="121.522483">
<ele>58.4</ele>
<time>2025-09-09T05:42:18Z</time>
</trkpt>
<trkpt lat="25.278515" lon="121.522436">
<ele>56.9</ele>
<time>2025-09-09T05:42:23Z</time>
</trkpt>
<trkpt lat="25.278551" lon="121.522393">
<ele>54.9</ele>
<time>2025-09-09T05:42:29Z</time>
</trkpt>
<trkpt lat="25.278581" lon="121.522346">
<ele>53.5</ele>
<time>2025-09-09T05:42:36Z</time>
</trkpt>
<trkpt lat="25.278612" lon="121.522301">
<ele>55.2</ele>
<time>2025-09-09T05:42:43Z</time>
</trkpt>
<trkpt lat="25.278643" lon="121.522249">
<ele>57.6</ele>
<time>2025-09-09T05:42:49Z</time>
</trkpt>
<trkpt lat="25.27866" lon="121.522193">
<ele>57.3</ele>
<time>2025-09-09T05:42:55Z</time>
</trkpt>
<trkpt lat="25.278635" lon="121.522133">
<ele>57.9</ele>
<time>2025-09-09T05:43:00Z</time>
</trkpt>
<trkpt lat="25.278618" lon="121.522085">
<ele>59.1</ele>
<time>2025-09-09T05:43:07Z</time>
</trkpt>
<trkpt lat="25.278591" lon="121.522033">
<ele>63.8</ele>
<time>2025-09-09T05:43:13Z</time>
</trkpt>
<trkpt lat="25.278545" lon="121.521993">
<ele>61.4</ele>
<time>2025-09-09T05:43:19Z</time>
</trkpt>
<trkpt lat="25.278506" lon="121.521968">
<ele>63.7</ele>
<time>2025-09-09T05:43:25Z</time>
</trkpt>
<trkpt lat="25.278446" lon="121.52195">
<ele>65.9</ele>
<time>2025-09-09T05:43:31Z</time>
</trkpt>
<trkpt lat="25.278397" lon="121.52195">
<ele>67.6</ele>
<time>2025-09-09T05:43:37Z</time>
</trkpt>
<trkpt lat="25.278351" lon="121.521975">
<ele>64.3</ele>
<time>2025-09-09T05:43:50Z</time>
</trkpt>
<trkpt lat="25.278335" lon="121.522034">
<ele>64.1</ele>
<time>2025-09-09T05:43:56Z</time>
</trkpt>
<trkpt lat="25.278332" lon="121.522087">
<ele>63.4</ele>
<time>2025-09-09T05:44:02Z</time>
</trkpt>
<trkpt lat="25.278378" lon="121.522082">
<ele>62.8</ele>
<time>2025-09-09T05:45:00Z</time>
</trkpt>
<trkpt lat="25.278346" lon="121.522032">
<ele>64.3</ele>
<time>2025-09-09T05:46:25Z</time>
</trkpt>
<trkpt lat="25.27835" lon="121.521977">
<ele>63.1</ele>
<time>2025-09-09T05:47:01Z</time>
</trkpt>
<trkpt lat="25.27837" lon="121.521922">
<ele>63.7</ele>
<time>2025-09-09T05:47:07Z</time>
</trkpt>
<trkpt lat="25.278381" lon="121.521873">
<ele>64.2</ele>
<time>2025-09-09T05:47:13Z</time>
</trkpt>
<trkpt lat="25.278362" lon="121.521809">
<ele>60.9</ele>
<time>2025-09-09T05:47:19Z</time>
</trkpt>
<trkpt lat="25.278344" lon="121.52176">
<ele>59.6</ele>
<time>2025-09-09T05:47:25Z</time>
</trkpt>
<trkpt lat="25.278347" lon="121.521704">
<ele>60.2</ele>
<time>2025-09-09T05:47:31Z</time>
</trkpt>
<trkpt lat="25.278333" lon="121.521649">
<ele>53.7</ele>
<time>2025-09-09T05:47:38Z</time>
</trkpt>
<trkpt lat="25.278269" lon="121.521605">
<ele>57.9</ele>
<time>2025-09-09T05:47:44Z</time>
</trkpt>
<trkpt lat="25.278245" lon="121.521553">
<ele>55.8</ele>
<time>2025-09-09T05:47:50Z</time>
</trkpt>
<trkpt lat="25.278219" lon="121.521483">
<ele>54.7</ele>
<time>2025-09-09T05:47:56Z</time>
</trkpt>
<trkpt lat="25.278195" lon="121.521438">
<ele>56.4</ele>
<time>2025-09-09T05:48:07Z</time>
</trkpt>
<trkpt lat="25.278226" lon="121.521371">
<ele>55.7</ele>
<time>2025-09-09T05:48:13Z</time>
</trkpt>
<trkpt lat="25.278241" lon="121.521295">
<ele>54.9</ele>
<time>2025-09-09T05:48:19Z</time>
</trkpt>
<trkpt lat="25.278182" lon="121.521304">
<ele>56</ele>
<time>2025-09-09T05:48:34Z</time>
</trkpt>
<trkpt lat="25.2782" lon="121.521362">
<ele>54.9</ele>
<time>2025-09-09T05:48:43Z</time>
</trkpt>
<trkpt lat="25.278259" lon="121.521317">
<ele>56.4</ele>
<time>2025-09-09T05:48:49Z</time>
</trkpt>
<trkpt lat="25.278259" lon="121.52137">
<ele>56.6</ele>
<time>2025-09-09T05:49:01Z</time>
</trkpt>
<trkpt lat="25.278304" lon="121.521401">
<ele>55.5</ele>
<time>2025-09-09T05:49:20Z</time>
</trkpt>
<trkpt lat="25.278295" lon="121.521454">
<ele>56.6</ele>
<time>2025-09-09T05:49:27Z</time>
</trkpt>
<trkpt lat="25.278328" lon="121.521401">
<ele>57.6</ele>
<time>2025-09-09T05:49:41Z</time>
</trkpt>
<trkpt lat="25.278373" lon="121.521336">
<ele>57.6</ele>
<time>2025-09-09T05:49:47Z</time>
</trkpt>
<trkpt lat="25.278411" lon="121.521304">
<ele>56.7</ele>
<time>2025-09-09T05:49:53Z</time>
</trkpt>
<trkpt lat="25.278446" lon="121.521269">
<ele>59</ele>
<time>2025-09-09T05:50:01Z</time>
</trkpt>
<trkpt lat="25.278483" lon="121.52122">
<ele>57.6</ele>
<time>2025-09-09T05:50:11Z</time>
</trkpt>
<trkpt lat="25.278542" lon="121.521179">
<ele>59.9</ele>
<time>2025-09-09T05:50:17Z</time>
</trkpt>
<trkpt lat="25.278589" lon="121.521157">
<ele>57.8</ele>
<time>2025-09-09T05:50:23Z</time>
</trkpt>
<trkpt lat="25.278622" lon="121.521115">
<ele>57.6</ele>
<time>2025-09-09T05:50:41Z</time>
</trkpt>
<trkpt lat="25.278576" lon="121.521156">
<ele>57.5</ele>
<time>2025-09-09T05:50:58Z</time>
</trkpt>
<trkpt lat="25.278525" lon="121.521194">
<ele>58.8</ele>
<time>2025-09-09T05:51:16Z</time>
</trkpt>
<trkpt lat="25.278481" lon="121.521233">
<ele>59.4</ele>
<time>2025-09-09T05:51:22Z</time>
</trkpt>
<trkpt lat="25.278446" lon="121.521285">
<ele>58.5</ele>
<time>2025-09-09T05:51:27Z</time>
</trkpt>
<trkpt lat="25.278413" lon="121.521325">
<ele>60.4</ele>
<time>2025-09-09T05:51:33Z</time>
</trkpt>
<trkpt lat="25.278363" lon="121.521361">
<ele>59.3</ele>
<time>2025-09-09T05:51:39Z</time>
</trkpt>
<trkpt lat="25.278317" lon="121.52134">
<ele>60.6</ele>
<time>2025-09-09T05:51:50Z</time>
</trkpt>
<trkpt lat="25.278284" lon="121.521275">
<ele>56.9</ele>
<time>2025-09-09T05:51:56Z</time>
</trkpt>
<trkpt lat="25.278264" lon="121.52123">
<ele>57.6</ele>
<time>2025-09-09T05:52:03Z</time>
</trkpt>
<trkpt lat="25.27823" lon="121.521277">
<ele>54.2</ele>
<time>2025-09-09T05:52:26Z</time>
</trkpt>
<trkpt lat="25.278218" lon="121.521226">
<ele>54.3</ele>
<time>2025-09-09T05:52:58Z</time>
</trkpt>
<trkpt lat="25.278259" lon="121.521202">
<ele>54.5</ele>
<time>2025-09-09T05:53:07Z</time>
</trkpt>
<trkpt lat="25.278326" lon="121.521101">
<ele>53.6</ele>
<time>2025-09-09T05:53:13Z</time>
</trkpt>
<trkpt lat="25.27828" lon="121.521033">
<ele>58.7</ele>
<time>2025-09-09T05:53:19Z</time>
</trkpt>
<trkpt lat="25.278281" lon="121.520977">
<ele>58.4</ele>
<time>2025-09-09T05:53:26Z</time>
</trkpt>
<trkpt lat="25.278301" lon="121.520931">
<ele>56.1</ele>
<time>2025-09-09T05:53:33Z</time>
</trkpt>
<trkpt lat="25.278325" lon="121.520882">
<ele>54.3</ele>
<time>2025-09-09T05:53:39Z</time>
</trkpt>
<trkpt lat="25.278326" lon="121.520822">
<ele>51.3</ele>
<time>2025-09-09T05:54:14Z</time>
</trkpt>
<trkpt lat="25.278365" lon="121.520779">
<ele>50.6</ele>
<time>2025-09-09T05:54:25Z</time>
</trkpt>
<trkpt lat="25.278401" lon="121.520749">
<ele>49.7</ele>
<time>2025-09-09T05:54:37Z</time>
</trkpt>
<trkpt lat="25.278439" lon="121.52071">
<ele>48.6</ele>
<time>2025-09-09T05:54:44Z</time>
</trkpt>
<trkpt lat="25.278475" lon="121.52068">
<ele>47.9</ele>
<time>2025-09-09T05:54:50Z</time>
</trkpt>
<trkpt lat="25.278521" lon="121.520646">
<ele>45.7</ele>
<time>2025-09-09T05:54:56Z</time>
</trkpt>
<trkpt lat="25.278568" lon="121.520627">
<ele>45.8</ele>
<time>2025-09-09T05:55:04Z</time>
</trkpt>
<trkpt lat="25.278605" lon="121.520589">
<ele>44</ele>
<time>2025-09-09T05:55:10Z</time>
</trkpt>
<trkpt lat="25.278689" lon="121.520608">
<ele>45.1</ele>
<time>2025-09-09T05:55:16Z</time>
</trkpt>
<trkpt lat="25.27875" lon="121.520576">
<ele>42.5</ele>
<time>2025-09-09T05:55:22Z</time>
</trkpt>
<trkpt lat="25.278792" lon="121.520542">
<ele>42.9</ele>
<time>2025-09-09T05:55:28Z</time>
</trkpt>
<trkpt lat="25.278862" lon="121.520506">
<ele>41.4</ele>
<time>2025-09-09T05:55:34Z</time>
</trkpt>
<trkpt lat="25.278909" lon="121.52046">
<ele>43.2</ele>
<time>2025-09-09T05:55:39Z</time>
</trkpt>
<trkpt lat="25.278947" lon="121.52042">
<ele>42.9</ele>
<time>2025-09-09T05:56:01Z</time>
</trkpt>
<trkpt lat="25.278997" lon="121.52039">
<ele>42.6</ele>
<time>2025-09-09T05:56:07Z</time>
</trkpt>
<trkpt lat="25.279031" lon="121.520343">
<ele>42.5</ele>
<time>2025-09-09T05:56:13Z</time>
</trkpt>
<trkpt lat="25.279088" lon="121.5203">
<ele>42.9</ele>
<time>2025-09-09T05:56:19Z</time>
</trkpt>
<trkpt lat="25.279157" lon="121.520267">
<ele>41.4</ele>
<time>2025-09-09T05:56:25Z</time>
</trkpt>
<trkpt lat="25.279214" lon="121.520242">
<ele>38.3</ele>
<time>2025-09-09T05:56:31Z</time>
</trkpt>
<trkpt lat="25.279262" lon="121.520202">
<ele>39.4</ele>
<time>2025-09-09T05:56:37Z</time>
</trkpt>
<trkpt lat="25.279333" lon="121.520148">
<ele>36.7</ele>
<time>2025-09-09T05:56:43Z</time>
</trkpt>
<trkpt lat="25.279392" lon="121.520122">
<ele>37.8</ele>
<time>2025-09-09T05:56:49Z</time>
</trkpt>
<trkpt lat="25.279352" lon="121.520152">
<ele>35.6</ele>
<time>2025-09-09T05:57:31Z</time>
</trkpt>
<trkpt lat="25.279333" lon="121.520101">
<ele>35.3</ele>
<time>2025-09-09T05:57:38Z</time>
</trkpt>
<trkpt lat="25.279329" lon="121.520043">
<ele>35.1</ele>
<time>2025-09-09T05:57:53Z</time>
</trkpt>
<trkpt lat="25.279323" lon="121.519988">
<ele>35.5</ele>
<time>2025-09-09T05:58:04Z</time>
</trkpt>
<trkpt lat="25.279306" lon="121.519939">
<ele>36.4</ele>
<time>2025-09-09T05:58:11Z</time>
</trkpt>
<trkpt lat="25.279277" lon="121.519899">
<ele>37.9</ele>
<time>2025-09-09T05:58:20Z</time>
</trkpt>
<trkpt lat="25.279249" lon="121.51986">
<ele>37.6</ele>
<time>2025-09-09T05:58:26Z</time>
</trkpt>
<trkpt lat="25.279197" lon="121.519831">
<ele>36.5</ele>
<time>2025-09-09T05:58:32Z</time>
</trkpt>
<trkpt lat="25.279149" lon="121.519801">
<ele>38.3</ele>
<time>2025-09-09T05:58:38Z</time>
</trkpt>
<trkpt lat="25.279095" lon="121.519791">
<ele>38.8</ele>
<time>2025-09-09T05:58:44Z</time>
</trkpt>
<trkpt lat="25.279047" lon="121.519791">
<ele>39.5</ele>
<time>2025-09-09T05:58:51Z</time>
</trkpt>
<trkpt lat="25.278985" lon="121.519816">
<ele>40.7</ele>
<time>2025-09-09T05:58:57Z</time>
</trkpt>
<trkpt lat="25.278925" lon="121.519852">
<ele>42.4</ele>
<time>2025-09-09T05:59:05Z</time>
</trkpt>
<trkpt lat="25.278873" lon="121.51985">
<ele>42.9</ele>
<time>2025-09-09T05:59:11Z</time>
</trkpt>
<trkpt lat="25.27883" lon="121.519913">
<ele>42.8</ele>
<time>2025-09-09T05:59:17Z</time>
</trkpt>
<trkpt lat="25.278773" lon="121.519844">
<ele>44.6</ele>
<time>2025-09-09T05:59:23Z</time>
</trkpt>
<trkpt lat="25.278725" lon="121.519876">
<ele>45.7</ele>
<time>2025-09-09T05:59:29Z</time>
</trkpt>
<trkpt lat="25.278765" lon="121.519921">
<ele>44.5</ele>
<time>2025-09-09T05:59:35Z</time>
</trkpt>
<trkpt lat="25.278722" lon="121.519956">
<ele>44.8</ele>
<time>2025-09-09T05:59:44Z</time>
</trkpt>
<trkpt lat="25.27864" lon="121.519945">
<ele>44.7</ele>
<time>2025-09-09T05:59:49Z</time>
</trkpt>
<trkpt lat="25.278585" lon="121.519911">
<ele>44.4</ele>
<time>2025-09-09T05:59:55Z</time>
</trkpt>
<trkpt lat="25.278523" lon="121.519915">
<ele>43.6</ele>
<time>2025-09-09T06:00:01Z</time>
</trkpt>
<trkpt lat="25.278471" lon="121.519909">
<ele>42.2</ele>
<time>2025-09-09T06:00:10Z</time>
</trkpt>
<trkpt lat="25.278397" lon="121.51992">
<ele>44.6</ele>
<time>2025-09-09T06:00:16Z</time>
</trkpt>
<trkpt lat="25.278329" lon="121.51995">
<ele>44.3</ele>
<time>2025-09-09T06:00:23Z</time>
</trkpt>
<trkpt lat="25.278284" lon="121.519964">
<ele>45.1</ele>
<time>2025-09-09T06:00:30Z</time>
</trkpt>
<trkpt lat="25.278223" lon="121.519963">
<ele>45.9</ele>
<time>2025-09-09T06:00:36Z</time>
</trkpt>
<trkpt lat="25.278183" lon="121.519908">
<ele>45.6</ele>
<time>2025-09-09T06:00:42Z</time>
</trkpt>
<trkpt lat="25.278132" lon="121.519907">
<ele>46.3</ele>
<time>2025-09-09T06:00:48Z</time>
</trkpt>
<trkpt lat="25.278085" lon="121.519875">
<ele>45</ele>
<time>2025-09-09T06:00:55Z</time>
</trkpt>
<trkpt lat="25.278046" lon="121.519903">
<ele>46.2</ele>
<time>2025-09-09T06:01:01Z</time>
</trkpt>
<trkpt lat="25.278005" lon="121.519932">
<ele>47.2</ele>
<time>2025-09-09T06:01:09Z</time>
</trkpt>
<trkpt lat="25.277957" lon="121.519942">
<ele>47.3</ele>
<time>2025-09-09T06:01:21Z</time>
</trkpt>
<trkpt lat="25.27794" lon="121.519882">
<ele>45.4</ele>
<time>2025-09-09T06:01:29Z</time>
</trkpt>
<trkpt lat="25.277941" lon="121.519818">
<ele>44.6</ele>
<time>2025-09-09T06:01:36Z</time>
</trkpt>
<trkpt lat="25.277925" lon="121.51977">
<ele>44.4</ele>
<time>2025-09-09T06:01:44Z</time>
</trkpt>
<trkpt lat="25.277878" lon="121.51977">
<ele>42.5</ele>
<time>2025-09-09T06:01:51Z</time>
</trkpt>
<trkpt lat="25.277816" lon="121.519759">
<ele>43.8</ele>
<time>2025-09-09T06:01:56Z</time>
</trkpt>
<trkpt lat="25.27779" lon="121.519702">
<ele>43.1</ele>
<time>2025-09-09T06:02:02Z</time>
</trkpt>
<trkpt lat="25.277755" lon="121.519637">
<ele>44</ele>
<time>2025-09-09T06:02:08Z</time>
</trkpt>
<trkpt lat="25.277679" lon="121.51961">
<ele>45.7</ele>
<time>2025-09-09T06:02:14Z</time>
</trkpt>
<trkpt lat="25.277627" lon="121.51959">
<ele>46.5</ele>
<time>2025-09-09T06:02:25Z</time>
</trkpt>
<trkpt lat="25.27757" lon="121.519558">
<ele>48.7</ele>
<time>2025-09-09T06:02:31Z</time>
</trkpt>
<trkpt lat="25.277504" lon="121.51954">
<ele>45.3</ele>
<time>2025-09-09T06:02:37Z</time>
</trkpt>
<trkpt lat="25.27748" lon="121.519475">
<ele>43.3</ele>
<time>2025-09-09T06:02:43Z</time>
</trkpt>
<trkpt lat="25.277453" lon="121.51943">
<ele>44</ele>
<time>2025-09-09T06:02:53Z</time>
</trkpt>
<trkpt lat="25.277396" lon="121.519424">
<ele>47.1</ele>
<time>2025-09-09T06:03:08Z</time>
</trkpt>
<trkpt lat="25.277383" lon="121.519375">
<ele>48.8</ele>
<time>2025-09-09T06:04:01Z</time>
</trkpt>
<trkpt lat="25.277422" lon="121.519348">
<ele>50.1</ele>
<time>2025-09-09T06:04:11Z</time>
</trkpt>
<trkpt lat="25.277378" lon="121.51937">
<ele>48.8</ele>
<time>2025-09-09T06:04:17Z</time>
</trkpt>
<trkpt lat="25.277329" lon="121.519367">
<ele>52.2</ele>
<time>2025-09-09T06:04:33Z</time>
</trkpt>
<trkpt lat="25.277278" lon="121.519382">
<ele>51</ele>
<time>2025-09-09T06:04:53Z</time>
</trkpt>
<trkpt lat="25.277232" lon="121.519424">
<ele>49.9</ele>
<time>2025-09-09T06:04:59Z</time>
</trkpt>
<trkpt lat="25.277157" lon="121.519442">
<ele>47.7</ele>
<time>2025-09-09T06:05:05Z</time>
</trkpt>
<trkpt lat="25.277107" lon="121.519488">
<ele>45.1</ele>
<time>2025-09-09T06:05:11Z</time>
</trkpt>
<trkpt lat="25.277059" lon="121.519519">
<ele>46.5</ele>
<time>2025-09-09T06:05:29Z</time>
</trkpt>
<trkpt lat="25.276994" lon="121.519554">
<ele>43.2</ele>
<time>2025-09-09T06:05:35Z</time>
</trkpt>
<trkpt lat="25.276941" lon="121.519588">
<ele>46.3</ele>
<time>2025-09-09T06:05:41Z</time>
</trkpt>
<trkpt lat="25.276933" lon="121.519538">
<ele>46.7</ele>
<time>2025-09-09T06:05:51Z</time>
</trkpt>
<trkpt lat="25.276876" lon="121.519516">
<ele>48.5</ele>
<time>2025-09-09T06:05:58Z</time>
</trkpt>
<trkpt lat="25.27682" lon="121.519571">
<ele>46.6</ele>
<time>2025-09-09T06:06:03Z</time>
</trkpt>
<trkpt lat="25.276774" lon="121.519551">
<ele>50.4</ele>
<time>2025-09-09T06:06:10Z</time>
</trkpt>
<trkpt lat="25.276752" lon="121.519503">
<ele>49.7</ele>
<time>2025-09-09T06:06:17Z</time>
</trkpt>
<trkpt lat="25.276713" lon="121.519469">
<ele>50.9</ele>
<time>2025-09-09T06:06:26Z</time>
</trkpt>
<trkpt lat="25.276683" lon="121.519431">
<ele>55.7</ele>
<time>2025-09-09T06:06:34Z</time>
</trkpt>
<trkpt lat="25.276694" lon="121.519493">
<ele>52</ele>
<time>2025-09-09T06:07:29Z</time>
</trkpt>
<trkpt lat="25.276679" lon="121.519564">
<ele>54.3</ele>
<time>2025-09-09T06:07:35Z</time>
</trkpt>
<trkpt lat="25.276651" lon="121.519603">
<ele>50.6</ele>
<time>2025-09-09T06:07:42Z</time>
</trkpt>
<trkpt lat="25.276604" lon="121.519632">
<ele>49.7</ele>
<time>2025-09-09T06:07:48Z</time>
</trkpt>
<trkpt lat="25.276556" lon="121.519668">
<ele>48.1</ele>
<time>2025-09-09T06:07:54Z</time>
</trkpt>
<trkpt lat="25.276493" lon="121.519696">
<ele>48.7</ele>
<time>2025-09-09T06:08:00Z</time>
</trkpt>
<trkpt lat="25.276448" lon="121.519728">
<ele>50.9</ele>
<time>2025-09-09T06:08:07Z</time>
</trkpt>
<trkpt lat="25.276445" lon="121.519782">
<ele>54.3</ele>
<time>2025-09-09T06:08:15Z</time>
</trkpt>
<trkpt lat="25.276404" lon="121.519804">
<ele>50.2</ele>
<time>2025-09-09T06:08:30Z</time>
</trkpt>
<trkpt lat="25.276368" lon="121.519845">
<ele>51.4</ele>
<time>2025-09-09T06:08:37Z</time>
</trkpt>
<trkpt lat="25.276302" lon="121.519846">
<ele>47.3</ele>
<time>2025-09-09T06:08:43Z</time>
</trkpt>
<trkpt lat="25.276262" lon="121.519874">
<ele>48.5</ele>
<time>2025-09-09T06:08:49Z</time>
</trkpt>
<trkpt lat="25.276212" lon="121.519881">
<ele>49.8</ele>
<time>2025-09-09T06:08:55Z</time>
</trkpt>
<trkpt lat="25.276168" lon="121.51989">
<ele>50.5</ele>
<time>2025-09-09T06:09:08Z</time>
</trkpt>
<trkpt lat="25.276115" lon="121.519905">
<ele>53.6</ele>
<time>2025-09-09T06:09:14Z</time>
</trkpt>
<trkpt lat="25.276092" lon="121.519956">
<ele>51.1</ele>
<time>2025-09-09T06:09:29Z</time>
</trkpt>
<trkpt lat="25.276063" lon="121.520006">
<ele>51.8</ele>
<time>2025-09-09T06:09:45Z</time>
</trkpt>
<trkpt lat="25.276057" lon="121.520064">
<ele>52.8</ele>
<time>2025-09-09T06:09:59Z</time>
</trkpt>
<trkpt lat="25.276101" lon="121.520089">
<ele>52.8</ele>
<time>2025-09-09T06:10:53Z</time>
</trkpt>
<trkpt lat="25.276149" lon="121.520102">
<ele>53.5</ele>
<time>2025-09-09T06:11:14Z</time>
</trkpt>
<trkpt lat="25.276111" lon="121.520059">
<ele>53.4</ele>
<time>2025-09-09T06:11:20Z</time>
</trkpt>
<trkpt lat="25.27608" lon="121.520016">
<ele>53.4</ele>
<time>2025-09-09T06:11:34Z</time>
</trkpt>
<trkpt lat="25.276113" lon="121.520053">
<ele>53.7</ele>
<time>2025-09-09T06:11:46Z</time>
</trkpt>
<trkpt lat="25.276071" lon="121.520001">
<ele>53.8</ele>
<time>2025-09-09T06:11:56Z</time>
</trkpt>
<trkpt lat="25.276061" lon="121.520104">
<ele>54.6</ele>
<time>2025-09-09T06:12:11Z</time>
</trkpt>
<trkpt lat="25.276114" lon="121.520192">
<ele>55.8</ele>
<time>2025-09-09T06:12:16Z</time>
</trkpt>
<trkpt lat="25.276069" lon="121.520168">
<ele>57.5</ele>
<time>2025-09-09T06:12:22Z</time>
</trkpt>
<trkpt lat="25.276019" lon="121.520163">
<ele>58</ele>
<time>2025-09-09T06:12:46Z</time>
</trkpt>
<trkpt lat="25.275991" lon="121.520205">
<ele>57.8</ele>
<time>2025-09-09T06:12:52Z</time>
</trkpt>
<trkpt lat="25.27597" lon="121.520252">
<ele>58.5</ele>
<time>2025-09-09T06:12:58Z</time>
</trkpt>
<trkpt lat="25.275965" lon="121.520317">
<ele>59.5</ele>
<time>2025-09-09T06:13:04Z</time>
</trkpt>
<trkpt lat="25.276038" lon="121.520335">
<ele>60.6</ele>
<time>2025-09-09T06:13:12Z</time>
</trkpt>
<trkpt lat="25.275965" lon="121.52035">
<ele>61.1</ele>
<time>2025-09-09T06:13:18Z</time>
</trkpt>
<trkpt lat="25.275919" lon="121.520338">
<ele>61.6</ele>
<time>2025-09-09T06:13:28Z</time>
</trkpt>
<trkpt lat="25.27591" lon="121.520398">
<ele>62.1</ele>
<time>2025-09-09T06:13:34Z</time>
</trkpt>
<trkpt lat="25.275866" lon="121.520455">
<ele>62.7</ele>
<time>2025-09-09T06:13:43Z</time>
</trkpt>
<trkpt lat="25.275983" lon="121.520443">
<ele>62.4</ele>
<time>2025-09-09T06:13:48Z</time>
</trkpt>
<trkpt lat="25.276002" lon="121.520503">
<ele>63.1</ele>
<time>2025-09-09T06:14:00Z</time>
</trkpt>
<trkpt lat="25.276073" lon="121.520496">
<ele>63.8</ele>
<time>2025-09-09T06:14:06Z</time>
</trkpt>
<trkpt lat="25.27599" lon="121.520501">
<ele>64</ele>
<time>2025-09-09T06:14:12Z</time>
</trkpt>
<trkpt lat="25.275955" lon="121.520444">
<ele>62.8</ele>
<time>2025-09-09T06:14:21Z</time>
</trkpt>
<trkpt lat="25.275894" lon="121.520458">
<ele>63.2</ele>
<time>2025-09-09T06:14:27Z</time>
</trkpt>
<trkpt lat="25.275854" lon="121.520434">
<ele>61.7</ele>
<time>2025-09-09T06:14:58Z</time>
</trkpt>
<trkpt lat="25.275893" lon="121.520459">
<ele>62.7</ele>
<time>2025-09-09T06:15:35Z</time>
</trkpt>
<trkpt lat="25.275898" lon="121.520394">
<ele>64.7</ele>
<time>2025-09-09T06:16:12Z</time>
</trkpt>
<trkpt lat="25.275863" lon="121.520313">
<ele>63</ele>
<time>2025-09-09T06:16:18Z</time>
</trkpt>
<trkpt lat="25.275807" lon="121.520272">
<ele>61.1</ele>
<time>2025-09-09T06:16:24Z</time>
</trkpt>
<trkpt lat="25.275737" lon="121.520215">
<ele>61.7</ele>
<time>2025-09-09T06:16:30Z</time>
</trkpt>
<trkpt lat="25.275672" lon="121.520162">
<ele>60.9</ele>
<time>2025-09-09T06:16:36Z</time>
</trkpt>
<trkpt lat="25.275638" lon="121.520079">
<ele>61.1</ele>
<time>2025-09-09T06:16:41Z</time>
</trkpt>
<trkpt lat="25.275631" lon="121.520027">
<ele>58.6</ele>
<time>2025-09-09T06:16:56Z</time>
</trkpt>
<trkpt lat="25.275563" lon="121.520037">
<ele>56.7</ele>
<time>2025-09-09T06:17:02Z</time>
</trkpt>
<trkpt lat="25.275472" lon="121.520085">
<ele>56</ele>
<time>2025-09-09T06:17:08Z</time>
</trkpt>
<trkpt lat="25.275402" lon="121.520152">
<ele>55.7</ele>
<time>2025-09-09T06:17:14Z</time>
</trkpt>
<trkpt lat="25.275345" lon="121.520196">
<ele>55.6</ele>
<time>2025-09-09T06:17:20Z</time>
</trkpt>
<trkpt lat="25.27528" lon="121.520247">
<ele>56.2</ele>
<time>2025-09-09T06:17:26Z</time>
</trkpt>
<trkpt lat="25.275228" lon="121.520254">
<ele>56.2</ele>
<time>2025-09-09T06:17:32Z</time>
</trkpt>
<trkpt lat="25.275181" lon="121.520261">
<ele>56.6</ele>
<time>2025-09-09T06:17:38Z</time>
</trkpt>
<trkpt lat="25.275115" lon="121.520279">
<ele>56.4</ele>
<time>2025-09-09T06:17:44Z</time>
</trkpt>
<trkpt lat="25.275052" lon="121.520282">
<ele>57.4</ele>
<time>2025-09-09T06:17:50Z</time>
</trkpt>
<trkpt lat="25.274997" lon="121.520268">
<ele>56.8</ele>
<time>2025-09-09T06:17:56Z</time>
</trkpt>
<trkpt lat="25.274932" lon="121.520263">
<ele>56.9</ele>
<time>2025-09-09T06:18:02Z</time>
</trkpt>
<trkpt lat="25.274869" lon="121.520265">
<ele>58</ele>
<time>2025-09-09T06:18:08Z</time>
</trkpt>
<trkpt lat="25.274798" lon="121.520271">
<ele>57.8</ele>
<time>2025-09-09T06:18:14Z</time>
</trkpt>
<trkpt lat="25.274737" lon="121.520281">
<ele>57.5</ele>
<time>2025-09-09T06:18:20Z</time>
</trkpt>
<trkpt lat="25.274673" lon="121.52028">
<ele>58.2</ele>
<time>2025-09-09T06:18:26Z</time>
</trkpt>
<trkpt lat="25.274627" lon="121.520292">
<ele>58.6</ele>
<time>2025-09-09T06:18:32Z</time>
</trkpt>
<trkpt lat="25.274578" lon="121.520313">
<ele>58.7</ele>
<time>2025-09-09T06:18:38Z</time>
</trkpt>
<trkpt lat="25.274527" lon="121.520309">
<ele>58.8</ele>
<time>2025-09-09T06:18:44Z</time>
</trkpt>
<trkpt lat="25.274471" lon="121.520328">
<ele>58.9</ele>
<time>2025-09-09T06:18:50Z</time>
</trkpt>
<trkpt lat="25.274443" lon="121.520382">
<ele>58.8</ele>
<time>2025-09-09T06:18:56Z</time>
</trkpt>
<trkpt lat="25.274394" lon="121.520425">
<ele>58.5</ele>
<time>2025-09-09T06:19:02Z</time>
</trkpt>
<trkpt lat="25.274341" lon="121.520433">
<ele>59</ele>
<time>2025-09-09T06:19:28Z</time>
</trkpt>
<trkpt lat="25.274369" lon="121.520383">
<ele>60.5</ele>
<time>2025-09-09T06:20:19Z</time>
</trkpt>
<trkpt lat="25.274384" lon="121.520333">
<ele>61.6</ele>
<time>2025-09-09T06:20:30Z</time>
</trkpt>
<trkpt lat="25.274365" lon="121.520387">
<ele>61.6</ele>
<time>2025-09-09T06:20:37Z</time>
</trkpt>
<trkpt lat="25.27437" lon="121.520445">
<ele>61</ele>
<time>2025-09-09T06:20:43Z</time>
</trkpt>
<trkpt lat="25.274414" lon="121.520424">
<ele>60.3</ele>
<time>2025-09-09T06:20:49Z</time>
</trkpt>
<trkpt lat="25.27444" lon="121.520347">
<ele>60.3</ele>
<time>2025-09-09T06:21:00Z</time>
</trkpt>
<trkpt lat="25.274484" lon="121.520366">
<ele>59.9</ele>
<time>2025-09-09T06:21:07Z</time>
</trkpt>
<trkpt lat="25.274511" lon="121.520321">
<ele>59</ele>
<time>2025-09-09T06:21:19Z</time>
</trkpt>
<trkpt lat="25.274558" lon="121.520295">
<ele>58.9</ele>
<time>2025-09-09T06:21:45Z</time>
</trkpt>
<trkpt lat="25.274615" lon="121.520269">
<ele>59.2</ele>
<time>2025-09-09T06:21:51Z</time>
</trkpt>
<trkpt lat="25.274673" lon="121.520289">
<ele>59.1</ele>
<time>2025-09-09T06:21:58Z</time>
</trkpt>
<trkpt lat="25.274734" lon="121.520287">
<ele>59.6</ele>
<time>2025-09-09T06:22:04Z</time>
</trkpt>
<trkpt lat="25.274786" lon="121.520303">
<ele>59.9</ele>
<time>2025-09-09T06:22:10Z</time>
</trkpt>
<trkpt lat="25.274836" lon="121.520297">
<ele>59.7</ele>
<time>2025-09-09T06:22:16Z</time>
</trkpt>
<trkpt lat="25.274892" lon="121.520298">
<ele>59.7</ele>
<time>2025-09-09T06:22:22Z</time>
</trkpt>
<trkpt lat="25.274949" lon="121.520296">
<ele>59.4</ele>
<time>2025-09-09T06:22:28Z</time>
</trkpt>
<trkpt lat="25.275004" lon="121.520295">
<ele>59.5</ele>
<time>2025-09-09T06:22:34Z</time>
</trkpt>
<trkpt lat="25.275056" lon="121.520291">
<ele>59.7</ele>
<time>2025-09-09T06:22:40Z</time>
</trkpt>
<trkpt lat="25.275118" lon="121.520287">
<ele>59</ele>
<time>2025-09-09T06:22:46Z</time>
</trkpt>
<trkpt lat="25.275176" lon="121.520268">
<ele>59.5</ele>
<time>2025-09-09T06:22:51Z</time>
</trkpt>
<trkpt lat="25.27523" lon="121.520266">
<ele>59.6</ele>
<time>2025-09-09T06:22:57Z</time>
</trkpt>
<trkpt lat="25.275278" lon="121.52024">
<ele>59.1</ele>
<time>2025-09-09T06:23:04Z</time>
</trkpt>
<trkpt lat="25.27533" lon="121.520215">
<ele>58.4</ele>
<time>2025-09-09T06:23:10Z</time>
</trkpt>
<trkpt lat="25.275375" lon="121.52018">
<ele>58</ele>
<time>2025-09-09T06:23:16Z</time>
</trkpt>
<trkpt lat="25.275406" lon="121.520143">
<ele>57.8</ele>
<time>2025-09-09T06:23:23Z</time>
</trkpt>
<trkpt lat="25.275462" lon="121.520116">
<ele>58.1</ele>
<time>2025-09-09T06:23:29Z</time>
</trkpt>
<trkpt lat="25.275525" lon="121.520083">
<ele>57.9</ele>
<time>2025-09-09T06:23:35Z</time>
</trkpt>
<trkpt lat="25.275556" lon="121.520034">
<ele>58</ele>
<time>2025-09-09T06:23:42Z</time>
</trkpt>
<trkpt lat="25.275566" lon="121.519985">
<ele>57.8</ele>
<time>2025-09-09T06:23:55Z</time>
</trkpt>
<trkpt lat="25.275549" lon="121.519925">
<ele>57.7</ele>
<time>2025-09-09T06:24:01Z</time>
</trkpt>
<trkpt lat="25.275542" lon="121.519867">
<ele>57.6</ele>
<time>2025-09-09T06:24:07Z</time>
</trkpt>
<trkpt lat="25.275554" lon="121.519816">
<ele>58.7</ele>
<time>2025-09-09T06:24:15Z</time>
</trkpt>
<trkpt lat="25.275573" lon="121.519765">
<ele>58.6</ele>
<time>2025-09-09T06:24:22Z</time>
</trkpt>
<trkpt lat="25.275576" lon="121.519711">
<ele>58.6</ele>
<time>2025-09-09T06:24:28Z</time>
</trkpt>
<trkpt lat="25.275623" lon="121.519697">
<ele>60.1</ele>
<time>2025-09-09T06:24:35Z</time>
</trkpt>
<trkpt lat="25.275667" lon="121.51971">
<ele>61.2</ele>
<time>2025-09-09T06:24:45Z</time>
</trkpt>
<trkpt lat="25.275704" lon="121.519677">
<ele>61.1</ele>
<time>2025-09-09T06:25:02Z</time>
</trkpt>
<trkpt lat="25.275656" lon="121.519689">
<ele>61.4</ele>
<time>2025-09-09T06:25:26Z</time>
</trkpt>
<trkpt lat="25.275585" lon="121.519665">
<ele>60.1</ele>
<time>2025-09-09T06:25:32Z</time>
</trkpt>
<trkpt lat="25.275536" lon="121.519611">
<ele>60.7</ele>
<time>2025-09-09T06:25:38Z</time>
</trkpt>
<trkpt lat="25.275526" lon="121.519556">
<ele>60.5</ele>
<time>2025-09-09T06:25:45Z</time>
</trkpt>
<trkpt lat="25.275538" lon="121.519502">
<ele>61.4</ele>
<time>2025-09-09T06:25:51Z</time>
</trkpt>
<trkpt lat="25.275519" lon="121.519441">
<ele>60.7</ele>
<time>2025-09-09T06:25:57Z</time>
</trkpt>
<trkpt lat="25.275526" lon="121.519385">
<ele>61.2</ele>
<time>2025-09-09T06:26:03Z</time>
</trkpt>
<trkpt lat="25.27554" lon="121.519334">
<ele>62.1</ele>
<time>2025-09-09T06:26:10Z</time>
</trkpt>
<trkpt lat="25.275543" lon="121.519275">
<ele>62.6</ele>
<time>2025-09-09T06:26:16Z</time>
</trkpt>
<trkpt lat="25.27555" lon="121.519216">
<ele>63</ele>
<time>2025-09-09T06:26:23Z</time>
</trkpt>
<trkpt lat="25.275533" lon="121.519163">
<ele>63.2</ele>
<time>2025-09-09T06:26:29Z</time>
</trkpt>
<trkpt lat="25.275528" lon="121.519108">
<ele>63.7</ele>
<time>2025-09-09T06:26:35Z</time>
</trkpt>
<trkpt lat="25.275526" lon="121.519047">
<ele>64</ele>
<time>2025-09-09T06:26:41Z</time>
</trkpt>
<trkpt lat="25.275543" lon="121.518992">
<ele>64.4</ele>
<time>2025-09-09T06:26:47Z</time>
</trkpt>
<trkpt lat="25.275574" lon="121.518949">
<ele>64.5</ele>
<time>2025-09-09T06:26:53Z</time>
</trkpt>
<trkpt lat="25.275609" lon="121.518917">
<ele>62.3</ele>
<time>2025-09-09T06:27:26Z</time>
</trkpt>
<trkpt lat="25.275652" lon="121.518893">
<ele>62.3</ele>
<time>2025-09-09T06:27:41Z</time>
</trkpt>
<trkpt lat="25.275687" lon="121.518947">
<ele>62</ele>
<time>2025-09-09T06:27:49Z</time>
</trkpt>
<trkpt lat="25.275731" lon="121.518933">
<ele>62.1</ele>
<time>2025-09-09T06:28:05Z</time>
</trkpt>
<trkpt lat="25.275729" lon="121.518986">
<ele>63.8</ele>
<time>2025-09-09T06:28:22Z</time>
</trkpt>
<trkpt lat="25.275778" lon="121.519001">
<ele>62.2</ele>
<time>2025-09-09T06:28:36Z</time>
</trkpt>
<trkpt lat="25.275817" lon="121.519036">
<ele>62.2</ele>
<time>2025-09-09T06:29:06Z</time>
</trkpt>
<trkpt lat="25.275828" lon="121.519085">
<ele>62.2</ele>
<time>2025-09-09T06:29:14Z</time>
</trkpt>
<trkpt lat="25.275872" lon="121.519105">
<ele>62.9</ele>
<time>2025-09-09T06:29:26Z</time>
</trkpt>
<trkpt lat="25.275846" lon="121.519051">
<ele>61.9</ele>
<time>2025-09-09T06:29:56Z</time>
</trkpt>
<trkpt lat="25.275898" lon="121.519041">
<ele>61.5</ele>
<time>2025-09-09T06:30:58Z</time>
</trkpt>
<trkpt lat="25.275919" lon="121.518995">
<ele>61.8</ele>
<time>2025-09-09T06:31:10Z</time>
</trkpt>
<trkpt lat="25.275909" lon="121.519047">
<ele>61.3</ele>
<time>2025-09-09T06:31:28Z</time>
</trkpt>
<trkpt lat="25.275959" lon="121.519041">
<ele>61.1</ele>
<time>2025-09-09T06:32:00Z</time>
</trkpt>
<trkpt lat="25.275975" lon="121.518963">
<ele>59.5</ele>
<time>2025-09-09T06:32:06Z</time>
</trkpt>
<trkpt lat="25.276034" lon="121.518938">
<ele>59.5</ele>
<time>2025-09-09T06:32:18Z</time>
</trkpt>
<trkpt lat="25.276078" lon="121.518908">
<ele>60.4</ele>
<time>2025-09-09T06:32:24Z</time>
</trkpt>
<trkpt lat="25.276105" lon="121.518865">
<ele>60.2</ele>
<time>2025-09-09T06:32:33Z</time>
</trkpt>
<trkpt lat="25.276146" lon="121.518837">
<ele>59.6</ele>
<time>2025-09-09T06:32:43Z</time>
</trkpt>
<trkpt lat="25.276187" lon="121.518807">
<ele>58.2</ele>
<time>2025-09-09T06:32:55Z</time>
</trkpt>
<trkpt lat="25.276198" lon="121.518758">
<ele>57.9</ele>
<time>2025-09-09T06:33:09Z</time>
</trkpt>
<trkpt lat="25.276189" lon="121.518692">
<ele>58.7</ele>
<time>2025-09-09T06:33:15Z</time>
</trkpt>
<trkpt lat="25.276224" lon="121.518659">
<ele>58.4</ele>
<time>2025-09-09T06:33:22Z</time>
</trkpt>
<trkpt lat="25.276251" lon="121.518616">
<ele>58.8</ele>
<time>2025-09-09T06:33:30Z</time>
</trkpt>
<trkpt lat="25.276297" lon="121.5186">
<ele>59.5</ele>
<time>2025-09-09T06:33:36Z</time>
</trkpt>
<trkpt lat="25.276326" lon="121.518561">
<ele>58.8</ele>
<time>2025-09-09T06:33:43Z</time>
</trkpt>
<trkpt lat="25.27637" lon="121.518543">
<ele>58.6</ele>
<time>2025-09-09T06:33:54Z</time>
</trkpt>
<trkpt lat="25.276413" lon="121.518583">
<ele>58.9</ele>
<time>2025-09-09T06:34:04Z</time>
</trkpt>
<trkpt lat="25.276437" lon="121.518541">
<ele>57.3</ele>
<time>2025-09-09T06:34:14Z</time>
</trkpt>
<trkpt lat="25.276487" lon="121.518528">
<ele>59.1</ele>
<time>2025-09-09T06:34:32Z</time>
</trkpt>
<trkpt lat="25.276511" lon="121.51857">
<ele>58.6</ele>
<time>2025-09-09T06:34:43Z</time>
</trkpt>
<trkpt lat="25.276536" lon="121.518614">
<ele>58.9</ele>
<time>2025-09-09T06:35:08Z</time>
</trkpt>
<trkpt lat="25.276579" lon="121.518598">
<ele>58.6</ele>
<time>2025-09-09T06:35:37Z</time>
</trkpt>
<trkpt lat="25.276624" lon="121.518611">
<ele>58.8</ele>
<time>2025-09-09T06:35:54Z</time>
</trkpt>
<trkpt lat="25.276669" lon="121.51861">
<ele>56.8</ele>
<time>2025-09-09T06:36:16Z</time>
</trkpt>
<trkpt lat="25.276714" lon="121.518643">
<ele>57.3</ele>
<time>2025-09-09T06:36:30Z</time>
</trkpt>
<trkpt lat="25.276756" lon="121.518599">
<ele>56.1</ele>
<time>2025-09-09T06:36:36Z</time>
</trkpt>
<trkpt lat="25.276803" lon="121.518615">
<ele>56.2</ele>
<time>2025-09-09T06:36:44Z</time>
</trkpt>
<trkpt lat="25.276849" lon="121.518606">
<ele>53.9</ele>
<time>2025-09-09T06:36:55Z</time>
</trkpt>
<trkpt lat="25.276899" lon="121.518606">
<ele>55.4</ele>
<time>2025-09-09T06:37:02Z</time>
</trkpt>
<trkpt lat="25.276941" lon="121.518635">
<ele>55.3</ele>
<time>2025-09-09T06:37:12Z</time>
</trkpt>
<trkpt lat="25.276988" lon="121.518647">
<ele>53.9</ele>
<time>2025-09-09T06:37:46Z</time>
</trkpt>
<trkpt lat="25.277022" lon="121.518696">
<ele>57.3</ele>
<time>2025-09-09T06:37:58Z</time>
</trkpt>
<trkpt lat="25.277068" lon="121.518704">
<ele>57.4</ele>
<time>2025-09-09T06:38:06Z</time>
</trkpt>
<trkpt lat="25.277113" lon="121.51869">
<ele>57.2</ele>
<time>2025-09-09T06:38:13Z</time>
</trkpt>
<trkpt lat="25.277145" lon="121.518727">
<ele>55</ele>
<time>2025-09-09T06:38:33Z</time>
</trkpt>
<trkpt lat="25.277185" lon="121.518691">
<ele>55</ele>
<time>2025-09-09T06:38:59Z</time>
</trkpt>
<trkpt lat="25.277196" lon="121.518828">
<ele>55.7</ele>
<time>2025-09-09T06:39:31Z</time>
</trkpt>
<trkpt lat="25.277212" lon="121.518767">
<ele>54.1</ele>
<time>2025-09-09T06:39:49Z</time>
</trkpt>
<trkpt lat="25.277245" lon="121.518722">
<ele>54</ele>
<time>2025-09-09T06:39:58Z</time>
</trkpt>
<trkpt lat="25.277201" lon="121.518753">
<ele>54.5</ele>
<time>2025-09-09T06:40:11Z</time>
</trkpt>
<trkpt lat="25.277235" lon="121.518716">
<ele>55.1</ele>
<time>2025-09-09T06:40:33Z</time>
</trkpt>
<trkpt lat="25.277208" lon="121.518671">
<ele>54.9</ele>
<time>2025-09-09T06:40:39Z</time>
</trkpt>
<trkpt lat="25.277219" lon="121.518622">
<ele>57.5</ele>
<time>2025-09-09T06:40:49Z</time>
</trkpt>
<trkpt lat="25.277196" lon="121.518579">
<ele>58.8</ele>
<time>2025-09-09T06:40:56Z</time>
</trkpt>
<trkpt lat="25.277181" lon="121.518525">
<ele>58.7</ele>
<time>2025-09-09T06:41:03Z</time>
</trkpt>
<trkpt lat="25.277204" lon="121.518481">
<ele>56.7</ele>
<time>2025-09-09T06:41:08Z</time>
</trkpt>
<trkpt lat="25.2772" lon="121.518411">
<ele>57.6</ele>
<time>2025-09-09T06:41:14Z</time>
</trkpt>
<trkpt lat="25.277265" lon="121.518408">
<ele>56.2</ele>
<time>2025-09-09T06:41:21Z</time>
</trkpt>
<trkpt lat="25.2773" lon="121.518366">
<ele>57.2</ele>
<time>2025-09-09T06:41:28Z</time>
</trkpt>
<trkpt lat="25.277382" lon="121.518344">
<ele>56.7</ele>
<time>2025-09-09T06:41:34Z</time>
</trkpt>
<trkpt lat="25.277474" lon="121.518363">
<ele>55.5</ele>
<time>2025-09-09T06:41:40Z</time>
</trkpt>
<trkpt lat="25.27752" lon="121.518393">
<ele>54.2</ele>
<time>2025-09-09T06:41:48Z</time>
</trkpt>
<trkpt lat="25.277569" lon="121.518387">
<ele>55.9</ele>
<time>2025-09-09T06:41:54Z</time>
</trkpt>
<trkpt lat="25.277619" lon="121.518392">
<ele>56.8</ele>
<time>2025-09-09T06:42:01Z</time>
</trkpt>
<trkpt lat="25.277666" lon="121.518341">
<ele>55.4</ele>
<time>2025-09-09T06:42:07Z</time>
</trkpt>
<trkpt lat="25.277701" lon="121.518306">
<ele>52.8</ele>
<time>2025-09-09T06:42:25Z</time>
</trkpt>
<trkpt lat="25.277747" lon="121.518296">
<ele>53.1</ele>
<time>2025-09-09T06:42:31Z</time>
</trkpt>
<trkpt lat="25.277796" lon="121.518285">
<ele>53.2</ele>
<time>2025-09-09T06:42:38Z</time>
</trkpt>
<trkpt lat="25.277836" lon="121.518241">
<ele>53.1</ele>
<time>2025-09-09T06:42:46Z</time>
</trkpt>
<trkpt lat="25.277831" lon="121.518118">
<ele>51.8</ele>
<time>2025-09-09T06:42:52Z</time>
</trkpt>
<trkpt lat="25.277792" lon="121.518065">
<ele>51.3</ele>
<time>2025-09-09T06:42:58Z</time>
</trkpt>
<trkpt lat="25.277809" lon="121.518118">
<ele>53.2</ele>
<time>2025-09-09T06:43:04Z</time>
</trkpt>
<trkpt lat="25.277845" lon="121.518169">
<ele>52.4</ele>
<time>2025-09-09T06:43:10Z</time>
</trkpt>
<trkpt lat="25.277893" lon="121.518208">
<ele>53.1</ele>
<time>2025-09-09T06:43:28Z</time>
</trkpt>
<trkpt lat="25.277919" lon="121.518255">
<ele>53.5</ele>
<time>2025-09-09T06:43:38Z</time>
</trkpt>
<trkpt lat="25.277955" lon="121.518212">
<ele>53.9</ele>
<time>2025-09-09T06:43:45Z</time>
</trkpt>
<trkpt lat="25.2779" lon="121.518223">
<ele>52.7</ele>
<time>2025-09-09T06:43:51Z</time>
</trkpt>
<trkpt lat="25.277872" lon="121.518178">
<ele>54.4</ele>
<time>2025-09-09T06:44:21Z</time>
</trkpt>
<trkpt lat="25.277892" lon="121.518224">
<ele>52.3</ele>
<time>2025-09-09T06:45:02Z</time>
</trkpt>
<trkpt lat="25.277936" lon="121.518247">
<ele>53.5</ele>
<time>2025-09-09T06:45:13Z</time>
</trkpt>
<trkpt lat="25.277891" lon="121.518259">
<ele>53.4</ele>
<time>2025-09-09T06:45:24Z</time>
</trkpt>
<trkpt lat="25.277889" lon="121.518315">
<ele>52.2</ele>
<time>2025-09-09T06:46:15Z</time>
</trkpt>
<trkpt lat="25.277878" lon="121.518263">
<ele>51.6</ele>
<time>2025-09-09T06:46:29Z</time>
</trkpt>
<trkpt lat="25.277928" lon="121.518209">
<ele>52.5</ele>
<time>2025-09-09T06:46:40Z</time>
</trkpt>
<trkpt lat="25.277906" lon="121.518255">
<ele>52.1</ele>
<time>2025-09-09T06:46:49Z</time>
</trkpt>
<trkpt lat="25.277945" lon="121.518229">
<ele>53.2</ele>
<time>2025-09-09T06:48:04Z</time>
</trkpt>
<trkpt lat="25.277998" lon="121.518197">
<ele>52.4</ele>
<time>2025-09-09T06:48:10Z</time>
</trkpt>
<trkpt lat="25.27794" lon="121.518218">
<ele>52.5</ele>
<time>2025-09-09T06:48:49Z</time>
</trkpt>
<trkpt lat="25.277983" lon="121.518183">
<ele>52.1</ele>
<time>2025-09-09T06:49:42Z</time>
</trkpt>
<trkpt lat="25.277928" lon="121.518197">
<ele>51.8</ele>
<time>2025-09-09T06:49:59Z</time>
</trkpt>
<trkpt lat="25.277949" lon="121.518244">
<ele>53</ele>
<time>2025-09-09T06:51:47Z</time>
</trkpt>
<trkpt lat="25.277995" lon="121.518272">
<ele>54</ele>
<time>2025-09-09T06:52:06Z</time>
</trkpt>
<trkpt lat="25.277938" lon="121.518211">
<ele>55</ele>
<time>2025-09-09T06:52:18Z</time>
</trkpt>
<trkpt lat="25.277271" lon="121.517363">
<ele>55.9</ele>
<time>2025-09-09T06:52:32Z</time>
</trkpt>
</trkseg>
</trk>
</gpx>
